Spotify URI,Voter ID,Created,Points Assigned,Comment,Round ID
spotify:track:04vGO36ZMrGzqNjTVdopHL,09d7b2211f8d45b9a19b66c646fff9df,2025-07-29T04:28:27Z,-1,,ba98052c35834a909509906480123b94
spotify:track:0diJRmjpNIJkXs1dypW1LJ,09d7b2211f8d45b9a19b66c646fff9df,2025-07-29T04:28:27Z,-3,Who is bumping this 😭,ba98052c35834a909509906480123b94
spotify:track:0lnxrQAd9ZxbhBBe7d8FO8,09d7b2211f8d45b9a19b66c646fff9df,2025-07-29T04:28:27Z,1,I did not know this song and it’s adorable ,ba98052c35834a909509906480123b94
spotify:track:0pqCMHN3IVkBDlWAg0kiVa,09d7b2211f8d45b9a19b66c646fff9df,2025-07-29T04:28:27Z,2,Loveee,ba98052c35834a909509906480123b94
spotify:track:1CI6YgwwNq3VfhgxPuEpE6,09d7b2211f8d45b9a19b66c646fff9df,2025-07-29T04:28:27Z,-1,,ba98052c35834a909509906480123b94
spotify:track:1TEZWG1FdjzDdercCguTwj,09d7b2211f8d45b9a19b66c646fff9df,2025-07-29T04:28:27Z,-1,,ba98052c35834a909509906480123b94
spotify:track:221eHga9f9Ne4f8D7WVgPT,09d7b2211f8d45b9a19b66c646fff9df,2025-07-29T04:28:27Z,1,,ba98052c35834a909509906480123b94
spotify:track:26QkYH0dmzPQBprter9Jsw,09d7b2211f8d45b9a19b66c646fff9df,2025-07-29T04:28:27Z,2,,ba98052c35834a909509906480123b94
spotify:track:2J6QxPB7kFgwQbLE2Ip9Ql,09d7b2211f8d45b9a19b66c646fff9df,2025-07-29T04:28:27Z,1,,ba98052c35834a909509906480123b94
spotify:track:3hv6ndi7uFT9L9wrhQCsqY,09d7b2211f8d45b9a19b66c646fff9df,2025-07-29T04:28:27Z,5,Best song ever ,ba98052c35834a909509906480123b94
spotify:track:3QLjDkgLh9AOEHlhQtDuhs,09d7b2211f8d45b9a19b66c646fff9df,2025-07-29T04:28:27Z,5,Also best song ever ,ba98052c35834a909509906480123b94
spotify:track:4356Typ82hUiFAynbLYbPn,09d7b2211f8d45b9a19b66c646fff9df,2025-07-29T04:28:27Z,3,,ba98052c35834a909509906480123b94
spotify:track:5FRIqUXfTazrtRmYEGO4G0,09d7b2211f8d45b9a19b66c646fff9df,2025-07-29T04:28:27Z,3,I did not know this song and now I love ,ba98052c35834a909509906480123b94
spotify:track:6jg5SRvdGxvJ0DzNV0UqEK,09d7b2211f8d45b9a19b66c646fff9df,2025-07-29T04:28:27Z,2,,ba98052c35834a909509906480123b94
spotify:track:7dTd00X8Mc5iErfQQyBA6B,09d7b2211f8d45b9a19b66c646fff9df,2025-07-29T04:28:27Z,-1,,ba98052c35834a909509906480123b94
spotify:track:7lFgli7y2vo7sjgynHZzBP,09d7b2211f8d45b9a19b66c646fff9df,2025-07-29T04:28:27Z,-3,,ba98052c35834a909509906480123b94
spotify:track:7lWUJpax919G4JdaFEVmCy,09d7b2211f8d45b9a19b66c646fff9df,2025-07-29T04:28:27Z,5,Also best song ever ,ba98052c35834a909509906480123b94
spotify:track:0diJRmjpNIJkXs1dypW1LJ,37a75c8d587f4075b2d0640f244d891c,2025-07-29T04:37:03Z,0,O,ba98052c35834a909509906480123b94
spotify:track:0pqCMHN3IVkBDlWAg0kiVa,37a75c8d587f4075b2d0640f244d891c,2025-07-29T04:37:03Z,5,,ba98052c35834a909509906480123b94
spotify:track:1CI6YgwwNq3VfhgxPuEpE6,37a75c8d587f4075b2d0640f244d891c,2025-07-29T04:37:03Z,5,,ba98052c35834a909509906480123b94
spotify:track:1TEZWG1FdjzDdercCguTwj,37a75c8d587f4075b2d0640f244d891c,2025-07-29T04:37:03Z,1,,ba98052c35834a909509906480123b94
spotify:track:221eHga9f9Ne4f8D7WVgPT,37a75c8d587f4075b2d0640f244d891c,2025-07-29T04:37:03Z,5,"So catchy… but so cringey 
",ba98052c35834a909509906480123b94
spotify:track:26QkYH0dmzPQBprter9Jsw,37a75c8d587f4075b2d0640f244d891c,2025-07-29T04:37:03Z,5,,ba98052c35834a909509906480123b94
spotify:track:3hv6ndi7uFT9L9wrhQCsqY,37a75c8d587f4075b2d0640f244d891c,2025-07-29T04:37:03Z,2,,ba98052c35834a909509906480123b94
spotify:track:3QLjDkgLh9AOEHlhQtDuhs,37a75c8d587f4075b2d0640f244d891c,2025-07-29T04:37:03Z,-1,,ba98052c35834a909509906480123b94
spotify:track:44CZRkOxv7UItaAUmh8PgN,37a75c8d587f4075b2d0640f244d891c,2025-07-29T04:37:03Z,-3,,ba98052c35834a909509906480123b94
spotify:track:5FRIqUXfTazrtRmYEGO4G0,37a75c8d587f4075b2d0640f244d891c,2025-07-29T04:37:03Z,-3,,ba98052c35834a909509906480123b94
spotify:track:6jg5SRvdGxvJ0DzNV0UqEK,37a75c8d587f4075b2d0640f244d891c,2025-07-29T04:37:03Z,-2,,ba98052c35834a909509906480123b94
spotify:track:7dTd00X8Mc5iErfQQyBA6B,37a75c8d587f4075b2d0640f244d891c,2025-07-29T04:37:03Z,3,,ba98052c35834a909509906480123b94
spotify:track:7lFgli7y2vo7sjgynHZzBP,37a75c8d587f4075b2d0640f244d891c,2025-07-29T04:37:03Z,4,,ba98052c35834a909509906480123b94
spotify:track:7lWUJpax919G4JdaFEVmCy,37a75c8d587f4075b2d0640f244d891c,2025-07-29T04:37:03Z,-1,,ba98052c35834a909509906480123b94
spotify:track:0diJRmjpNIJkXs1dypW1LJ,b467147d8b6345bda21d8919e00746fc,2025-07-29T05:30:39Z,-1,,ba98052c35834a909509906480123b94
spotify:track:0lnxrQAd9ZxbhBBe7d8FO8,b467147d8b6345bda21d8919e00746fc,2025-07-29T05:30:39Z,-1,,ba98052c35834a909509906480123b94
spotify:track:0pqCMHN3IVkBDlWAg0kiVa,b467147d8b6345bda21d8919e00746fc,2025-07-29T05:30:39Z,-1,,ba98052c35834a909509906480123b94
spotify:track:1CI6YgwwNq3VfhgxPuEpE6,b467147d8b6345bda21d8919e00746fc,2025-07-29T05:30:39Z,-1,,ba98052c35834a909509906480123b94
spotify:track:1TEZWG1FdjzDdercCguTwj,b467147d8b6345bda21d8919e00746fc,2025-07-29T05:30:39Z,-3,,ba98052c35834a909509906480123b94
spotify:track:221eHga9f9Ne4f8D7WVgPT,b467147d8b6345bda21d8919e00746fc,2025-07-29T05:30:39Z,5,,ba98052c35834a909509906480123b94
spotify:track:3QLjDkgLh9AOEHlhQtDuhs,b467147d8b6345bda21d8919e00746fc,2025-07-29T05:30:39Z,5,,ba98052c35834a909509906480123b94
spotify:track:4356Typ82hUiFAynbLYbPn,b467147d8b6345bda21d8919e00746fc,2025-07-29T05:30:39Z,5,,ba98052c35834a909509906480123b94
spotify:track:44CZRkOxv7UItaAUmh8PgN,b467147d8b6345bda21d8919e00746fc,2025-07-29T05:30:39Z,-1,,ba98052c35834a909509906480123b94
spotify:track:5FRIqUXfTazrtRmYEGO4G0,b467147d8b6345bda21d8919e00746fc,2025-07-29T05:30:39Z,-1,,ba98052c35834a909509906480123b94
spotify:track:6jg5SRvdGxvJ0DzNV0UqEK,b467147d8b6345bda21d8919e00746fc,2025-07-29T05:30:39Z,-1,,ba98052c35834a909509906480123b94
spotify:track:7dTd00X8Mc5iErfQQyBA6B,b467147d8b6345bda21d8919e00746fc,2025-07-29T05:30:39Z,5,,ba98052c35834a909509906480123b94
spotify:track:7lFgli7y2vo7sjgynHZzBP,b467147d8b6345bda21d8919e00746fc,2025-07-29T05:30:39Z,5,,ba98052c35834a909509906480123b94
spotify:track:7lWUJpax919G4JdaFEVmCy,b467147d8b6345bda21d8919e00746fc,2025-07-29T05:30:39Z,5,,ba98052c35834a909509906480123b94
spotify:track:04vGO36ZMrGzqNjTVdopHL,78e7775bd32b4b4ebaf5be442a27e180,2025-07-29T05:42:12Z,2,Surprised that I knew some words so underrated guilty pleasure it certainly is for this white boy ,ba98052c35834a909509906480123b94
spotify:track:0diJRmjpNIJkXs1dypW1LJ,78e7775bd32b4b4ebaf5be442a27e180,2025-07-29T05:42:12Z,3,Idk what they’re saying but I like how they’re saying it,ba98052c35834a909509906480123b94
spotify:track:0pqCMHN3IVkBDlWAg0kiVa,78e7775bd32b4b4ebaf5be442a27e180,2025-07-29T05:42:12Z,-1,Listened to it again and I just… didn’t vibe with it. Sorry ,ba98052c35834a909509906480123b94
spotify:track:1CI6YgwwNq3VfhgxPuEpE6,78e7775bd32b4b4ebaf5be442a27e180,2025-07-29T05:42:12Z,3,Sometimes a guilty pleasure is a nostalgic throwback and this hits the itch. Though idk why there’s a 30 second piano outro ,ba98052c35834a909509906480123b94
spotify:track:1TEZWG1FdjzDdercCguTwj,78e7775bd32b4b4ebaf5be442a27e180,2025-07-29T05:42:12Z,3,Surprised me. I can vibe to this. Thanks Fred durst ,ba98052c35834a909509906480123b94
spotify:track:221eHga9f9Ne4f8D7WVgPT,78e7775bd32b4b4ebaf5be442a27e180,2025-07-29T05:42:12Z,-2,I gave it a shot… I really did. But ,ba98052c35834a909509906480123b94
spotify:track:26QkYH0dmzPQBprter9Jsw,78e7775bd32b4b4ebaf5be442a27e180,2025-07-29T05:42:12Z,-1,Thought I’d like it more but idk. I can see it blending into the background of my “pop punk to survive traffic” playlist ,ba98052c35834a909509906480123b94
spotify:track:2J6QxPB7kFgwQbLE2Ip9Ql,78e7775bd32b4b4ebaf5be442a27e180,2025-07-29T05:42:12Z,1,"Initially I was -3, but the second verse made me laugh. So it passes ",ba98052c35834a909509906480123b94
spotify:track:3hv6ndi7uFT9L9wrhQCsqY,78e7775bd32b4b4ebaf5be442a27e180,2025-07-29T05:42:12Z,-1,Made me remember high school and also I feel like I would judge someone for queuing this up ,ba98052c35834a909509906480123b94
spotify:track:3QLjDkgLh9AOEHlhQtDuhs,78e7775bd32b4b4ebaf5be442a27e180,2025-07-29T05:42:12Z,2,"Honestly bravest choice and I left it going “damn that Canadian could make some decent music” 
Thank you for the reminder ",ba98052c35834a909509906480123b94
spotify:track:4356Typ82hUiFAynbLYbPn,78e7775bd32b4b4ebaf5be442a27e180,2025-07-29T05:42:12Z,3,Another nostalgic banger that might not be well received by the right crowd. Start to finish classic but prob can’t play more than once in a listen ,ba98052c35834a909509906480123b94
spotify:track:44CZRkOxv7UItaAUmh8PgN,78e7775bd32b4b4ebaf5be442a27e180,2025-07-29T05:42:12Z,5,Was super surprised by this one. Fun the whole way through. Felt like summer in a less than cringe super positive way ,ba98052c35834a909509906480123b94
spotify:track:5FRIqUXfTazrtRmYEGO4G0,78e7775bd32b4b4ebaf5be442a27e180,2025-07-29T05:42:12Z,4,Loved this song. Never heard of it but it’s going on a “diva” playlist or something lol,ba98052c35834a909509906480123b94
spotify:track:6jg5SRvdGxvJ0DzNV0UqEK,78e7775bd32b4b4ebaf5be442a27e180,2025-07-29T05:42:12Z,-2,"Please do go :(
Though it was nostalgic I just couldn’t vibe to it",ba98052c35834a909509906480123b94
spotify:track:7dTd00X8Mc5iErfQQyBA6B,78e7775bd32b4b4ebaf5be442a27e180,2025-07-29T05:42:12Z,-3,Thought this was a chainsmokers cover of the Vance joy song and I kinda wish it was just that ,ba98052c35834a909509906480123b94
spotify:track:7lFgli7y2vo7sjgynHZzBP,78e7775bd32b4b4ebaf5be442a27e180,2025-07-29T05:42:12Z,2,Love. Classic. Hilarious. But again needs to be a certain audience … which I am ,ba98052c35834a909509906480123b94
spotify:track:7lWUJpax919G4JdaFEVmCy,78e7775bd32b4b4ebaf5be442a27e180,2025-07-29T05:42:12Z,2,If this song was a drug I’d be on a bender rn ,ba98052c35834a909509906480123b94
spotify:track:04vGO36ZMrGzqNjTVdopHL,a0672a3d11374827b1e2754a53877112,2025-07-29T05:55:24Z,1,+1 for the Dr. Luke production ,ba98052c35834a909509906480123b94
spotify:track:0diJRmjpNIJkXs1dypW1LJ,a0672a3d11374827b1e2754a53877112,2025-07-29T05:55:24Z,-1,this was incredible and i want 100 more,ba98052c35834a909509906480123b94
spotify:track:0lnxrQAd9ZxbhBBe7d8FO8,a0672a3d11374827b1e2754a53877112,2025-07-29T05:55:24Z,-1,i'd turn this up louder if joci walked in,ba98052c35834a909509906480123b94
spotify:track:0pqCMHN3IVkBDlWAg0kiVa,a0672a3d11374827b1e2754a53877112,2025-07-29T05:55:24Z,-3,"immediately to the top of my ""Songs to Have Bottom Surgery To"" playlist",ba98052c35834a909509906480123b94
spotify:track:1CI6YgwwNq3VfhgxPuEpE6,a0672a3d11374827b1e2754a53877112,2025-07-29T05:55:24Z,4,TAKE OFF THOSE HEEEEEEEELS!!!!!,ba98052c35834a909509906480123b94
spotify:track:1TEZWG1FdjzDdercCguTwj,a0672a3d11374827b1e2754a53877112,2025-07-29T05:55:24Z,0,i fell asleep while this was playing,ba98052c35834a909509906480123b94
spotify:track:221eHga9f9Ne4f8D7WVgPT,a0672a3d11374827b1e2754a53877112,2025-07-29T05:55:24Z,5,i just simply cannot,ba98052c35834a909509906480123b94
spotify:track:26QkYH0dmzPQBprter9Jsw,a0672a3d11374827b1e2754a53877112,2025-07-29T05:55:24Z,0,i thought this was neat,ba98052c35834a909509906480123b94
spotify:track:2J6QxPB7kFgwQbLE2Ip9Ql,a0672a3d11374827b1e2754a53877112,2025-07-29T05:55:24Z,-2,it probably says *so* much about me that i enjoyed this as much as i did,ba98052c35834a909509906480123b94
spotify:track:3hv6ndi7uFT9L9wrhQCsqY,a0672a3d11374827b1e2754a53877112,2025-07-29T05:55:24Z,5,that was a hard listen 😭,ba98052c35834a909509906480123b94
spotify:track:3QLjDkgLh9AOEHlhQtDuhs,a0672a3d11374827b1e2754a53877112,2025-07-29T05:55:24Z,4,it is drake... so... yeah...,ba98052c35834a909509906480123b94
spotify:track:4356Typ82hUiFAynbLYbPn,a0672a3d11374827b1e2754a53877112,2025-07-29T05:55:24Z,-1,how dare you besmirch this middle school dance staple ,ba98052c35834a909509906480123b94
spotify:track:44CZRkOxv7UItaAUmh8PgN,a0672a3d11374827b1e2754a53877112,2025-07-29T05:55:24Z,5,one of the songs of all time,ba98052c35834a909509906480123b94
spotify:track:5FRIqUXfTazrtRmYEGO4G0,a0672a3d11374827b1e2754a53877112,2025-07-29T05:55:24Z,1,it was so cunt until a MAN appeared,ba98052c35834a909509906480123b94
spotify:track:6jg5SRvdGxvJ0DzNV0UqEK,a0672a3d11374827b1e2754a53877112,2025-07-29T05:55:24Z,-1,they could never make me embarrassed of you king,ba98052c35834a909509906480123b94
spotify:track:7dTd00X8Mc5iErfQQyBA6B,a0672a3d11374827b1e2754a53877112,2025-07-29T05:55:24Z,5,i gave this 5 votes before listening to it and tried to give it 6 after,ba98052c35834a909509906480123b94
spotify:track:7lFgli7y2vo7sjgynHZzBP,a0672a3d11374827b1e2754a53877112,2025-07-29T05:55:24Z,-1,this was ~☆mystical magical☆~,ba98052c35834a909509906480123b94
spotify:track:04vGO36ZMrGzqNjTVdopHL,4f168741900f4f19979a06dcbd50e408,2025-07-29T06:30:26Z,3,🥴,ba98052c35834a909509906480123b94
spotify:track:0diJRmjpNIJkXs1dypW1LJ,4f168741900f4f19979a06dcbd50e408,2025-07-29T06:30:26Z,2,"Sarp I know this is u
I give u some points but not many bc the guilt should be there but im not sure you truly feel the guilt ",ba98052c35834a909509906480123b94
spotify:track:0lnxrQAd9ZxbhBBe7d8FO8,4f168741900f4f19979a06dcbd50e408,2025-07-29T06:30:26Z,-1,I bop to mmmbop,ba98052c35834a909509906480123b94
spotify:track:0pqCMHN3IVkBDlWAg0kiVa,4f168741900f4f19979a06dcbd50e408,2025-07-29T06:30:26Z,5,Giving you substantial points bc ya wtf is this and I think u must genuinely love it bc how did u find this where did it even come from,ba98052c35834a909509906480123b94
spotify:track:1CI6YgwwNq3VfhgxPuEpE6,4f168741900f4f19979a06dcbd50e408,2025-07-29T06:30:26Z,4,Did not like. U should feel guilt,ba98052c35834a909509906480123b94
spotify:track:1TEZWG1FdjzDdercCguTwj,4f168741900f4f19979a06dcbd50e408,2025-07-29T06:30:26Z,-3,Don’t be embarrassed of this ,ba98052c35834a909509906480123b94
spotify:track:221eHga9f9Ne4f8D7WVgPT,4f168741900f4f19979a06dcbd50e408,2025-07-29T06:30:26Z,2,Only giving u 2 points bc this is an easy option… aren’t we all anti booners!?,ba98052c35834a909509906480123b94
spotify:track:26QkYH0dmzPQBprter9Jsw,4f168741900f4f19979a06dcbd50e408,2025-07-29T06:30:26Z,0,No points either way bc I’m not sure why this is guilty. It’s not bad but not good. Maybe I don’t get the lore ,ba98052c35834a909509906480123b94
spotify:track:2J6QxPB7kFgwQbLE2Ip9Ql,4f168741900f4f19979a06dcbd50e408,2025-07-29T06:30:26Z,4,😧,ba98052c35834a909509906480123b94
spotify:track:3hv6ndi7uFT9L9wrhQCsqY,4f168741900f4f19979a06dcbd50e408,2025-07-29T06:30:26Z,1,U get 1 point how bou dat,ba98052c35834a909509906480123b94
spotify:track:3QLjDkgLh9AOEHlhQtDuhs,4f168741900f4f19979a06dcbd50e408,2025-07-29T06:30:26Z,3,,ba98052c35834a909509906480123b94
spotify:track:4356Typ82hUiFAynbLYbPn,4f168741900f4f19979a06dcbd50e408,2025-07-29T06:30:26Z,-2,Pls listen to this guilt free from now on. I love this song dammit ,ba98052c35834a909509906480123b94
spotify:track:44CZRkOxv7UItaAUmh8PgN,4f168741900f4f19979a06dcbd50e408,2025-07-29T06:30:26Z,3,Almost downvoted but I get it .. I LOVE this song but I do feel embarrassed when I actually listen to this unironically lmao ,ba98052c35834a909509906480123b94
spotify:track:5FRIqUXfTazrtRmYEGO4G0,4f168741900f4f19979a06dcbd50e408,2025-07-29T06:30:26Z,2,,ba98052c35834a909509906480123b94
spotify:track:7dTd00X8Mc5iErfQQyBA6B,4f168741900f4f19979a06dcbd50e408,2025-07-29T06:30:26Z,1,,ba98052c35834a909509906480123b94
spotify:track:7lFgli7y2vo7sjgynHZzBP,4f168741900f4f19979a06dcbd50e408,2025-07-29T06:30:26Z,-1,Nothing guilty abt some D,ba98052c35834a909509906480123b94
spotify:track:7lWUJpax919G4JdaFEVmCy,4f168741900f4f19979a06dcbd50e408,2025-07-29T06:30:26Z,-3,How dare u,ba98052c35834a909509906480123b94
spotify:track:04vGO36ZMrGzqNjTVdopHL,01d0fcb93151477b842d0ee8fe6510e3,2025-07-29T15:41:15Z,5,Divorced dad music x Hollywood undead I think yes,ba98052c35834a909509906480123b94
spotify:track:0diJRmjpNIJkXs1dypW1LJ,01d0fcb93151477b842d0ee8fe6510e3,2025-07-29T15:41:15Z,3,,ba98052c35834a909509906480123b94
spotify:track:0lnxrQAd9ZxbhBBe7d8FO8,01d0fcb93151477b842d0ee8fe6510e3,2025-07-29T15:41:15Z,2,,ba98052c35834a909509906480123b94
spotify:track:0pqCMHN3IVkBDlWAg0kiVa,01d0fcb93151477b842d0ee8fe6510e3,2025-07-29T15:41:15Z,2,,ba98052c35834a909509906480123b94
spotify:track:1CI6YgwwNq3VfhgxPuEpE6,01d0fcb93151477b842d0ee8fe6510e3,2025-07-29T15:41:15Z,5,This gave me war flashbacks ,ba98052c35834a909509906480123b94
spotify:track:1TEZWG1FdjzDdercCguTwj,01d0fcb93151477b842d0ee8fe6510e3,2025-07-29T15:41:15Z,2,,ba98052c35834a909509906480123b94
spotify:track:221eHga9f9Ne4f8D7WVgPT,01d0fcb93151477b842d0ee8fe6510e3,2025-07-29T15:41:15Z,-3,Jail time for this,ba98052c35834a909509906480123b94
spotify:track:26QkYH0dmzPQBprter9Jsw,01d0fcb93151477b842d0ee8fe6510e3,2025-07-29T15:41:15Z,2,,ba98052c35834a909509906480123b94
spotify:track:2J6QxPB7kFgwQbLE2Ip9Ql,01d0fcb93151477b842d0ee8fe6510e3,2025-07-29T15:41:15Z,-1,What in the AI is this dog,ba98052c35834a909509906480123b94
spotify:track:3hv6ndi7uFT9L9wrhQCsqY,01d0fcb93151477b842d0ee8fe6510e3,2025-07-29T15:41:15Z,3,,ba98052c35834a909509906480123b94
spotify:track:3QLjDkgLh9AOEHlhQtDuhs,01d0fcb93151477b842d0ee8fe6510e3,2025-07-29T15:41:15Z,-1,,ba98052c35834a909509906480123b94
spotify:track:4356Typ82hUiFAynbLYbPn,01d0fcb93151477b842d0ee8fe6510e3,2025-07-29T15:41:15Z,-1,,ba98052c35834a909509906480123b94
spotify:track:44CZRkOxv7UItaAUmh8PgN,01d0fcb93151477b842d0ee8fe6510e3,2025-07-29T15:41:15Z,-1,THIS SONG REWIRED MY BRAIN AND IS IN MY NORMAL ROTATION,ba98052c35834a909509906480123b94
spotify:track:6jg5SRvdGxvJ0DzNV0UqEK,01d0fcb93151477b842d0ee8fe6510e3,2025-07-29T15:41:15Z,-1,This song is an absolute banger,ba98052c35834a909509906480123b94
spotify:track:7dTd00X8Mc5iErfQQyBA6B,01d0fcb93151477b842d0ee8fe6510e3,2025-07-29T15:41:15Z,3,Girl no,ba98052c35834a909509906480123b94
spotify:track:7lFgli7y2vo7sjgynHZzBP,01d0fcb93151477b842d0ee8fe6510e3,2025-07-29T15:41:15Z,3,,ba98052c35834a909509906480123b94
spotify:track:7lWUJpax919G4JdaFEVmCy,01d0fcb93151477b842d0ee8fe6510e3,2025-07-29T15:41:15Z,-2,This is in my daily rotation …,ba98052c35834a909509906480123b94
spotify:track:04vGO36ZMrGzqNjTVdopHL,de798b3b84024cd6bf18356ecbc8d1a5,2025-07-29T20:57:46Z,-1,,ba98052c35834a909509906480123b94
spotify:track:0diJRmjpNIJkXs1dypW1LJ,de798b3b84024cd6bf18356ecbc8d1a5,2025-07-29T20:57:46Z,5,,ba98052c35834a909509906480123b94
spotify:track:0lnxrQAd9ZxbhBBe7d8FO8,de798b3b84024cd6bf18356ecbc8d1a5,2025-07-29T20:57:46Z,-1,,ba98052c35834a909509906480123b94
spotify:track:0pqCMHN3IVkBDlWAg0kiVa,de798b3b84024cd6bf18356ecbc8d1a5,2025-07-29T20:57:46Z,5,,ba98052c35834a909509906480123b94
spotify:track:1CI6YgwwNq3VfhgxPuEpE6,de798b3b84024cd6bf18356ecbc8d1a5,2025-07-29T20:57:46Z,-1,,ba98052c35834a909509906480123b94
spotify:track:1TEZWG1FdjzDdercCguTwj,de798b3b84024cd6bf18356ecbc8d1a5,2025-07-29T20:57:46Z,5,,ba98052c35834a909509906480123b94
spotify:track:221eHga9f9Ne4f8D7WVgPT,de798b3b84024cd6bf18356ecbc8d1a5,2025-07-29T20:57:46Z,-1,,ba98052c35834a909509906480123b94
spotify:track:26QkYH0dmzPQBprter9Jsw,de798b3b84024cd6bf18356ecbc8d1a5,2025-07-29T20:57:46Z,5,,ba98052c35834a909509906480123b94
spotify:track:2J6QxPB7kFgwQbLE2Ip9Ql,de798b3b84024cd6bf18356ecbc8d1a5,2025-07-29T20:57:46Z,5,,ba98052c35834a909509906480123b94
spotify:track:3hv6ndi7uFT9L9wrhQCsqY,de798b3b84024cd6bf18356ecbc8d1a5,2025-07-29T20:57:46Z,-1,,ba98052c35834a909509906480123b94
spotify:track:3QLjDkgLh9AOEHlhQtDuhs,de798b3b84024cd6bf18356ecbc8d1a5,2025-07-29T20:57:46Z,-1,,ba98052c35834a909509906480123b94
spotify:track:4356Typ82hUiFAynbLYbPn,de798b3b84024cd6bf18356ecbc8d1a5,2025-07-29T20:57:46Z,-1,,ba98052c35834a909509906480123b94
spotify:track:44CZRkOxv7UItaAUmh8PgN,de798b3b84024cd6bf18356ecbc8d1a5,2025-07-29T20:57:46Z,3,,ba98052c35834a909509906480123b94
spotify:track:5FRIqUXfTazrtRmYEGO4G0,de798b3b84024cd6bf18356ecbc8d1a5,2025-07-29T20:57:46Z,-1,,ba98052c35834a909509906480123b94
spotify:track:6jg5SRvdGxvJ0DzNV0UqEK,de798b3b84024cd6bf18356ecbc8d1a5,2025-07-29T20:57:46Z,-1,,ba98052c35834a909509906480123b94
spotify:track:7lFgli7y2vo7sjgynHZzBP,de798b3b84024cd6bf18356ecbc8d1a5,2025-07-29T20:57:46Z,2,,ba98052c35834a909509906480123b94
spotify:track:7lWUJpax919G4JdaFEVmCy,de798b3b84024cd6bf18356ecbc8d1a5,2025-07-29T20:57:46Z,-1,,ba98052c35834a909509906480123b94
spotify:track:04vGO36ZMrGzqNjTVdopHL,67ba17e18a3a415abbe4060f1d4e6b77,2025-07-30T23:08:21Z,-2,,ba98052c35834a909509906480123b94
spotify:track:0diJRmjpNIJkXs1dypW1LJ,67ba17e18a3a415abbe4060f1d4e6b77,2025-07-30T23:08:21Z,2,"Not embarrassing but couldn’t down vote, too good!",ba98052c35834a909509906480123b94
spotify:track:0lnxrQAd9ZxbhBBe7d8FO8,67ba17e18a3a415abbe4060f1d4e6b77,2025-07-30T23:08:21Z,5,,ba98052c35834a909509906480123b94
spotify:track:0pqCMHN3IVkBDlWAg0kiVa,67ba17e18a3a415abbe4060f1d4e6b77,2025-07-30T23:08:21Z,5,Did not realize Beaker had an album. 5 stars,ba98052c35834a909509906480123b94
spotify:track:1CI6YgwwNq3VfhgxPuEpE6,67ba17e18a3a415abbe4060f1d4e6b77,2025-07-30T23:08:21Z,2,,ba98052c35834a909509906480123b94
spotify:track:1TEZWG1FdjzDdercCguTwj,67ba17e18a3a415abbe4060f1d4e6b77,2025-07-30T23:08:21Z,-2,,ba98052c35834a909509906480123b94
spotify:track:221eHga9f9Ne4f8D7WVgPT,67ba17e18a3a415abbe4060f1d4e6b77,2025-07-30T23:08:21Z,2,,ba98052c35834a909509906480123b94
spotify:track:26QkYH0dmzPQBprter9Jsw,67ba17e18a3a415abbe4060f1d4e6b77,2025-07-30T23:08:21Z,3,,ba98052c35834a909509906480123b94
spotify:track:2J6QxPB7kFgwQbLE2Ip9Ql,67ba17e18a3a415abbe4060f1d4e6b77,2025-07-30T23:08:21Z,4,,ba98052c35834a909509906480123b94
spotify:track:3QLjDkgLh9AOEHlhQtDuhs,67ba17e18a3a415abbe4060f1d4e6b77,2025-07-30T23:08:21Z,-2,,ba98052c35834a909509906480123b94
spotify:track:5FRIqUXfTazrtRmYEGO4G0,67ba17e18a3a415abbe4060f1d4e6b77,2025-07-30T23:08:21Z,3,,ba98052c35834a909509906480123b94
spotify:track:6jg5SRvdGxvJ0DzNV0UqEK,67ba17e18a3a415abbe4060f1d4e6b77,2025-07-30T23:08:21Z,-1,,ba98052c35834a909509906480123b94
spotify:track:7dTd00X8Mc5iErfQQyBA6B,67ba17e18a3a415abbe4060f1d4e6b77,2025-07-30T23:08:21Z,2,,ba98052c35834a909509906480123b94
spotify:track:7lFgli7y2vo7sjgynHZzBP,67ba17e18a3a415abbe4060f1d4e6b77,2025-07-30T23:08:21Z,-3,Jack Black is never embarrassing ,ba98052c35834a909509906480123b94
spotify:track:7lWUJpax919G4JdaFEVmCy,67ba17e18a3a415abbe4060f1d4e6b77,2025-07-30T23:08:21Z,2,,ba98052c35834a909509906480123b94
spotify:track:04vGO36ZMrGzqNjTVdopHL,2a199944cf5a418ba77e17380f808df7,2025-07-31T00:11:04Z,4,"she's silly... i love a sexual song! I see how it fits the theme + i like it added to playlist! (Theme: 4/5, Personal Taste: 4/5) [aka the top score on my list] ",ba98052c35834a909509906480123b94
spotify:track:0diJRmjpNIJkXs1dypW1LJ,2a199944cf5a418ba77e17380f808df7,2025-07-31T00:11:04Z,2,"is this from eurovision??? im living for it LOL (Theme: 4/5, Personal Taste: 3/5) ",ba98052c35834a909509906480123b94
spotify:track:0lnxrQAd9ZxbhBBe7d8FO8,2a199944cf5a418ba77e17380f808df7,2025-07-31T00:11:04Z,-1,"i dont think i get this song... i like the vibe but something feels off... (Theme: 3/5, Personal Taste: 2/5) ",ba98052c35834a909509906480123b94
spotify:track:0pqCMHN3IVkBDlWAg0kiVa,2a199944cf5a418ba77e17380f808df7,2025-07-31T00:11:04Z,0,10/10 hello?,ba98052c35834a909509906480123b94
spotify:track:1CI6YgwwNq3VfhgxPuEpE6,2a199944cf5a418ba77e17380f808df7,2025-07-31T00:11:04Z,-2,"i do not think i like the vibe of this one... but i would be embarrassed to listen to it i guess (Theme: 2/5, Personal Taste: 0.5/5) ",ba98052c35834a909509906480123b94
spotify:track:1TEZWG1FdjzDdercCguTwj,2a199944cf5a418ba77e17380f808df7,2025-07-31T00:11:04Z,3,"omgz i love this one LOL its so goooood. however i dont get the embarrassing part of this (Theme: 2/5, Personal Taste: 5/5) ",ba98052c35834a909509906480123b94
spotify:track:221eHga9f9Ne4f8D7WVgPT,2a199944cf5a418ba77e17380f808df7,2025-07-31T00:11:04Z,2,"tbh i get it... its a good pop song. not as good as charlie puth tho (Theme: 3.5/5, Personal Taste: 3/5) ",ba98052c35834a909509906480123b94
spotify:track:26QkYH0dmzPQBprter9Jsw,2a199944cf5a418ba77e17380f808df7,2025-07-31T00:11:04Z,2,"i dont know if i dont get the context but what about this song is embarrassing? its super cute!!!! added to playlist (Theme: 2/5, Personal Taste: 4.5/5) ",ba98052c35834a909509906480123b94
spotify:track:2J6QxPB7kFgwQbLE2Ip9Ql,2a199944cf5a418ba77e17380f808df7,2025-07-31T00:11:04Z,-2,"what the freak... LOL erm..... what is dis honey (Theme: 5/5, Personal Taste: 0/5) ",ba98052c35834a909509906480123b94
spotify:track:3hv6ndi7uFT9L9wrhQCsqY,2a199944cf5a418ba77e17380f808df7,2025-07-31T00:11:04Z,3,"LMFAOOO so freaking good for this theme. (i actually love hate this one) (Theme: 4/5, Personal Taste: 3.5/5) ",ba98052c35834a909509906480123b94
spotify:track:3QLjDkgLh9AOEHlhQtDuhs,2a199944cf5a418ba77e17380f808df7,2025-07-31T00:11:04Z,-3,"is there context for why this is embarrassing? or is it cuz people hate drake these days? either way i dont like this song ( ･᷄ ･᷅ ) (Theme: 2/5, Personal Taste: 0/5)",ba98052c35834a909509906480123b94
spotify:track:4356Typ82hUiFAynbLYbPn,2a199944cf5a418ba77e17380f808df7,2025-07-31T00:11:04Z,3,"a freaking banger! every day playlist... im thinking of minecraft tho so i get it (Theme: 2/5, Personal Taste:5/5)",ba98052c35834a909509906480123b94
spotify:track:44CZRkOxv7UItaAUmh8PgN,2a199944cf5a418ba77e17380f808df7,2025-07-31T00:11:04Z,-2,"i dont really get this song sdkjkdsjk (Theme: 3.5/5, Personal Taste: 0.5/5)",ba98052c35834a909509906480123b94
spotify:track:5FRIqUXfTazrtRmYEGO4G0,2a199944cf5a418ba77e17380f808df7,2025-07-31T00:11:04Z,2,"omg a danity kane mention???? in this economy??? iconic (Theme: 4/5, Personal Taste: 3/5)",ba98052c35834a909509906480123b94
spotify:track:6jg5SRvdGxvJ0DzNV0UqEK,2a199944cf5a418ba77e17380f808df7,2025-07-31T00:11:04Z,0,"live laugh love ♡ we love this one (Theme: 1/5, Personal Taste: 4/5)",ba98052c35834a909509906480123b94
spotify:track:7dTd00X8Mc5iErfQQyBA6B,2a199944cf5a418ba77e17380f808df7,2025-07-31T00:11:04Z,2,"what a fun vibe! a playful surprise tbh... i get it. (Theme: 4/5, Personal Taste: 3/5)",ba98052c35834a909509906480123b94
spotify:track:7lFgli7y2vo7sjgynHZzBP,2a199944cf5a418ba77e17380f808df7,2025-07-31T00:11:04Z,4,"lmfaooooo girl this was bangin tbh (Theme: 5/5, Personal Taste: 3/5)",ba98052c35834a909509906480123b94
spotify:track:7lWUJpax919G4JdaFEVmCy,2a199944cf5a418ba77e17380f808df7,2025-07-31T00:11:04Z,3,"literally one of the best songs of all time... HOW DARE U put it here LMFAOOOO its so good... (Theme: 1/5, Personal Taste: 5/5) +1 for it being in my top 2 most streamed songs of all time...",ba98052c35834a909509906480123b94
spotify:track:04vGO36ZMrGzqNjTVdopHL,bb9998daa35440aea3b29123cc71985c,2025-07-31T00:29:25Z,2,,ba98052c35834a909509906480123b94
spotify:track:0diJRmjpNIJkXs1dypW1LJ,bb9998daa35440aea3b29123cc71985c,2025-07-31T00:29:25Z,-3,no. ,ba98052c35834a909509906480123b94
spotify:track:0lnxrQAd9ZxbhBBe7d8FO8,bb9998daa35440aea3b29123cc71985c,2025-07-31T00:29:25Z,-1,,ba98052c35834a909509906480123b94
spotify:track:1CI6YgwwNq3VfhgxPuEpE6,bb9998daa35440aea3b29123cc71985c,2025-07-31T00:29:25Z,-2,,ba98052c35834a909509906480123b94
spotify:track:1TEZWG1FdjzDdercCguTwj,bb9998daa35440aea3b29123cc71985c,2025-07-31T00:29:25Z,2,,ba98052c35834a909509906480123b94
spotify:track:221eHga9f9Ne4f8D7WVgPT,bb9998daa35440aea3b29123cc71985c,2025-07-31T00:29:25Z,-2,,ba98052c35834a909509906480123b94
spotify:track:3hv6ndi7uFT9L9wrhQCsqY,bb9998daa35440aea3b29123cc71985c,2025-07-31T00:29:25Z,3,,ba98052c35834a909509906480123b94
spotify:track:3QLjDkgLh9AOEHlhQtDuhs,bb9998daa35440aea3b29123cc71985c,2025-07-31T00:29:25Z,2,,ba98052c35834a909509906480123b94
spotify:track:4356Typ82hUiFAynbLYbPn,bb9998daa35440aea3b29123cc71985c,2025-07-31T00:29:25Z,5,,ba98052c35834a909509906480123b94
spotify:track:44CZRkOxv7UItaAUmh8PgN,bb9998daa35440aea3b29123cc71985c,2025-07-31T00:29:25Z,1,,ba98052c35834a909509906480123b94
spotify:track:5FRIqUXfTazrtRmYEGO4G0,bb9998daa35440aea3b29123cc71985c,2025-07-31T00:29:25Z,1,,ba98052c35834a909509906480123b94
spotify:track:6jg5SRvdGxvJ0DzNV0UqEK,bb9998daa35440aea3b29123cc71985c,2025-07-31T00:29:25Z,4,,ba98052c35834a909509906480123b94
spotify:track:7dTd00X8Mc5iErfQQyBA6B,bb9998daa35440aea3b29123cc71985c,2025-07-31T00:29:25Z,-2,,ba98052c35834a909509906480123b94
spotify:track:7lFgli7y2vo7sjgynHZzBP,bb9998daa35440aea3b29123cc71985c,2025-07-31T00:29:25Z,5,,ba98052c35834a909509906480123b94
spotify:track:7lWUJpax919G4JdaFEVmCy,bb9998daa35440aea3b29123cc71985c,2025-07-31T00:29:25Z,5,,ba98052c35834a909509906480123b94
spotify:track:04vGO36ZMrGzqNjTVdopHL,78ae828b8faa43b69625e1d3cb1f173a,2025-08-01T05:48:18Z,1,,ba98052c35834a909509906480123b94
spotify:track:0diJRmjpNIJkXs1dypW1LJ,78ae828b8faa43b69625e1d3cb1f173a,2025-08-01T05:48:18Z,-2,,ba98052c35834a909509906480123b94
spotify:track:0lnxrQAd9ZxbhBBe7d8FO8,78ae828b8faa43b69625e1d3cb1f173a,2025-08-01T05:48:18Z,5,,ba98052c35834a909509906480123b94
spotify:track:0pqCMHN3IVkBDlWAg0kiVa,78ae828b8faa43b69625e1d3cb1f173a,2025-08-01T05:48:18Z,4,,ba98052c35834a909509906480123b94
spotify:track:1CI6YgwwNq3VfhgxPuEpE6,78ae828b8faa43b69625e1d3cb1f173a,2025-08-01T05:48:18Z,4,,ba98052c35834a909509906480123b94
spotify:track:1TEZWG1FdjzDdercCguTwj,78ae828b8faa43b69625e1d3cb1f173a,2025-08-01T05:48:18Z,-3,,ba98052c35834a909509906480123b94
spotify:track:221eHga9f9Ne4f8D7WVgPT,78ae828b8faa43b69625e1d3cb1f173a,2025-08-01T05:48:18Z,2,,ba98052c35834a909509906480123b94
spotify:track:26QkYH0dmzPQBprter9Jsw,78ae828b8faa43b69625e1d3cb1f173a,2025-08-01T05:48:18Z,1,,ba98052c35834a909509906480123b94
spotify:track:2J6QxPB7kFgwQbLE2Ip9Ql,78ae828b8faa43b69625e1d3cb1f173a,2025-08-01T05:48:18Z,3,,ba98052c35834a909509906480123b94
spotify:track:3hv6ndi7uFT9L9wrhQCsqY,78ae828b8faa43b69625e1d3cb1f173a,2025-08-01T05:48:18Z,5,,ba98052c35834a909509906480123b94
spotify:track:3QLjDkgLh9AOEHlhQtDuhs,78ae828b8faa43b69625e1d3cb1f173a,2025-08-01T05:48:18Z,2,,ba98052c35834a909509906480123b94
spotify:track:4356Typ82hUiFAynbLYbPn,78ae828b8faa43b69625e1d3cb1f173a,2025-08-01T05:48:18Z,-1,,ba98052c35834a909509906480123b94
spotify:track:44CZRkOxv7UItaAUmh8PgN,78ae828b8faa43b69625e1d3cb1f173a,2025-08-01T05:48:18Z,-1,,ba98052c35834a909509906480123b94
spotify:track:5FRIqUXfTazrtRmYEGO4G0,78ae828b8faa43b69625e1d3cb1f173a,2025-08-01T05:48:18Z,1,,ba98052c35834a909509906480123b94
spotify:track:6jg5SRvdGxvJ0DzNV0UqEK,78ae828b8faa43b69625e1d3cb1f173a,2025-08-01T05:48:18Z,1,,ba98052c35834a909509906480123b94
spotify:track:7dTd00X8Mc5iErfQQyBA6B,78ae828b8faa43b69625e1d3cb1f173a,2025-08-01T05:48:18Z,1,,ba98052c35834a909509906480123b94
spotify:track:7lWUJpax919G4JdaFEVmCy,78ae828b8faa43b69625e1d3cb1f173a,2025-08-01T05:48:18Z,-3,,ba98052c35834a909509906480123b94
spotify:track:04vGO36ZMrGzqNjTVdopHL,d332f483f6794cb7b5e19a4df770f1ac,2025-08-01T14:07:57Z,3,,ba98052c35834a909509906480123b94
spotify:track:0diJRmjpNIJkXs1dypW1LJ,d332f483f6794cb7b5e19a4df770f1ac,2025-08-01T14:07:57Z,-3,,ba98052c35834a909509906480123b94
spotify:track:0lnxrQAd9ZxbhBBe7d8FO8,d332f483f6794cb7b5e19a4df770f1ac,2025-08-01T14:07:57Z,1,,ba98052c35834a909509906480123b94
spotify:track:0pqCMHN3IVkBDlWAg0kiVa,d332f483f6794cb7b5e19a4df770f1ac,2025-08-01T14:07:57Z,-3,,ba98052c35834a909509906480123b94
spotify:track:1CI6YgwwNq3VfhgxPuEpE6,d332f483f6794cb7b5e19a4df770f1ac,2025-08-01T14:07:57Z,-1,,ba98052c35834a909509906480123b94
spotify:track:1TEZWG1FdjzDdercCguTwj,d332f483f6794cb7b5e19a4df770f1ac,2025-08-01T14:07:57Z,4,,ba98052c35834a909509906480123b94
spotify:track:26QkYH0dmzPQBprter9Jsw,d332f483f6794cb7b5e19a4df770f1ac,2025-08-01T14:07:57Z,2,,ba98052c35834a909509906480123b94
spotify:track:2J6QxPB7kFgwQbLE2Ip9Ql,d332f483f6794cb7b5e19a4df770f1ac,2025-08-01T14:07:57Z,2,,ba98052c35834a909509906480123b94
spotify:track:3hv6ndi7uFT9L9wrhQCsqY,d332f483f6794cb7b5e19a4df770f1ac,2025-08-01T14:07:57Z,-1,,ba98052c35834a909509906480123b94
spotify:track:3QLjDkgLh9AOEHlhQtDuhs,d332f483f6794cb7b5e19a4df770f1ac,2025-08-01T14:07:57Z,-1,,ba98052c35834a909509906480123b94
spotify:track:4356Typ82hUiFAynbLYbPn,d332f483f6794cb7b5e19a4df770f1ac,2025-08-01T14:07:57Z,2,,ba98052c35834a909509906480123b94
spotify:track:44CZRkOxv7UItaAUmh8PgN,d332f483f6794cb7b5e19a4df770f1ac,2025-08-01T14:07:57Z,5,,ba98052c35834a909509906480123b94
spotify:track:5FRIqUXfTazrtRmYEGO4G0,d332f483f6794cb7b5e19a4df770f1ac,2025-08-01T14:07:57Z,3,,ba98052c35834a909509906480123b94
spotify:track:6jg5SRvdGxvJ0DzNV0UqEK,d332f483f6794cb7b5e19a4df770f1ac,2025-08-01T14:07:57Z,4,,ba98052c35834a909509906480123b94
spotify:track:7dTd00X8Mc5iErfQQyBA6B,d332f483f6794cb7b5e19a4df770f1ac,2025-08-01T14:07:57Z,-1,,ba98052c35834a909509906480123b94
spotify:track:7lFgli7y2vo7sjgynHZzBP,d332f483f6794cb7b5e19a4df770f1ac,2025-08-01T14:07:57Z,2,,ba98052c35834a909509906480123b94
spotify:track:7lWUJpax919G4JdaFEVmCy,d332f483f6794cb7b5e19a4df770f1ac,2025-08-01T14:07:57Z,2,,ba98052c35834a909509906480123b94
spotify:track:04vGO36ZMrGzqNjTVdopHL,6ea8c1e02d584ed69ae4fae4a396a4fe,2025-08-01T15:20:54Z,5,,ba98052c35834a909509906480123b94
spotify:track:0lnxrQAd9ZxbhBBe7d8FO8,6ea8c1e02d584ed69ae4fae4a396a4fe,2025-08-01T15:20:54Z,-1,,ba98052c35834a909509906480123b94
spotify:track:0pqCMHN3IVkBDlWAg0kiVa,6ea8c1e02d584ed69ae4fae4a396a4fe,2025-08-01T15:20:54Z,5,,ba98052c35834a909509906480123b94
spotify:track:1TEZWG1FdjzDdercCguTwj,6ea8c1e02d584ed69ae4fae4a396a4fe,2025-08-01T15:20:54Z,-2,,ba98052c35834a909509906480123b94
spotify:track:221eHga9f9Ne4f8D7WVgPT,6ea8c1e02d584ed69ae4fae4a396a4fe,2025-08-01T15:20:54Z,5,,ba98052c35834a909509906480123b94
spotify:track:2J6QxPB7kFgwQbLE2Ip9Ql,6ea8c1e02d584ed69ae4fae4a396a4fe,2025-08-01T15:20:54Z,5,,ba98052c35834a909509906480123b94
spotify:track:3hv6ndi7uFT9L9wrhQCsqY,6ea8c1e02d584ed69ae4fae4a396a4fe,2025-08-01T15:20:54Z,5,,ba98052c35834a909509906480123b94
spotify:track:3QLjDkgLh9AOEHlhQtDuhs,6ea8c1e02d584ed69ae4fae4a396a4fe,2025-08-01T15:20:54Z,-1,,ba98052c35834a909509906480123b94
spotify:track:5FRIqUXfTazrtRmYEGO4G0,6ea8c1e02d584ed69ae4fae4a396a4fe,2025-08-01T15:20:54Z,5,,ba98052c35834a909509906480123b94
spotify:track:7lFgli7y2vo7sjgynHZzBP,6ea8c1e02d584ed69ae4fae4a396a4fe,2025-08-01T15:20:54Z,-3,,ba98052c35834a909509906480123b94
spotify:track:7lWUJpax919G4JdaFEVmCy,6ea8c1e02d584ed69ae4fae4a396a4fe,2025-08-01T15:20:54Z,-3,,ba98052c35834a909509906480123b94
spotify:track:4356Typ82hUiFAynbLYbPn,6ca9795192d64ada9c42cd333ea9d3a1,2025-08-01T19:57:59Z,-3,,ba98052c35834a909509906480123b94
spotify:track:44CZRkOxv7UItaAUmh8PgN,6ca9795192d64ada9c42cd333ea9d3a1,2025-08-01T19:57:59Z,5,,ba98052c35834a909509906480123b94
spotify:track:5FRIqUXfTazrtRmYEGO4G0,6ca9795192d64ada9c42cd333ea9d3a1,2025-08-01T19:57:59Z,1,,ba98052c35834a909509906480123b94
spotify:track:6jg5SRvdGxvJ0DzNV0UqEK,6ca9795192d64ada9c42cd333ea9d3a1,2025-08-01T19:57:59Z,1,,ba98052c35834a909509906480123b94
spotify:track:7dTd00X8Mc5iErfQQyBA6B,6ca9795192d64ada9c42cd333ea9d3a1,2025-08-01T19:57:59Z,-2,,ba98052c35834a909509906480123b94
spotify:track:7lFgli7y2vo7sjgynHZzBP,6ca9795192d64ada9c42cd333ea9d3a1,2025-08-01T19:57:59Z,5,,ba98052c35834a909509906480123b94
spotify:track:7lWUJpax919G4JdaFEVmCy,6ca9795192d64ada9c42cd333ea9d3a1,2025-08-01T19:57:59Z,3,,ba98052c35834a909509906480123b94
spotify:track:04vGO36ZMrGzqNjTVdopHL,6ca9795192d64ada9c42cd333ea9d3a1,2025-08-01T19:57:59Z,2,,ba98052c35834a909509906480123b94
spotify:track:0diJRmjpNIJkXs1dypW1LJ,6ca9795192d64ada9c42cd333ea9d3a1,2025-08-01T19:57:59Z,3,,ba98052c35834a909509906480123b94
spotify:track:0lnxrQAd9ZxbhBBe7d8FO8,6ca9795192d64ada9c42cd333ea9d3a1,2025-08-01T19:57:59Z,2,,ba98052c35834a909509906480123b94
spotify:track:0pqCMHN3IVkBDlWAg0kiVa,6ca9795192d64ada9c42cd333ea9d3a1,2025-08-01T19:57:59Z,2,,ba98052c35834a909509906480123b94
spotify:track:1CI6YgwwNq3VfhgxPuEpE6,6ca9795192d64ada9c42cd333ea9d3a1,2025-08-01T19:57:59Z,-1,,ba98052c35834a909509906480123b94
spotify:track:1TEZWG1FdjzDdercCguTwj,6ca9795192d64ada9c42cd333ea9d3a1,2025-08-01T19:57:59Z,-1,,ba98052c35834a909509906480123b94
spotify:track:221eHga9f9Ne4f8D7WVgPT,6ca9795192d64ada9c42cd333ea9d3a1,2025-08-01T19:57:59Z,2,,ba98052c35834a909509906480123b94
spotify:track:26QkYH0dmzPQBprter9Jsw,6ca9795192d64ada9c42cd333ea9d3a1,2025-08-01T19:57:59Z,2,,ba98052c35834a909509906480123b94
spotify:track:3hv6ndi7uFT9L9wrhQCsqY,6ca9795192d64ada9c42cd333ea9d3a1,2025-08-01T19:57:59Z,2,,ba98052c35834a909509906480123b94
spotify:track:3QLjDkgLh9AOEHlhQtDuhs,6ca9795192d64ada9c42cd333ea9d3a1,2025-08-01T19:57:59Z,-3,,ba98052c35834a909509906480123b94
spotify:track:04vGO36ZMrGzqNjTVdopHL,3381f2b8e5a74019b7f93a802001397a,2025-08-02T03:45:05Z,-3,,ba98052c35834a909509906480123b94
spotify:track:0diJRmjpNIJkXs1dypW1LJ,3381f2b8e5a74019b7f93a802001397a,2025-08-02T03:45:05Z,2,,ba98052c35834a909509906480123b94
spotify:track:0lnxrQAd9ZxbhBBe7d8FO8,3381f2b8e5a74019b7f93a802001397a,2025-08-02T03:45:05Z,2,,ba98052c35834a909509906480123b94
spotify:track:0pqCMHN3IVkBDlWAg0kiVa,3381f2b8e5a74019b7f93a802001397a,2025-08-02T03:45:05Z,1,,ba98052c35834a909509906480123b94
spotify:track:1CI6YgwwNq3VfhgxPuEpE6,3381f2b8e5a74019b7f93a802001397a,2025-08-02T03:45:05Z,4,,ba98052c35834a909509906480123b94
spotify:track:1TEZWG1FdjzDdercCguTwj,3381f2b8e5a74019b7f93a802001397a,2025-08-02T03:45:05Z,-2,,ba98052c35834a909509906480123b94
spotify:track:221eHga9f9Ne4f8D7WVgPT,3381f2b8e5a74019b7f93a802001397a,2025-08-02T03:45:05Z,2,,ba98052c35834a909509906480123b94
spotify:track:26QkYH0dmzPQBprter9Jsw,3381f2b8e5a74019b7f93a802001397a,2025-08-02T03:45:05Z,-1,,ba98052c35834a909509906480123b94
spotify:track:2J6QxPB7kFgwQbLE2Ip9Ql,3381f2b8e5a74019b7f93a802001397a,2025-08-02T03:45:05Z,-2,,ba98052c35834a909509906480123b94
spotify:track:3hv6ndi7uFT9L9wrhQCsqY,3381f2b8e5a74019b7f93a802001397a,2025-08-02T03:45:05Z,2,,ba98052c35834a909509906480123b94
spotify:track:4356Typ82hUiFAynbLYbPn,3381f2b8e5a74019b7f93a802001397a,2025-08-02T03:45:05Z,4,,ba98052c35834a909509906480123b94
spotify:track:44CZRkOxv7UItaAUmh8PgN,3381f2b8e5a74019b7f93a802001397a,2025-08-02T03:45:05Z,4,,ba98052c35834a909509906480123b94
spotify:track:5FRIqUXfTazrtRmYEGO4G0,3381f2b8e5a74019b7f93a802001397a,2025-08-02T03:45:05Z,1,,ba98052c35834a909509906480123b94
spotify:track:6jg5SRvdGxvJ0DzNV0UqEK,3381f2b8e5a74019b7f93a802001397a,2025-08-02T03:45:05Z,3,,ba98052c35834a909509906480123b94
spotify:track:7dTd00X8Mc5iErfQQyBA6B,3381f2b8e5a74019b7f93a802001397a,2025-08-02T03:45:05Z,1,,ba98052c35834a909509906480123b94
spotify:track:7lFgli7y2vo7sjgynHZzBP,3381f2b8e5a74019b7f93a802001397a,2025-08-02T03:45:05Z,-2,,ba98052c35834a909509906480123b94
spotify:track:7lWUJpax919G4JdaFEVmCy,3381f2b8e5a74019b7f93a802001397a,2025-08-02T03:45:05Z,4,,ba98052c35834a909509906480123b94
spotify:track:00kifif59mCULIDtYPxp1G,a0672a3d11374827b1e2754a53877112,2025-08-04T06:18:10Z,-3,i just cannot get past the vocal  tone. i think the song is super clever and fun outside of that but just... i can't do nasally singers,15fd1885420d40e68e80c391f6476ae1
spotify:track:7F1wUwiqS0wHVCEOsKYWjm,a0672a3d11374827b1e2754a53877112,2025-08-04T06:18:10Z,2,the chorus and brass instruments were giving me so much :> ,15fd1885420d40e68e80c391f6476ae1
spotify:track:6Pr8XwN9d3mtDiEnvaWag7,a0672a3d11374827b1e2754a53877112,2025-08-04T06:18:10Z,5,i trust whoever shared this with my life ,15fd1885420d40e68e80c391f6476ae1
spotify:track:5z0wqq7oKSJDsihurKIXD7,a0672a3d11374827b1e2754a53877112,2025-08-04T06:18:10Z,1,+1 for the cunty album cover,15fd1885420d40e68e80c391f6476ae1
spotify:track:5q8PArV4Tbt6efvP7qxp0u,a0672a3d11374827b1e2754a53877112,2025-08-04T06:18:10Z,-3,"this was, in fact, not my jam",15fd1885420d40e68e80c391f6476ae1
spotify:track:5li8Xl69ORKZNrqn1Uz3IX,a0672a3d11374827b1e2754a53877112,2025-08-04T06:18:10Z,1,"one of the youtube comments on this was ""what a hidden gem of a track!"" and i fear nonplus86 ate with that one",15fd1885420d40e68e80c391f6476ae1
spotify:track:5CtrLC1MjZH4C4sq5VSSRZ,a0672a3d11374827b1e2754a53877112,2025-08-04T06:18:10Z,2,loved the vocals on this!!!! ate that shit uppppppp,15fd1885420d40e68e80c391f6476ae1
spotify:track:4lcDnsR71jJ09R2SZAegws,a0672a3d11374827b1e2754a53877112,2025-08-04T06:18:10Z,2,okay high notes i see you 👀,15fd1885420d40e68e80c391f6476ae1
spotify:track:4cHr9tKAv2sHQwj79tmCG8,a0672a3d11374827b1e2754a53877112,2025-08-04T06:18:10Z,1,listen... the Janelle Monae feature is instantly a loss of points bc i know who they are... BUT this song EATS SO HARD. +1 but you're on thin ice...,15fd1885420d40e68e80c391f6476ae1
spotify:track:49z8uMXflgtt6eQ3x7NRTN,a0672a3d11374827b1e2754a53877112,2025-08-04T06:18:10Z,2,lana del rey ass song title,15fd1885420d40e68e80c391f6476ae1
spotify:track:3P5aoR3zhCPJima7HpbssW,a0672a3d11374827b1e2754a53877112,2025-08-04T06:18:10Z,0,i literally cannot form an opinion on this song ,15fd1885420d40e68e80c391f6476ae1
spotify:track:3foEWcAlqsJDApq7ad0SAy,a0672a3d11374827b1e2754a53877112,2025-08-04T06:18:10Z,4,this song feels like it escaped out of the 80s in the best way possible,15fd1885420d40e68e80c391f6476ae1
spotify:track:2wTmB4P7N0c3FnSV8w08eX,a0672a3d11374827b1e2754a53877112,2025-08-04T06:18:10Z,-1,Messer is one of the only groups ive heard of... so I gotta take away a point. sorryyyyy,15fd1885420d40e68e80c391f6476ae1
spotify:track:2Gu2H8HRVuV9GOneJuYV5D,a0672a3d11374827b1e2754a53877112,2025-08-04T06:18:10Z,2,i liked the vocals and the chorusssssss. this definitely feels like a product of like mid 2010s indie pop but it's kinda serving bc of that??? ,15fd1885420d40e68e80c391f6476ae1
spotify:track:2G1PImEpUqv0RjRWPbDW4K,a0672a3d11374827b1e2754a53877112,2025-08-04T06:18:10Z,5,i am now a gaidaa superfan,15fd1885420d40e68e80c391f6476ae1
spotify:track:12n47FuVsiUGug0xkiGkSc,a0672a3d11374827b1e2754a53877112,2025-08-04T06:18:10Z,3,divineeeeeeeeee and soulful and glorious,15fd1885420d40e68e80c391f6476ae1
spotify:track:0JsRZWdSquAQtgyJO8mhLA,a0672a3d11374827b1e2754a53877112,2025-08-04T06:18:10Z,0,"not really my vibe but it was an easy, smooth listen",15fd1885420d40e68e80c391f6476ae1
spotify:track:0Gqlu4lkp2Rtc6jPwfWEaP,a0672a3d11374827b1e2754a53877112,2025-08-04T06:18:10Z,-3,what did he do to the poor sideview mirror ,15fd1885420d40e68e80c391f6476ae1
spotify:track:5q8PArV4Tbt6efvP7qxp0u,b467147d8b6345bda21d8919e00746fc,2025-08-04T21:06:07Z,3,,15fd1885420d40e68e80c391f6476ae1
spotify:track:7F1wUwiqS0wHVCEOsKYWjm,b467147d8b6345bda21d8919e00746fc,2025-08-04T21:06:07Z,-1,,15fd1885420d40e68e80c391f6476ae1
spotify:track:6Pr8XwN9d3mtDiEnvaWag7,b467147d8b6345bda21d8919e00746fc,2025-08-04T21:06:07Z,3,,15fd1885420d40e68e80c391f6476ae1
spotify:track:00kifif59mCULIDtYPxp1G,b467147d8b6345bda21d8919e00746fc,2025-08-04T21:06:07Z,3,,15fd1885420d40e68e80c391f6476ae1
spotify:track:08QR5rOcLCvGgh4S0bBso8,b467147d8b6345bda21d8919e00746fc,2025-08-04T21:06:07Z,3,,15fd1885420d40e68e80c391f6476ae1
spotify:track:0Gqlu4lkp2Rtc6jPwfWEaP,b467147d8b6345bda21d8919e00746fc,2025-08-04T21:06:07Z,3,,15fd1885420d40e68e80c391f6476ae1
spotify:track:0JsRZWdSquAQtgyJO8mhLA,b467147d8b6345bda21d8919e00746fc,2025-08-04T21:06:07Z,-1,,15fd1885420d40e68e80c391f6476ae1
spotify:track:12n47FuVsiUGug0xkiGkSc,b467147d8b6345bda21d8919e00746fc,2025-08-04T21:06:07Z,-2,,15fd1885420d40e68e80c391f6476ae1
spotify:track:2G1PImEpUqv0RjRWPbDW4K,b467147d8b6345bda21d8919e00746fc,2025-08-04T21:06:07Z,-1,,15fd1885420d40e68e80c391f6476ae1
spotify:track:2Gu2H8HRVuV9GOneJuYV5D,b467147d8b6345bda21d8919e00746fc,2025-08-04T21:06:07Z,4,,15fd1885420d40e68e80c391f6476ae1
spotify:track:2wTmB4P7N0c3FnSV8w08eX,b467147d8b6345bda21d8919e00746fc,2025-08-04T21:06:07Z,-1,,15fd1885420d40e68e80c391f6476ae1
spotify:track:3foEWcAlqsJDApq7ad0SAy,b467147d8b6345bda21d8919e00746fc,2025-08-04T21:06:07Z,-1,,15fd1885420d40e68e80c391f6476ae1
spotify:track:3P5aoR3zhCPJima7HpbssW,b467147d8b6345bda21d8919e00746fc,2025-08-04T21:06:07Z,-1,,15fd1885420d40e68e80c391f6476ae1
spotify:track:49z8uMXflgtt6eQ3x7NRTN,b467147d8b6345bda21d8919e00746fc,2025-08-04T21:06:07Z,4,,15fd1885420d40e68e80c391f6476ae1
spotify:track:4cHr9tKAv2sHQwj79tmCG8,b467147d8b6345bda21d8919e00746fc,2025-08-04T21:06:07Z,-1,,15fd1885420d40e68e80c391f6476ae1
spotify:track:4lcDnsR71jJ09R2SZAegws,b467147d8b6345bda21d8919e00746fc,2025-08-04T21:06:07Z,4,,15fd1885420d40e68e80c391f6476ae1
spotify:track:5CtrLC1MjZH4C4sq5VSSRZ,b467147d8b6345bda21d8919e00746fc,2025-08-04T21:06:07Z,-1,,15fd1885420d40e68e80c391f6476ae1
spotify:track:5z0wqq7oKSJDsihurKIXD7,b467147d8b6345bda21d8919e00746fc,2025-08-04T21:06:07Z,3,,15fd1885420d40e68e80c391f6476ae1
spotify:track:5z0wqq7oKSJDsihurKIXD7,4f168741900f4f19979a06dcbd50e408,2025-08-04T23:26:39Z,3,I had to listen to this one a few times to really get it and it is growing on me a lot ,15fd1885420d40e68e80c391f6476ae1
spotify:track:5li8Xl69ORKZNrqn1Uz3IX,4f168741900f4f19979a06dcbd50e408,2025-08-04T23:26:39Z,4,"I enjoy listening to this a lot, funny contrast between the lyrics and the sound
🥰die right now!🤭🤗",15fd1885420d40e68e80c391f6476ae1
spotify:track:5CtrLC1MjZH4C4sq5VSSRZ,4f168741900f4f19979a06dcbd50e408,2025-08-04T23:26:39Z,-3,This is my bottom this week.. something abt the way she sings.. I just don’t believe her. No emotion. Like girl did they really tear ur world up?! Cuz ur not singing like it!!! ,15fd1885420d40e68e80c391f6476ae1
spotify:track:4lcDnsR71jJ09R2SZAegws,4f168741900f4f19979a06dcbd50e408,2025-08-04T23:26:39Z,3,Hell ya girly 😛🤘,15fd1885420d40e68e80c391f6476ae1
spotify:track:4cHr9tKAv2sHQwj79tmCG8,4f168741900f4f19979a06dcbd50e408,2025-08-04T23:26:39Z,-2,I was excited at first bc I hav never heard this and I do love Janelle but then it went on and I did not like it 😥😦,15fd1885420d40e68e80c391f6476ae1
spotify:track:49z8uMXflgtt6eQ3x7NRTN,4f168741900f4f19979a06dcbd50e408,2025-08-04T23:26:39Z,2,This was fun! Stay away from me!! 😜,15fd1885420d40e68e80c391f6476ae1
spotify:track:3foEWcAlqsJDApq7ad0SAy,4f168741900f4f19979a06dcbd50e408,2025-08-04T23:26:39Z,5,"Very cool mix of genres, reminded me of STRFKR but also Phoenix but also Bleachers!? All while their name kinda looks like matchinegun(Kelly) if u squint!? I’m down",15fd1885420d40e68e80c391f6476ae1
spotify:track:2Gu2H8HRVuV9GOneJuYV5D,4f168741900f4f19979a06dcbd50e408,2025-08-04T23:26:39Z,3,"Pleasantly surprised at the progression of this song, I really liked it ",15fd1885420d40e68e80c391f6476ae1
spotify:track:2G1PImEpUqv0RjRWPbDW4K,4f168741900f4f19979a06dcbd50e408,2025-08-04T23:26:39Z,2,love the guitar and vocals,15fd1885420d40e68e80c391f6476ae1
spotify:track:12n47FuVsiUGug0xkiGkSc,4f168741900f4f19979a06dcbd50e408,2025-08-04T23:26:39Z,3,Hell ya Who we straightening out? 🤜🧍‍♀️🤛,15fd1885420d40e68e80c391f6476ae1
spotify:track:0JsRZWdSquAQtgyJO8mhLA,4f168741900f4f19979a06dcbd50e408,2025-08-04T23:26:39Z,2,Unfortunately this is the only song on this playlist that I had heard before 😞 BUT it is so good and I also thought about submitting it so I am still giving u a little bit of credit ,15fd1885420d40e68e80c391f6476ae1
spotify:track:0Gqlu4lkp2Rtc6jPwfWEaP,4f168741900f4f19979a06dcbd50e408,2025-08-04T23:26:39Z,1,1 point for u elon. Fishbowl better 🐟,15fd1885420d40e68e80c391f6476ae1
spotify:track:08QR5rOcLCvGgh4S0bBso8,4f168741900f4f19979a06dcbd50e408,2025-08-04T23:26:39Z,2,,15fd1885420d40e68e80c391f6476ae1
spotify:track:00kifif59mCULIDtYPxp1G,4f168741900f4f19979a06dcbd50e408,2025-08-04T23:26:39Z,-2,I don’t want to ~ “rain” ~ on your parade.. but lyrics were a lil cringe for me,15fd1885420d40e68e80c391f6476ae1
spotify:track:5q8PArV4Tbt6efvP7qxp0u,4f168741900f4f19979a06dcbd50e408,2025-08-04T23:26:39Z,-2,It had me for a second at the VERY START.. and then when they said “SoOOuuLlL” i was out. It’s mostly lyrics I think. But like the sound ,15fd1885420d40e68e80c391f6476ae1
spotify:track:6Pr8XwN9d3mtDiEnvaWag7,4f168741900f4f19979a06dcbd50e408,2025-08-04T23:26:39Z,-1,Just didn’t do much for me 😞,15fd1885420d40e68e80c391f6476ae1
spotify:track:08QR5rOcLCvGgh4S0bBso8,67ba17e18a3a415abbe4060f1d4e6b77,2025-08-05T00:47:25Z,1,,15fd1885420d40e68e80c391f6476ae1
spotify:track:0Gqlu4lkp2Rtc6jPwfWEaP,67ba17e18a3a415abbe4060f1d4e6b77,2025-08-05T00:47:25Z,5,Love this. Whose friend is this/ when are we going to see them play?,15fd1885420d40e68e80c391f6476ae1
spotify:track:0JsRZWdSquAQtgyJO8mhLA,67ba17e18a3a415abbe4060f1d4e6b77,2025-08-05T00:47:25Z,3,,15fd1885420d40e68e80c391f6476ae1
spotify:track:12n47FuVsiUGug0xkiGkSc,67ba17e18a3a415abbe4060f1d4e6b77,2025-08-05T00:47:25Z,3,,15fd1885420d40e68e80c391f6476ae1
spotify:track:2G1PImEpUqv0RjRWPbDW4K,67ba17e18a3a415abbe4060f1d4e6b77,2025-08-05T00:47:25Z,2,,15fd1885420d40e68e80c391f6476ae1
spotify:track:2Gu2H8HRVuV9GOneJuYV5D,67ba17e18a3a415abbe4060f1d4e6b77,2025-08-05T00:47:25Z,3,,15fd1885420d40e68e80c391f6476ae1
spotify:track:3foEWcAlqsJDApq7ad0SAy,67ba17e18a3a415abbe4060f1d4e6b77,2025-08-05T00:47:25Z,-3,Not my fav,15fd1885420d40e68e80c391f6476ae1
spotify:track:3P5aoR3zhCPJima7HpbssW,67ba17e18a3a415abbe4060f1d4e6b77,2025-08-05T00:47:25Z,4,,15fd1885420d40e68e80c391f6476ae1
spotify:track:49z8uMXflgtt6eQ3x7NRTN,67ba17e18a3a415abbe4060f1d4e6b77,2025-08-05T00:47:25Z,3,Love the vibe,15fd1885420d40e68e80c391f6476ae1
spotify:track:4cHr9tKAv2sHQwj79tmCG8,67ba17e18a3a415abbe4060f1d4e6b77,2025-08-05T00:47:25Z,-2,Only because I’ve heard the song before,15fd1885420d40e68e80c391f6476ae1
spotify:track:4lcDnsR71jJ09R2SZAegws,67ba17e18a3a415abbe4060f1d4e6b77,2025-08-05T00:47:25Z,3,,15fd1885420d40e68e80c391f6476ae1
spotify:track:5li8Xl69ORKZNrqn1Uz3IX,67ba17e18a3a415abbe4060f1d4e6b77,2025-08-05T00:47:25Z,-1,,15fd1885420d40e68e80c391f6476ae1
spotify:track:5q8PArV4Tbt6efvP7qxp0u,67ba17e18a3a415abbe4060f1d4e6b77,2025-08-05T00:47:25Z,-3,Not my fav,15fd1885420d40e68e80c391f6476ae1
spotify:track:7F1wUwiqS0wHVCEOsKYWjm,67ba17e18a3a415abbe4060f1d4e6b77,2025-08-05T00:47:25Z,3,,15fd1885420d40e68e80c391f6476ae1
spotify:track:5z0wqq7oKSJDsihurKIXD7,67ba17e18a3a415abbe4060f1d4e6b77,2025-08-05T00:47:25Z,-1,,15fd1885420d40e68e80c391f6476ae1
spotify:track:2G1PImEpUqv0RjRWPbDW4K,bb9998daa35440aea3b29123cc71985c,2025-08-05T01:49:16Z,1,"Good song, ethereal. 1.5M monthly listeners not really a hidden gem. ",15fd1885420d40e68e80c391f6476ae1
spotify:track:00kifif59mCULIDtYPxp1G,bb9998daa35440aea3b29123cc71985c,2025-08-05T01:49:16Z,-3,Didn’t like it; reminded me of a 2011 YouTube parody song. ,15fd1885420d40e68e80c391f6476ae1
spotify:track:08QR5rOcLCvGgh4S0bBso8,bb9998daa35440aea3b29123cc71985c,2025-08-05T01:49:16Z,4,Love the beat! Reminds me of Sabrina Carpenter. ,15fd1885420d40e68e80c391f6476ae1
spotify:track:0Gqlu4lkp2Rtc6jPwfWEaP,bb9998daa35440aea3b29123cc71985c,2025-08-05T01:49:16Z,1,Not my vibe but it’s okay.,15fd1885420d40e68e80c391f6476ae1
spotify:track:0JsRZWdSquAQtgyJO8mhLA,bb9998daa35440aea3b29123cc71985c,2025-08-05T01:49:16Z,1,Mid. Didn’t love it didn’t hate it. Would def play in an episode of Degrassi. ,15fd1885420d40e68e80c391f6476ae1
spotify:track:12n47FuVsiUGug0xkiGkSc,bb9998daa35440aea3b29123cc71985c,2025-08-05T01:49:16Z,4,Groovy - love the raspy vocals and piano. ,15fd1885420d40e68e80c391f6476ae1
spotify:track:2Gu2H8HRVuV9GOneJuYV5D,bb9998daa35440aea3b29123cc71985c,2025-08-05T01:49:16Z,1,"Mid, very chill, sounds like it’d be in a video game. Nice vocals. ",15fd1885420d40e68e80c391f6476ae1
spotify:track:2wTmB4P7N0c3FnSV8w08eX,bb9998daa35440aea3b29123cc71985c,2025-08-05T01:49:16Z,2,Heavy on the 90s Cher - didn’t like at first until the beat came in. ,15fd1885420d40e68e80c391f6476ae1
spotify:track:3foEWcAlqsJDApq7ad0SAy,bb9998daa35440aea3b29123cc71985c,2025-08-05T01:49:16Z,3,"This is a such a vibe, loved this one!",15fd1885420d40e68e80c391f6476ae1
spotify:track:3P5aoR3zhCPJima7HpbssW,bb9998daa35440aea3b29123cc71985c,2025-08-05T01:49:16Z,1,"Didn’t love it, didn’t hate it. ",15fd1885420d40e68e80c391f6476ae1
spotify:track:49z8uMXflgtt6eQ3x7NRTN,bb9998daa35440aea3b29123cc71985c,2025-08-05T01:49:16Z,2,WF slaps. Minus point cuz I know them. ,15fd1885420d40e68e80c391f6476ae1
spotify:track:4cHr9tKAv2sHQwj79tmCG8,bb9998daa35440aea3b29123cc71985c,2025-08-05T01:49:16Z,4,Really liked this one! ,15fd1885420d40e68e80c391f6476ae1
spotify:track:4lcDnsR71jJ09R2SZAegws,bb9998daa35440aea3b29123cc71985c,2025-08-05T01:49:16Z,-2,Ehhhhhhh…,15fd1885420d40e68e80c391f6476ae1
spotify:track:5CtrLC1MjZH4C4sq5VSSRZ,bb9998daa35440aea3b29123cc71985c,2025-08-05T01:49:16Z,1,"Not bad, good vocals. ",15fd1885420d40e68e80c391f6476ae1
spotify:track:5li8Xl69ORKZNrqn1Uz3IX,bb9998daa35440aea3b29123cc71985c,2025-08-05T01:49:16Z,-2,Okay…,15fd1885420d40e68e80c391f6476ae1
spotify:track:5q8PArV4Tbt6efvP7qxp0u,bb9998daa35440aea3b29123cc71985c,2025-08-05T01:49:16Z,-3,1.4M monthly listeners!!! Nah. ,15fd1885420d40e68e80c391f6476ae1
spotify:track:6Pr8XwN9d3mtDiEnvaWag7,bb9998daa35440aea3b29123cc71985c,2025-08-05T01:49:16Z,2,"Good song, nice beat. ",15fd1885420d40e68e80c391f6476ae1
spotify:track:7F1wUwiqS0wHVCEOsKYWjm,bb9998daa35440aea3b29123cc71985c,2025-08-05T01:49:16Z,3,"Interesting, liked this one, very dynamic. ",15fd1885420d40e68e80c391f6476ae1
spotify:track:08QR5rOcLCvGgh4S0bBso8,2a199944cf5a418ba77e17380f808df7,2025-08-05T16:01:27Z,4,omg this is SO GOOD!!! we will be adding to my library... it reminds me of something but i cant quite put my finger on what... i love the touch of electronic stuff in random sections... i love! (theme: 5/5 | personal taste: 4.5/5),15fd1885420d40e68e80c391f6476ae1
spotify:track:12n47FuVsiUGug0xkiGkSc,2a199944cf5a418ba77e17380f808df7,2025-08-05T16:01:27Z,-3,i dont really have many thoughts... just not my taste in music (theme: 4/5 | personal taste: 0.5/5),15fd1885420d40e68e80c391f6476ae1
spotify:track:2G1PImEpUqv0RjRWPbDW4K,2a199944cf5a418ba77e17380f808df7,2025-08-05T16:01:27Z,-2,good... i suppose just not my taste (theme: 4/5 | personal taste: 1.5/5),15fd1885420d40e68e80c391f6476ae1
spotify:track:2Gu2H8HRVuV9GOneJuYV5D,2a199944cf5a418ba77e17380f808df7,2025-08-05T16:01:27Z,5,OOOOO THIS INTRO IS FIRE WHAT??? omg the chorus??? the vocals??? obsessed... the lyrics... so serve! this is so good!!!! who are these divas???? MY FAV THIS ROUND (theme: 5/5 | personal taste: 5/5),15fd1885420d40e68e80c391f6476ae1
spotify:track:2wTmB4P7N0c3FnSV8w08eX,2a199944cf5a418ba77e17380f808df7,2025-08-05T16:01:27Z,3,oh i know this is u brandon... *smirk* cuz lowkey the vocals sound like urs lol... i love the build up of this mysterious sounds synth.... its very peaceful sounding to me! i feel like im under the sea... swimming around with light flickering on and off through the waves (theme: 5/5 | personal taste: 4/5),15fd1885420d40e68e80c391f6476ae1
spotify:track:3foEWcAlqsJDApq7ad0SAy,2a199944cf5a418ba77e17380f808df7,2025-08-05T16:01:27Z,1,at first i thought someone was bringing in some ambient music... but still a stan! not a fan of the vocals tho (theme: 5/5 | personal taste: 2.5/5),15fd1885420d40e68e80c391f6476ae1
spotify:track:3P5aoR3zhCPJima7HpbssW,2a199944cf5a418ba77e17380f808df7,2025-08-05T16:01:27Z,0,i like it. i dont have much to say about it tho. reminds me of vampire weekend in a good way (theme: 5/5 | personal taste: 2/5),15fd1885420d40e68e80c391f6476ae1
spotify:track:49z8uMXflgtt6eQ3x7NRTN,2a199944cf5a418ba77e17380f808df7,2025-08-05T16:01:27Z,3,okkkkk punk pop !!! living for this hehehehe (theme: 5/5 | personal taste: 4/5),15fd1885420d40e68e80c391f6476ae1
spotify:track:4cHr9tKAv2sHQwj79tmCG8,2a199944cf5a418ba77e17380f808df7,2025-08-05T16:01:27Z,-2,i dont... know. im deducting points for theme cuz ik janelle (theme: 4/5 | personal taste: 1/5),15fd1885420d40e68e80c391f6476ae1
spotify:track:4lcDnsR71jJ09R2SZAegws,2a199944cf5a418ba77e17380f808df7,2025-08-05T16:01:27Z,3,oooo... this is so cool! very cool vocals & beats.... #iconic its giving paramore to me (theme: 5/5 | personal taste: 4/5),15fd1885420d40e68e80c391f6476ae1
spotify:track:5CtrLC1MjZH4C4sq5VSSRZ,2a199944cf5a418ba77e17380f808df7,2025-08-05T16:01:27Z,0,hey marceline ;),15fd1885420d40e68e80c391f6476ae1
spotify:track:5li8Xl69ORKZNrqn1Uz3IX,2a199944cf5a418ba77e17380f808df7,2025-08-05T16:01:27Z,2,OMG??? the middle of the song is so COOOLLLLL whattttt??? i feel like im on mario kart rainbow road.... LOL and the end... i love a crazy ass song tbh i just feel like the normal parts are kinda lackluster sadly.... however i am very curious about their other discography.. (theme: 5/5 | personal taste: 3.5/5),15fd1885420d40e68e80c391f6476ae1
spotify:track:5q8PArV4Tbt6efvP7qxp0u,2a199944cf5a418ba77e17380f808df7,2025-08-05T16:01:27Z,1,the album cover is iconic LOL and the song is pretty cool!!! i enjoy the bridge (theme: 5/5 | personal taste: 2.5/5),15fd1885420d40e68e80c391f6476ae1
spotify:track:5z0wqq7oKSJDsihurKIXD7,2a199944cf5a418ba77e17380f808df7,2025-08-05T16:01:27Z,-2,just not my vibe at all (theme: 5/5 | personal taste: 1/5),15fd1885420d40e68e80c391f6476ae1
spotify:track:6Pr8XwN9d3mtDiEnvaWag7,2a199944cf5a418ba77e17380f808df7,2025-08-05T16:01:27Z,0,omg the saxophone at the end? living for it. (theme: 5/5 | personal taste: 2/5),15fd1885420d40e68e80c391f6476ae1
spotify:track:7F1wUwiqS0wHVCEOsKYWjm,2a199944cf5a418ba77e17380f808df7,2025-08-05T16:01:27Z,2,"oh HES HOT ASF.... foaming at the mouth.... he looked italian LOL i love his vocals tbh... like it eats which is funny because i usually dont like music like this... i checked out his other songs and i really love habibi! his vibe is kinda giving like a cool mix between country/folk, powerhouse vocals, but with a deep... interesting background sound... very magical sounding to me. his bio on apple music says arabic inspired sounds... which makes sense for why i like it LOL im a eurodance/ europop girl at heart. (theme: 5/5 | personal taste: 3.5/5)",15fd1885420d40e68e80c391f6476ae1
spotify:track:0Gqlu4lkp2Rtc6jPwfWEaP,2a199944cf5a418ba77e17380f808df7,2025-08-05T16:01:27Z,3,omg???? 6 monthly listeners... of u understood the challenge BAHAHA! tbh... its a cute song! (theme: 5.5/5 | personal taste: 3/5),15fd1885420d40e68e80c391f6476ae1
spotify:track:0JsRZWdSquAQtgyJO8mhLA,2a199944cf5a418ba77e17380f808df7,2025-08-05T16:01:27Z,-1,its peaceful but i found it kinda boring... im sorry ;-; (theme: 5/5 | personal taste: 1.5/5),15fd1885420d40e68e80c391f6476ae1
spotify:track:00kifif59mCULIDtYPxp1G,2a199944cf5a418ba77e17380f808df7,2025-08-05T16:01:27Z,3,omg this is cute!!! it gives me like 2013 YouTuber music... but in a good way LOL (theme: 5/5 | personal taste: 4/5),15fd1885420d40e68e80c391f6476ae1
spotify:track:08QR5rOcLCvGgh4S0bBso8,01d0fcb93151477b842d0ee8fe6510e3,2025-08-05T16:22:44Z,3,I fear this is the effortless cool vibe Tate McRae wants to have,15fd1885420d40e68e80c391f6476ae1
spotify:track:0JsRZWdSquAQtgyJO8mhLA,01d0fcb93151477b842d0ee8fe6510e3,2025-08-05T16:22:44Z,2,This gives me the same happy feeling of the era and song Home by Edward Sharpe and the Magnetic Zeros ,15fd1885420d40e68e80c391f6476ae1
spotify:track:12n47FuVsiUGug0xkiGkSc,01d0fcb93151477b842d0ee8fe6510e3,2025-08-05T16:22:44Z,2,,15fd1885420d40e68e80c391f6476ae1
spotify:track:2G1PImEpUqv0RjRWPbDW4K,01d0fcb93151477b842d0ee8fe6510e3,2025-08-05T16:22:44Z,2,Yummy,15fd1885420d40e68e80c391f6476ae1
spotify:track:2Gu2H8HRVuV9GOneJuYV5D,01d0fcb93151477b842d0ee8fe6510e3,2025-08-05T16:22:44Z,2,This would fs be on a 2000s CW show ,15fd1885420d40e68e80c391f6476ae1
spotify:track:2wTmB4P7N0c3FnSV8w08eX,01d0fcb93151477b842d0ee8fe6510e3,2025-08-05T16:22:44Z,4,Added to playlist ,15fd1885420d40e68e80c391f6476ae1
spotify:track:3foEWcAlqsJDApq7ad0SAy,01d0fcb93151477b842d0ee8fe6510e3,2025-08-05T16:22:44Z,4,IMMEDIATE PLAYLIST ADD,15fd1885420d40e68e80c391f6476ae1
spotify:track:3P5aoR3zhCPJima7HpbssW,01d0fcb93151477b842d0ee8fe6510e3,2025-08-05T16:22:44Z,2,,15fd1885420d40e68e80c391f6476ae1
spotify:track:4cHr9tKAv2sHQwj79tmCG8,01d0fcb93151477b842d0ee8fe6510e3,2025-08-05T16:22:44Z,-3,Janelle Monet is huge?,15fd1885420d40e68e80c391f6476ae1
spotify:track:4lcDnsR71jJ09R2SZAegws,01d0fcb93151477b842d0ee8fe6510e3,2025-08-05T16:22:44Z,1,,15fd1885420d40e68e80c391f6476ae1
spotify:track:5CtrLC1MjZH4C4sq5VSSRZ,01d0fcb93151477b842d0ee8fe6510e3,2025-08-05T16:22:44Z,-1,Wine drunk mommy music,15fd1885420d40e68e80c391f6476ae1
spotify:track:5li8Xl69ORKZNrqn1Uz3IX,01d0fcb93151477b842d0ee8fe6510e3,2025-08-05T16:22:44Z,-2,,15fd1885420d40e68e80c391f6476ae1
spotify:track:5q8PArV4Tbt6efvP7qxp0u,01d0fcb93151477b842d0ee8fe6510e3,2025-08-05T16:22:44Z,-2,,15fd1885420d40e68e80c391f6476ae1
spotify:track:5z0wqq7oKSJDsihurKIXD7,01d0fcb93151477b842d0ee8fe6510e3,2025-08-05T16:22:44Z,4,Added to playlist,15fd1885420d40e68e80c391f6476ae1
spotify:track:6Pr8XwN9d3mtDiEnvaWag7,01d0fcb93151477b842d0ee8fe6510e3,2025-08-05T16:22:44Z,3,I like this flavor,15fd1885420d40e68e80c391f6476ae1
spotify:track:7F1wUwiqS0wHVCEOsKYWjm,01d0fcb93151477b842d0ee8fe6510e3,2025-08-05T16:22:44Z,-1,Edward Cullen would love this,15fd1885420d40e68e80c391f6476ae1
spotify:track:00kifif59mCULIDtYPxp1G,01d0fcb93151477b842d0ee8fe6510e3,2025-08-05T16:22:44Z,1,Feels like young Ed Sheeran,15fd1885420d40e68e80c391f6476ae1
spotify:track:0Gqlu4lkp2Rtc6jPwfWEaP,01d0fcb93151477b842d0ee8fe6510e3,2025-08-05T16:22:44Z,-1,,15fd1885420d40e68e80c391f6476ae1
spotify:track:3P5aoR3zhCPJima7HpbssW,78e7775bd32b4b4ebaf5be442a27e180,2025-08-06T02:17:27Z,2,Cover art is cool. Love the vocals and  rising and falling intensity throughout ,15fd1885420d40e68e80c391f6476ae1
spotify:track:00kifif59mCULIDtYPxp1G,78e7775bd32b4b4ebaf5be442a27e180,2025-08-06T02:17:27Z,1,Reminds me of specific post 2016 election songs … which is guess makes sense. Solid!,15fd1885420d40e68e80c391f6476ae1
spotify:track:08QR5rOcLCvGgh4S0bBso8,78e7775bd32b4b4ebaf5be442a27e180,2025-08-06T02:17:27Z,4,Just a solid song from start to finish. Added to many playlists ,15fd1885420d40e68e80c391f6476ae1
spotify:track:0Gqlu4lkp2Rtc6jPwfWEaP,78e7775bd32b4b4ebaf5be442a27e180,2025-08-06T02:17:27Z,0,Watched this song get recorded so it’s sentimental to me,15fd1885420d40e68e80c391f6476ae1
spotify:track:0JsRZWdSquAQtgyJO8mhLA,78e7775bd32b4b4ebaf5be442a27e180,2025-08-06T02:17:27Z,-3,Haven’t heard of them. Good song! But 68 mil streams? Wow!,15fd1885420d40e68e80c391f6476ae1
spotify:track:12n47FuVsiUGug0xkiGkSc,78e7775bd32b4b4ebaf5be442a27e180,2025-08-06T02:17:27Z,1,Didn’t know this artist. It is their #1 song. But very nice. Felt like I was in a music professors office ,15fd1885420d40e68e80c391f6476ae1
spotify:track:2G1PImEpUqv0RjRWPbDW4K,78e7775bd32b4b4ebaf5be442a27e180,2025-08-06T02:17:27Z,3,Loved this song! Added to many chill playlists!,15fd1885420d40e68e80c391f6476ae1
spotify:track:2Gu2H8HRVuV9GOneJuYV5D,78e7775bd32b4b4ebaf5be442a27e180,2025-08-06T02:17:27Z,2,Idk why but this reminded me of a song that would be in transformers but like someone died or it’s a sad edit ,15fd1885420d40e68e80c391f6476ae1
spotify:track:2wTmB4P7N0c3FnSV8w08eX,78e7775bd32b4b4ebaf5be442a27e180,2025-08-06T02:17:27Z,2,Fun summer vibes. Added to the driving playlist!,15fd1885420d40e68e80c391f6476ae1
spotify:track:3foEWcAlqsJDApq7ad0SAy,78e7775bd32b4b4ebaf5be442a27e180,2025-08-06T02:17:27Z,2,The video on Spotify tripped my cat out but I am a sucker for the melancholy indie vibe,15fd1885420d40e68e80c391f6476ae1
spotify:track:49z8uMXflgtt6eQ3x7NRTN,78e7775bd32b4b4ebaf5be442a27e180,2025-08-06T02:17:27Z,5,Listened to this and was expecting to see like 10 mil streams. Loved it loved it. Whoever submitted this needs a medal ,15fd1885420d40e68e80c391f6476ae1
spotify:track:4cHr9tKAv2sHQwj79tmCG8,78e7775bd32b4b4ebaf5be442a27e180,2025-08-06T02:17:27Z,1,Do have to take a point off for knowing this song already but I do love it ,15fd1885420d40e68e80c391f6476ae1
spotify:track:4lcDnsR71jJ09R2SZAegws,78e7775bd32b4b4ebaf5be442a27e180,2025-08-06T02:17:27Z,-2,Is it bad if I kinda wanted it to go so much harder? Like I want a metal cover of this or to see live!,15fd1885420d40e68e80c391f6476ae1
spotify:track:5CtrLC1MjZH4C4sq5VSSRZ,78e7775bd32b4b4ebaf5be442a27e180,2025-08-06T02:17:27Z,1,Will be listening to this when my heart breaks again or I’m slightly inconvenienced. Added to those appropriate playlists ,15fd1885420d40e68e80c391f6476ae1
spotify:track:5li8Xl69ORKZNrqn1Uz3IX,78e7775bd32b4b4ebaf5be442a27e180,2025-08-06T02:17:27Z,-2,Ngl it won’t let me submit without using my thumbs down. Srry. I liked the song!,15fd1885420d40e68e80c391f6476ae1
spotify:track:5q8PArV4Tbt6efvP7qxp0u,78e7775bd32b4b4ebaf5be442a27e180,2025-08-06T02:17:27Z,1,I feel like this should be in guilty pleasures… and I would not be guilty for jamming to this ngl,15fd1885420d40e68e80c391f6476ae1
spotify:track:5z0wqq7oKSJDsihurKIXD7,78e7775bd32b4b4ebaf5be442a27e180,2025-08-06T02:17:27Z,3,Loved this song so much. Made me want to scream and cry in my bathroom ,15fd1885420d40e68e80c391f6476ae1
spotify:track:6Pr8XwN9d3mtDiEnvaWag7,78e7775bd32b4b4ebaf5be442a27e180,2025-08-06T02:17:27Z,2,Super fun song!,15fd1885420d40e68e80c391f6476ae1
spotify:track:7F1wUwiqS0wHVCEOsKYWjm,78e7775bd32b4b4ebaf5be442a27e180,2025-08-06T02:17:27Z,-3,Didn’t love the skeleton staring at me on Spotify and the chorus reminded me of hey Jude. ,15fd1885420d40e68e80c391f6476ae1
spotify:track:5z0wqq7oKSJDsihurKIXD7,3381f2b8e5a74019b7f93a802001397a,2025-08-06T04:40:02Z,-1,,15fd1885420d40e68e80c391f6476ae1
spotify:track:5q8PArV4Tbt6efvP7qxp0u,3381f2b8e5a74019b7f93a802001397a,2025-08-06T04:40:02Z,-2,,15fd1885420d40e68e80c391f6476ae1
spotify:track:5li8Xl69ORKZNrqn1Uz3IX,3381f2b8e5a74019b7f93a802001397a,2025-08-06T04:40:02Z,-2,,15fd1885420d40e68e80c391f6476ae1
spotify:track:5CtrLC1MjZH4C4sq5VSSRZ,3381f2b8e5a74019b7f93a802001397a,2025-08-06T04:40:02Z,1,,15fd1885420d40e68e80c391f6476ae1
spotify:track:4lcDnsR71jJ09R2SZAegws,3381f2b8e5a74019b7f93a802001397a,2025-08-06T04:40:02Z,-1,,15fd1885420d40e68e80c391f6476ae1
spotify:track:4cHr9tKAv2sHQwj79tmCG8,3381f2b8e5a74019b7f93a802001397a,2025-08-06T04:40:02Z,3,S/O Janelle Monet,15fd1885420d40e68e80c391f6476ae1
spotify:track:49z8uMXflgtt6eQ3x7NRTN,3381f2b8e5a74019b7f93a802001397a,2025-08-06T04:40:02Z,-2,,15fd1885420d40e68e80c391f6476ae1
spotify:track:3P5aoR3zhCPJima7HpbssW,3381f2b8e5a74019b7f93a802001397a,2025-08-06T04:40:02Z,2,Nice vibesss,15fd1885420d40e68e80c391f6476ae1
spotify:track:3foEWcAlqsJDApq7ad0SAy,3381f2b8e5a74019b7f93a802001397a,2025-08-06T04:40:02Z,1,Hidden gem artist alert ,15fd1885420d40e68e80c391f6476ae1
spotify:track:2wTmB4P7N0c3FnSV8w08eX,3381f2b8e5a74019b7f93a802001397a,2025-08-06T04:40:02Z,2,"The beginning of this song sounds like we are about to watch a VHS in elementary school, vibing with the nostalgia",15fd1885420d40e68e80c391f6476ae1
spotify:track:2Gu2H8HRVuV9GOneJuYV5D,3381f2b8e5a74019b7f93a802001397a,2025-08-06T04:40:02Z,2,Not sure if it’s intentional but I love that it says “Ever After” lmao,15fd1885420d40e68e80c391f6476ae1
spotify:track:12n47FuVsiUGug0xkiGkSc,3381f2b8e5a74019b7f93a802001397a,2025-08-06T04:40:02Z,5,Love the vibes of this ,15fd1885420d40e68e80c391f6476ae1
spotify:track:0JsRZWdSquAQtgyJO8mhLA,3381f2b8e5a74019b7f93a802001397a,2025-08-06T04:40:02Z,2,,15fd1885420d40e68e80c391f6476ae1
spotify:track:7F1wUwiqS0wHVCEOsKYWjm,3381f2b8e5a74019b7f93a802001397a,2025-08-06T04:40:02Z,-2,,15fd1885420d40e68e80c391f6476ae1
spotify:track:6Pr8XwN9d3mtDiEnvaWag7,3381f2b8e5a74019b7f93a802001397a,2025-08-06T04:40:02Z,1,This artist is rlly a hidden gem with 11k monthly listeners ,15fd1885420d40e68e80c391f6476ae1
spotify:track:0Gqlu4lkp2Rtc6jPwfWEaP,3381f2b8e5a74019b7f93a802001397a,2025-08-06T04:40:02Z,5,Another add to my playlist <3,15fd1885420d40e68e80c391f6476ae1
spotify:track:00kifif59mCULIDtYPxp1G,3381f2b8e5a74019b7f93a802001397a,2025-08-06T04:40:02Z,1,,15fd1885420d40e68e80c391f6476ae1
spotify:track:08QR5rOcLCvGgh4S0bBso8,3381f2b8e5a74019b7f93a802001397a,2025-08-06T04:40:02Z,5,Added to my playlist <3,15fd1885420d40e68e80c391f6476ae1
spotify:track:7F1wUwiqS0wHVCEOsKYWjm,4a705869f6d84f0584387a24c37b961a,2025-08-07T09:29:14Z,3,,15fd1885420d40e68e80c391f6476ae1
spotify:track:08QR5rOcLCvGgh4S0bBso8,4a705869f6d84f0584387a24c37b961a,2025-08-07T09:29:14Z,3,,15fd1885420d40e68e80c391f6476ae1
spotify:track:0Gqlu4lkp2Rtc6jPwfWEaP,4a705869f6d84f0584387a24c37b961a,2025-08-07T09:29:14Z,-1,,15fd1885420d40e68e80c391f6476ae1
spotify:track:0JsRZWdSquAQtgyJO8mhLA,4a705869f6d84f0584387a24c37b961a,2025-08-07T09:29:14Z,3,What a throwback♥️🍑,15fd1885420d40e68e80c391f6476ae1
spotify:track:12n47FuVsiUGug0xkiGkSc,4a705869f6d84f0584387a24c37b961a,2025-08-07T09:29:14Z,3,,15fd1885420d40e68e80c391f6476ae1
spotify:track:2G1PImEpUqv0RjRWPbDW4K,4a705869f6d84f0584387a24c37b961a,2025-08-07T09:29:14Z,3,,15fd1885420d40e68e80c391f6476ae1
spotify:track:2wTmB4P7N0c3FnSV8w08eX,4a705869f6d84f0584387a24c37b961a,2025-08-07T09:29:14Z,-1,,15fd1885420d40e68e80c391f6476ae1
spotify:track:3foEWcAlqsJDApq7ad0SAy,4a705869f6d84f0584387a24c37b961a,2025-08-07T09:29:14Z,3,,15fd1885420d40e68e80c391f6476ae1
spotify:track:3P5aoR3zhCPJima7HpbssW,4a705869f6d84f0584387a24c37b961a,2025-08-07T09:29:14Z,2,,15fd1885420d40e68e80c391f6476ae1
spotify:track:00kifif59mCULIDtYPxp1G,4a705869f6d84f0584387a24c37b961a,2025-08-07T09:29:14Z,-1,,15fd1885420d40e68e80c391f6476ae1
spotify:track:49z8uMXflgtt6eQ3x7NRTN,4a705869f6d84f0584387a24c37b961a,2025-08-07T09:29:14Z,2,,15fd1885420d40e68e80c391f6476ae1
spotify:track:4cHr9tKAv2sHQwj79tmCG8,4a705869f6d84f0584387a24c37b961a,2025-08-07T09:29:14Z,2,,15fd1885420d40e68e80c391f6476ae1
spotify:track:4lcDnsR71jJ09R2SZAegws,4a705869f6d84f0584387a24c37b961a,2025-08-07T09:29:14Z,-1,,15fd1885420d40e68e80c391f6476ae1
spotify:track:5CtrLC1MjZH4C4sq5VSSRZ,4a705869f6d84f0584387a24c37b961a,2025-08-07T09:29:14Z,-1,,15fd1885420d40e68e80c391f6476ae1
spotify:track:5li8Xl69ORKZNrqn1Uz3IX,4a705869f6d84f0584387a24c37b961a,2025-08-07T09:29:14Z,-2,,15fd1885420d40e68e80c391f6476ae1
spotify:track:5q8PArV4Tbt6efvP7qxp0u,4a705869f6d84f0584387a24c37b961a,2025-08-07T09:29:14Z,-3,,15fd1885420d40e68e80c391f6476ae1
spotify:track:5z0wqq7oKSJDsihurKIXD7,4a705869f6d84f0584387a24c37b961a,2025-08-07T09:29:14Z,3,,15fd1885420d40e68e80c391f6476ae1
spotify:track:6Pr8XwN9d3mtDiEnvaWag7,4a705869f6d84f0584387a24c37b961a,2025-08-07T09:29:14Z,3,,15fd1885420d40e68e80c391f6476ae1
spotify:track:0Gqlu4lkp2Rtc6jPwfWEaP,de798b3b84024cd6bf18356ecbc8d1a5,2025-08-07T17:24:40Z,2,This one is very relaxing ☺️ coffee shop vibes in the best way or like cooking in the kitchen. Also production gives frutiger aero (underwater dreamy) vibes,15fd1885420d40e68e80c391f6476ae1
spotify:track:0JsRZWdSquAQtgyJO8mhLA,de798b3b84024cd6bf18356ecbc8d1a5,2025-08-07T17:24:40Z,-1,Immediately thought vocals gave Lana Del Ray and Bleachers. Need this in a YA film (if not already on one),15fd1885420d40e68e80c391f6476ae1
spotify:track:12n47FuVsiUGug0xkiGkSc,de798b3b84024cd6bf18356ecbc8d1a5,2025-08-07T17:24:40Z,2,Skeebeedeebopbopbadoobeedoo (instrumental and chords are amazing),15fd1885420d40e68e80c391f6476ae1
spotify:track:2G1PImEpUqv0RjRWPbDW4K,de798b3b84024cd6bf18356ecbc8d1a5,2025-08-07T17:24:40Z,4,Vocals smooth like butterrrr!! Love a jazzy R&B girl,15fd1885420d40e68e80c391f6476ae1
spotify:track:2Gu2H8HRVuV9GOneJuYV5D,de798b3b84024cd6bf18356ecbc8d1a5,2025-08-07T17:24:40Z,-1,"Vocals are not what I expected from this instrumental. Maybe a little too lowkey than what I expected. Nevertheless, a vibe!",15fd1885420d40e68e80c391f6476ae1
spotify:track:3foEWcAlqsJDApq7ad0SAy,de798b3b84024cd6bf18356ecbc8d1a5,2025-08-07T17:24:40Z,1,Immediately being teleported back in time dancing to this on a prom night.,15fd1885420d40e68e80c391f6476ae1
spotify:track:3P5aoR3zhCPJima7HpbssW,de798b3b84024cd6bf18356ecbc8d1a5,2025-08-07T17:24:40Z,-1,Okay that cover art eats. Spooky!,15fd1885420d40e68e80c391f6476ae1
spotify:track:49z8uMXflgtt6eQ3x7NRTN,de798b3b84024cd6bf18356ecbc8d1a5,2025-08-07T17:24:40Z,4,So already getting Avril vibes from this and I love that! ,15fd1885420d40e68e80c391f6476ae1
spotify:track:4cHr9tKAv2sHQwj79tmCG8,de798b3b84024cd6bf18356ecbc8d1a5,2025-08-07T17:24:40Z,3,So Janelle Monaé is already THAT girl so I knew immediately that I’d like this song. Vocal melody is cool!,15fd1885420d40e68e80c391f6476ae1
spotify:track:4lcDnsR71jJ09R2SZAegws,de798b3b84024cd6bf18356ecbc8d1a5,2025-08-07T17:24:40Z,-1,This is like a quintessential rock song! Too short though I want more!!,15fd1885420d40e68e80c391f6476ae1
spotify:track:5CtrLC1MjZH4C4sq5VSSRZ,de798b3b84024cd6bf18356ecbc8d1a5,2025-08-07T17:24:40Z,-1,The vocals are super clear and soulful!,15fd1885420d40e68e80c391f6476ae1
spotify:track:5li8Xl69ORKZNrqn1Uz3IX,de798b3b84024cd6bf18356ecbc8d1a5,2025-08-07T17:24:40Z,4,Woah!!! That chorus just made explodes unexpectedly I love it! Magdalena bay vibes,15fd1885420d40e68e80c391f6476ae1
spotify:track:5q8PArV4Tbt6efvP7qxp0u,de798b3b84024cd6bf18356ecbc8d1a5,2025-08-07T17:24:40Z,-2,I like the chorus and gang vocals here!,15fd1885420d40e68e80c391f6476ae1
spotify:track:5z0wqq7oKSJDsihurKIXD7,de798b3b84024cd6bf18356ecbc8d1a5,2025-08-07T17:24:40Z,2,This is giving female rage in the calmest manner possible,15fd1885420d40e68e80c391f6476ae1
spotify:track:6Pr8XwN9d3mtDiEnvaWag7,de798b3b84024cd6bf18356ecbc8d1a5,2025-08-07T17:24:40Z,4,Production is really interesting on this one. I like it a lot! Muna vibes,15fd1885420d40e68e80c391f6476ae1
spotify:track:7F1wUwiqS0wHVCEOsKYWjm,de798b3b84024cd6bf18356ecbc8d1a5,2025-08-07T17:24:40Z,-2,Really liked when the chorus picked up and more instruments starting coming in! Not a huge fan of the vocals.,15fd1885420d40e68e80c391f6476ae1
spotify:track:00kifif59mCULIDtYPxp1G,de798b3b84024cd6bf18356ecbc8d1a5,2025-08-07T17:24:40Z,-1,Existential dowwwnnnn I like it! Lyrics are very prevalent….maybe a little too prevalent. Cavetown esq song,15fd1885420d40e68e80c391f6476ae1
spotify:track:08QR5rOcLCvGgh4S0bBso8,de798b3b84024cd6bf18356ecbc8d1a5,2025-08-07T17:24:40Z,4,Oh this is so groovy and I love these vocals! Added to library,15fd1885420d40e68e80c391f6476ae1
spotify:track:3foEWcAlqsJDApq7ad0SAy,cad5f43ca24d41e49a7b941d99009666,2025-08-07T21:36:21Z,-1,,15fd1885420d40e68e80c391f6476ae1
spotify:track:00kifif59mCULIDtYPxp1G,cad5f43ca24d41e49a7b941d99009666,2025-08-07T21:36:21Z,-1,,15fd1885420d40e68e80c391f6476ae1
spotify:track:08QR5rOcLCvGgh4S0bBso8,cad5f43ca24d41e49a7b941d99009666,2025-08-07T21:36:21Z,-1,,15fd1885420d40e68e80c391f6476ae1
spotify:track:0Gqlu4lkp2Rtc6jPwfWEaP,cad5f43ca24d41e49a7b941d99009666,2025-08-07T21:36:21Z,-1,,15fd1885420d40e68e80c391f6476ae1
spotify:track:0JsRZWdSquAQtgyJO8mhLA,cad5f43ca24d41e49a7b941d99009666,2025-08-07T21:36:21Z,-1,,15fd1885420d40e68e80c391f6476ae1
spotify:track:12n47FuVsiUGug0xkiGkSc,cad5f43ca24d41e49a7b941d99009666,2025-08-07T21:36:21Z,2,,15fd1885420d40e68e80c391f6476ae1
spotify:track:2G1PImEpUqv0RjRWPbDW4K,cad5f43ca24d41e49a7b941d99009666,2025-08-07T21:36:21Z,-1,,15fd1885420d40e68e80c391f6476ae1
spotify:track:2Gu2H8HRVuV9GOneJuYV5D,cad5f43ca24d41e49a7b941d99009666,2025-08-07T21:36:21Z,5,,15fd1885420d40e68e80c391f6476ae1
spotify:track:2wTmB4P7N0c3FnSV8w08eX,cad5f43ca24d41e49a7b941d99009666,2025-08-07T21:36:21Z,5,,15fd1885420d40e68e80c391f6476ae1
spotify:track:3P5aoR3zhCPJima7HpbssW,cad5f43ca24d41e49a7b941d99009666,2025-08-07T21:36:21Z,2,,15fd1885420d40e68e80c391f6476ae1
spotify:track:49z8uMXflgtt6eQ3x7NRTN,cad5f43ca24d41e49a7b941d99009666,2025-08-07T21:36:21Z,4,,15fd1885420d40e68e80c391f6476ae1
spotify:track:4cHr9tKAv2sHQwj79tmCG8,cad5f43ca24d41e49a7b941d99009666,2025-08-07T21:36:21Z,5,,15fd1885420d40e68e80c391f6476ae1
spotify:track:5CtrLC1MjZH4C4sq5VSSRZ,cad5f43ca24d41e49a7b941d99009666,2025-08-07T21:36:21Z,-1,,15fd1885420d40e68e80c391f6476ae1
spotify:track:5li8Xl69ORKZNrqn1Uz3IX,cad5f43ca24d41e49a7b941d99009666,2025-08-07T21:36:21Z,-1,,15fd1885420d40e68e80c391f6476ae1
spotify:track:5q8PArV4Tbt6efvP7qxp0u,cad5f43ca24d41e49a7b941d99009666,2025-08-07T21:36:21Z,5,,15fd1885420d40e68e80c391f6476ae1
spotify:track:5z0wqq7oKSJDsihurKIXD7,cad5f43ca24d41e49a7b941d99009666,2025-08-07T21:36:21Z,-1,,15fd1885420d40e68e80c391f6476ae1
spotify:track:6Pr8XwN9d3mtDiEnvaWag7,cad5f43ca24d41e49a7b941d99009666,2025-08-07T21:36:21Z,2,,15fd1885420d40e68e80c391f6476ae1
spotify:track:7F1wUwiqS0wHVCEOsKYWjm,cad5f43ca24d41e49a7b941d99009666,2025-08-07T21:36:21Z,-1,,15fd1885420d40e68e80c391f6476ae1
spotify:track:4lcDnsR71jJ09R2SZAegws,d332f483f6794cb7b5e19a4df770f1ac,2025-08-08T15:09:52Z,-1,,15fd1885420d40e68e80c391f6476ae1
spotify:track:3P5aoR3zhCPJima7HpbssW,d332f483f6794cb7b5e19a4df770f1ac,2025-08-08T15:09:52Z,3,,15fd1885420d40e68e80c391f6476ae1
spotify:track:3foEWcAlqsJDApq7ad0SAy,d332f483f6794cb7b5e19a4df770f1ac,2025-08-08T15:09:52Z,5,,15fd1885420d40e68e80c391f6476ae1
spotify:track:2wTmB4P7N0c3FnSV8w08eX,d332f483f6794cb7b5e19a4df770f1ac,2025-08-08T15:09:52Z,2,,15fd1885420d40e68e80c391f6476ae1
spotify:track:2Gu2H8HRVuV9GOneJuYV5D,d332f483f6794cb7b5e19a4df770f1ac,2025-08-08T15:09:52Z,2,,15fd1885420d40e68e80c391f6476ae1
spotify:track:2G1PImEpUqv0RjRWPbDW4K,d332f483f6794cb7b5e19a4df770f1ac,2025-08-08T15:09:52Z,1,sick cover art,15fd1885420d40e68e80c391f6476ae1
spotify:track:12n47FuVsiUGug0xkiGkSc,d332f483f6794cb7b5e19a4df770f1ac,2025-08-08T15:09:52Z,-1,,15fd1885420d40e68e80c391f6476ae1
spotify:track:0JsRZWdSquAQtgyJO8mhLA,d332f483f6794cb7b5e19a4df770f1ac,2025-08-08T15:09:52Z,-1,i like the instrumentals / back track,15fd1885420d40e68e80c391f6476ae1
spotify:track:0Gqlu4lkp2Rtc6jPwfWEaP,d332f483f6794cb7b5e19a4df770f1ac,2025-08-08T15:09:52Z,-2,good vibe but also very specific vibe,15fd1885420d40e68e80c391f6476ae1
spotify:track:08QR5rOcLCvGgh4S0bBso8,d332f483f6794cb7b5e19a4df770f1ac,2025-08-08T15:09:52Z,5,,15fd1885420d40e68e80c391f6476ae1
spotify:track:00kifif59mCULIDtYPxp1G,d332f483f6794cb7b5e19a4df770f1ac,2025-08-08T15:09:52Z,2,unnecessary elon mention imo,15fd1885420d40e68e80c391f6476ae1
spotify:track:7F1wUwiqS0wHVCEOsKYWjm,d332f483f6794cb7b5e19a4df770f1ac,2025-08-08T15:09:52Z,5,,15fd1885420d40e68e80c391f6476ae1
spotify:track:5z0wqq7oKSJDsihurKIXD7,d332f483f6794cb7b5e19a4df770f1ac,2025-08-08T15:09:52Z,-1,,15fd1885420d40e68e80c391f6476ae1
spotify:track:5q8PArV4Tbt6efvP7qxp0u,d332f483f6794cb7b5e19a4df770f1ac,2025-08-08T15:09:52Z,2,,15fd1885420d40e68e80c391f6476ae1
spotify:track:5li8Xl69ORKZNrqn1Uz3IX,d332f483f6794cb7b5e19a4df770f1ac,2025-08-08T15:09:52Z,2,,15fd1885420d40e68e80c391f6476ae1
spotify:track:5CtrLC1MjZH4C4sq5VSSRZ,d332f483f6794cb7b5e19a4df770f1ac,2025-08-08T15:09:52Z,-3,,15fd1885420d40e68e80c391f6476ae1
spotify:track:4cHr9tKAv2sHQwj79tmCG8,d332f483f6794cb7b5e19a4df770f1ac,2025-08-08T15:09:52Z,1,incredible movie,15fd1885420d40e68e80c391f6476ae1
spotify:track:49z8uMXflgtt6eQ3x7NRTN,d332f483f6794cb7b5e19a4df770f1ac,2025-08-08T15:09:52Z,-1,,15fd1885420d40e68e80c391f6476ae1
spotify:track:7F1wUwiqS0wHVCEOsKYWjm,09d7b2211f8d45b9a19b66c646fff9df,2025-08-08T19:09:20Z,1,,15fd1885420d40e68e80c391f6476ae1
spotify:track:6Pr8XwN9d3mtDiEnvaWag7,09d7b2211f8d45b9a19b66c646fff9df,2025-08-08T19:09:20Z,3,I really like this!,15fd1885420d40e68e80c391f6476ae1
spotify:track:5z0wqq7oKSJDsihurKIXD7,09d7b2211f8d45b9a19b66c646fff9df,2025-08-08T19:09:20Z,2,Hi Miranda ,15fd1885420d40e68e80c391f6476ae1
spotify:track:5q8PArV4Tbt6efvP7qxp0u,09d7b2211f8d45b9a19b66c646fff9df,2025-08-08T19:09:20Z,-2,,15fd1885420d40e68e80c391f6476ae1
spotify:track:5li8Xl69ORKZNrqn1Uz3IX,09d7b2211f8d45b9a19b66c646fff9df,2025-08-08T19:09:20Z,-2,,15fd1885420d40e68e80c391f6476ae1
spotify:track:5CtrLC1MjZH4C4sq5VSSRZ,09d7b2211f8d45b9a19b66c646fff9df,2025-08-08T19:09:20Z,-3,,15fd1885420d40e68e80c391f6476ae1
spotify:track:4lcDnsR71jJ09R2SZAegws,09d7b2211f8d45b9a19b66c646fff9df,2025-08-08T19:09:20Z,1,,15fd1885420d40e68e80c391f6476ae1
spotify:track:49z8uMXflgtt6eQ3x7NRTN,09d7b2211f8d45b9a19b66c646fff9df,2025-08-08T19:09:20Z,2,I’m into it ,15fd1885420d40e68e80c391f6476ae1
spotify:track:3P5aoR3zhCPJima7HpbssW,09d7b2211f8d45b9a19b66c646fff9df,2025-08-08T19:09:20Z,1,I have never heard of this band ,15fd1885420d40e68e80c391f6476ae1
spotify:track:3foEWcAlqsJDApq7ad0SAy,09d7b2211f8d45b9a19b66c646fff9df,2025-08-08T19:09:20Z,5,This fucking slaps and I have it saved to my library now. THANK YOU to whoever submitted this ,15fd1885420d40e68e80c391f6476ae1
spotify:track:2wTmB4P7N0c3FnSV8w08eX,09d7b2211f8d45b9a19b66c646fff9df,2025-08-08T19:09:20Z,2,Hi Brandon :),15fd1885420d40e68e80c391f6476ae1
spotify:track:2Gu2H8HRVuV9GOneJuYV5D,09d7b2211f8d45b9a19b66c646fff9df,2025-08-08T19:09:20Z,3,Into it ,15fd1885420d40e68e80c391f6476ae1
spotify:track:2G1PImEpUqv0RjRWPbDW4K,09d7b2211f8d45b9a19b66c646fff9df,2025-08-08T19:09:20Z,1,"Also giving this +1 because I know and love this song, but also more people should know about Gaidaa! Again whoever submitted this you have great taste ",15fd1885420d40e68e80c391f6476ae1
spotify:track:12n47FuVsiUGug0xkiGkSc,09d7b2211f8d45b9a19b66c646fff9df,2025-08-08T19:09:20Z,1,"I know this song and love it a lot, I’m only giving it +1 because it is a fucking amazing song, however I know a lot of people who know it 😭 whoever you are though this is an amazing song and you have great taste ",15fd1885420d40e68e80c391f6476ae1
spotify:track:0JsRZWdSquAQtgyJO8mhLA,09d7b2211f8d45b9a19b66c646fff9df,2025-08-08T19:09:20Z,2,,15fd1885420d40e68e80c391f6476ae1
spotify:track:0Gqlu4lkp2Rtc6jPwfWEaP,09d7b2211f8d45b9a19b66c646fff9df,2025-08-08T19:09:20Z,2,,15fd1885420d40e68e80c391f6476ae1
spotify:track:00kifif59mCULIDtYPxp1G,09d7b2211f8d45b9a19b66c646fff9df,2025-08-08T19:09:20Z,-3,,15fd1885420d40e68e80c391f6476ae1
spotify:track:08QR5rOcLCvGgh4S0bBso8,09d7b2211f8d45b9a19b66c646fff9df,2025-08-08T19:09:20Z,4,I love this!!,15fd1885420d40e68e80c391f6476ae1
spotify:track:08QR5rOcLCvGgh4S0bBso8,6ea8c1e02d584ed69ae4fae4a396a4fe,2025-08-09T00:38:25Z,-3,,15fd1885420d40e68e80c391f6476ae1
spotify:track:0Gqlu4lkp2Rtc6jPwfWEaP,6ea8c1e02d584ed69ae4fae4a396a4fe,2025-08-09T00:38:25Z,3,,15fd1885420d40e68e80c391f6476ae1
spotify:track:0JsRZWdSquAQtgyJO8mhLA,6ea8c1e02d584ed69ae4fae4a396a4fe,2025-08-09T00:38:25Z,2,,15fd1885420d40e68e80c391f6476ae1
spotify:track:2G1PImEpUqv0RjRWPbDW4K,6ea8c1e02d584ed69ae4fae4a396a4fe,2025-08-09T00:38:25Z,2,,15fd1885420d40e68e80c391f6476ae1
spotify:track:2Gu2H8HRVuV9GOneJuYV5D,6ea8c1e02d584ed69ae4fae4a396a4fe,2025-08-09T00:38:25Z,-2,,15fd1885420d40e68e80c391f6476ae1
spotify:track:2wTmB4P7N0c3FnSV8w08eX,6ea8c1e02d584ed69ae4fae4a396a4fe,2025-08-09T00:38:25Z,2,,15fd1885420d40e68e80c391f6476ae1
spotify:track:3foEWcAlqsJDApq7ad0SAy,6ea8c1e02d584ed69ae4fae4a396a4fe,2025-08-09T00:38:25Z,-2,,15fd1885420d40e68e80c391f6476ae1
spotify:track:4cHr9tKAv2sHQwj79tmCG8,6ea8c1e02d584ed69ae4fae4a396a4fe,2025-08-09T00:38:25Z,5,,15fd1885420d40e68e80c391f6476ae1
spotify:track:00kifif59mCULIDtYPxp1G,6ea8c1e02d584ed69ae4fae4a396a4fe,2025-08-09T00:38:25Z,-2,,15fd1885420d40e68e80c391f6476ae1
spotify:track:4lcDnsR71jJ09R2SZAegws,6ea8c1e02d584ed69ae4fae4a396a4fe,2025-08-09T00:38:25Z,1,,15fd1885420d40e68e80c391f6476ae1
spotify:track:5CtrLC1MjZH4C4sq5VSSRZ,6ea8c1e02d584ed69ae4fae4a396a4fe,2025-08-09T00:38:25Z,4,,15fd1885420d40e68e80c391f6476ae1
spotify:track:5li8Xl69ORKZNrqn1Uz3IX,6ea8c1e02d584ed69ae4fae4a396a4fe,2025-08-09T00:38:25Z,-1,,15fd1885420d40e68e80c391f6476ae1
spotify:track:5q8PArV4Tbt6efvP7qxp0u,6ea8c1e02d584ed69ae4fae4a396a4fe,2025-08-09T00:38:25Z,3,,15fd1885420d40e68e80c391f6476ae1
spotify:track:5z0wqq7oKSJDsihurKIXD7,6ea8c1e02d584ed69ae4fae4a396a4fe,2025-08-09T00:38:25Z,3,,15fd1885420d40e68e80c391f6476ae1
spotify:track:7F1wUwiqS0wHVCEOsKYWjm,6ea8c1e02d584ed69ae4fae4a396a4fe,2025-08-09T00:38:25Z,5,,15fd1885420d40e68e80c391f6476ae1
spotify:track:00kifif59mCULIDtYPxp1G,230bcf30d5714f798f4571d29d3c5eba,2025-08-09T02:38:36Z,-2,,15fd1885420d40e68e80c391f6476ae1
spotify:track:08QR5rOcLCvGgh4S0bBso8,230bcf30d5714f798f4571d29d3c5eba,2025-08-09T02:38:36Z,1,,15fd1885420d40e68e80c391f6476ae1
spotify:track:0Gqlu4lkp2Rtc6jPwfWEaP,230bcf30d5714f798f4571d29d3c5eba,2025-08-09T02:38:36Z,-2,,15fd1885420d40e68e80c391f6476ae1
spotify:track:0JsRZWdSquAQtgyJO8mhLA,230bcf30d5714f798f4571d29d3c5eba,2025-08-09T02:38:36Z,4,,15fd1885420d40e68e80c391f6476ae1
spotify:track:12n47FuVsiUGug0xkiGkSc,230bcf30d5714f798f4571d29d3c5eba,2025-08-09T02:38:36Z,1,,15fd1885420d40e68e80c391f6476ae1
spotify:track:2G1PImEpUqv0RjRWPbDW4K,230bcf30d5714f798f4571d29d3c5eba,2025-08-09T02:38:36Z,1,,15fd1885420d40e68e80c391f6476ae1
spotify:track:2Gu2H8HRVuV9GOneJuYV5D,230bcf30d5714f798f4571d29d3c5eba,2025-08-09T02:38:36Z,2,,15fd1885420d40e68e80c391f6476ae1
spotify:track:2wTmB4P7N0c3FnSV8w08eX,230bcf30d5714f798f4571d29d3c5eba,2025-08-09T02:38:36Z,2,,15fd1885420d40e68e80c391f6476ae1
spotify:track:3P5aoR3zhCPJima7HpbssW,230bcf30d5714f798f4571d29d3c5eba,2025-08-09T02:38:36Z,5,,15fd1885420d40e68e80c391f6476ae1
spotify:track:49z8uMXflgtt6eQ3x7NRTN,230bcf30d5714f798f4571d29d3c5eba,2025-08-09T02:38:36Z,4,,15fd1885420d40e68e80c391f6476ae1
spotify:track:4cHr9tKAv2sHQwj79tmCG8,230bcf30d5714f798f4571d29d3c5eba,2025-08-09T02:38:36Z,2,,15fd1885420d40e68e80c391f6476ae1
spotify:track:4lcDnsR71jJ09R2SZAegws,230bcf30d5714f798f4571d29d3c5eba,2025-08-09T02:38:36Z,3,,15fd1885420d40e68e80c391f6476ae1
spotify:track:5CtrLC1MjZH4C4sq5VSSRZ,230bcf30d5714f798f4571d29d3c5eba,2025-08-09T02:38:36Z,1,,15fd1885420d40e68e80c391f6476ae1
spotify:track:5li8Xl69ORKZNrqn1Uz3IX,230bcf30d5714f798f4571d29d3c5eba,2025-08-09T02:38:36Z,-2,,15fd1885420d40e68e80c391f6476ae1
spotify:track:5q8PArV4Tbt6efvP7qxp0u,230bcf30d5714f798f4571d29d3c5eba,2025-08-09T02:38:36Z,-3,,15fd1885420d40e68e80c391f6476ae1
spotify:track:5z0wqq7oKSJDsihurKIXD7,230bcf30d5714f798f4571d29d3c5eba,2025-08-09T02:38:36Z,1,,15fd1885420d40e68e80c391f6476ae1
spotify:track:6Pr8XwN9d3mtDiEnvaWag7,230bcf30d5714f798f4571d29d3c5eba,2025-08-09T02:38:36Z,3,,15fd1885420d40e68e80c391f6476ae1
spotify:track:7F1wUwiqS0wHVCEOsKYWjm,230bcf30d5714f798f4571d29d3c5eba,2025-08-09T02:38:36Z,-1,,15fd1885420d40e68e80c391f6476ae1
spotify:track:49z8uMXflgtt6eQ3x7NRTN,37a75c8d587f4075b2d0640f244d891c,2025-08-09T03:01:18Z,1,,15fd1885420d40e68e80c391f6476ae1
spotify:track:00kifif59mCULIDtYPxp1G,37a75c8d587f4075b2d0640f244d891c,2025-08-09T03:01:18Z,2,,15fd1885420d40e68e80c391f6476ae1
spotify:track:08QR5rOcLCvGgh4S0bBso8,37a75c8d587f4075b2d0640f244d891c,2025-08-09T03:01:18Z,5,"Thank you to whoever put this song, it immediately made it into my playlist 
",15fd1885420d40e68e80c391f6476ae1
spotify:track:12n47FuVsiUGug0xkiGkSc,37a75c8d587f4075b2d0640f244d891c,2025-08-09T03:01:18Z,1,,15fd1885420d40e68e80c391f6476ae1
spotify:track:2G1PImEpUqv0RjRWPbDW4K,37a75c8d587f4075b2d0640f244d891c,2025-08-09T03:01:18Z,2,,15fd1885420d40e68e80c391f6476ae1
spotify:track:2Gu2H8HRVuV9GOneJuYV5D,37a75c8d587f4075b2d0640f244d891c,2025-08-09T03:01:18Z,2,,15fd1885420d40e68e80c391f6476ae1
spotify:track:2wTmB4P7N0c3FnSV8w08eX,37a75c8d587f4075b2d0640f244d891c,2025-08-09T03:01:18Z,-1,,15fd1885420d40e68e80c391f6476ae1
spotify:track:3foEWcAlqsJDApq7ad0SAy,37a75c8d587f4075b2d0640f244d891c,2025-08-09T03:01:18Z,5,,15fd1885420d40e68e80c391f6476ae1
spotify:track:3P5aoR3zhCPJima7HpbssW,37a75c8d587f4075b2d0640f244d891c,2025-08-09T03:01:18Z,-1,,15fd1885420d40e68e80c391f6476ae1
spotify:track:4cHr9tKAv2sHQwj79tmCG8,37a75c8d587f4075b2d0640f244d891c,2025-08-09T03:01:18Z,2,,15fd1885420d40e68e80c391f6476ae1
spotify:track:4lcDnsR71jJ09R2SZAegws,37a75c8d587f4075b2d0640f244d891c,2025-08-09T03:01:18Z,-2,,15fd1885420d40e68e80c391f6476ae1
spotify:track:5CtrLC1MjZH4C4sq5VSSRZ,37a75c8d587f4075b2d0640f244d891c,2025-08-09T03:01:18Z,-1,,15fd1885420d40e68e80c391f6476ae1
spotify:track:5li8Xl69ORKZNrqn1Uz3IX,37a75c8d587f4075b2d0640f244d891c,2025-08-09T03:01:18Z,3,,15fd1885420d40e68e80c391f6476ae1
spotify:track:5q8PArV4Tbt6efvP7qxp0u,37a75c8d587f4075b2d0640f244d891c,2025-08-09T03:01:18Z,-3,,15fd1885420d40e68e80c391f6476ae1
spotify:track:5z0wqq7oKSJDsihurKIXD7,37a75c8d587f4075b2d0640f244d891c,2025-08-09T03:01:18Z,4,,15fd1885420d40e68e80c391f6476ae1
spotify:track:6Pr8XwN9d3mtDiEnvaWag7,37a75c8d587f4075b2d0640f244d891c,2025-08-09T03:01:18Z,3,,15fd1885420d40e68e80c391f6476ae1
spotify:track:7F1wUwiqS0wHVCEOsKYWjm,37a75c8d587f4075b2d0640f244d891c,2025-08-09T03:01:18Z,-2,,15fd1885420d40e68e80c391f6476ae1
spotify:track:00kifif59mCULIDtYPxp1G,6ca9795192d64ada9c42cd333ea9d3a1,2025-08-09T03:50:49Z,-3,,15fd1885420d40e68e80c391f6476ae1
spotify:track:08QR5rOcLCvGgh4S0bBso8,6ca9795192d64ada9c42cd333ea9d3a1,2025-08-09T03:50:49Z,5,,15fd1885420d40e68e80c391f6476ae1
spotify:track:0Gqlu4lkp2Rtc6jPwfWEaP,6ca9795192d64ada9c42cd333ea9d3a1,2025-08-09T03:50:49Z,-2,,15fd1885420d40e68e80c391f6476ae1
spotify:track:0JsRZWdSquAQtgyJO8mhLA,6ca9795192d64ada9c42cd333ea9d3a1,2025-08-09T03:50:49Z,5,,15fd1885420d40e68e80c391f6476ae1
spotify:track:12n47FuVsiUGug0xkiGkSc,6ca9795192d64ada9c42cd333ea9d3a1,2025-08-09T03:50:49Z,3,,15fd1885420d40e68e80c391f6476ae1
spotify:track:2G1PImEpUqv0RjRWPbDW4K,6ca9795192d64ada9c42cd333ea9d3a1,2025-08-09T03:50:49Z,4,,15fd1885420d40e68e80c391f6476ae1
spotify:track:2Gu2H8HRVuV9GOneJuYV5D,6ca9795192d64ada9c42cd333ea9d3a1,2025-08-09T03:50:49Z,2,,15fd1885420d40e68e80c391f6476ae1
spotify:track:2wTmB4P7N0c3FnSV8w08eX,6ca9795192d64ada9c42cd333ea9d3a1,2025-08-09T03:50:49Z,-3,,15fd1885420d40e68e80c391f6476ae1
spotify:track:3foEWcAlqsJDApq7ad0SAy,6ca9795192d64ada9c42cd333ea9d3a1,2025-08-09T03:50:49Z,1,,15fd1885420d40e68e80c391f6476ae1
spotify:track:3P5aoR3zhCPJima7HpbssW,6ca9795192d64ada9c42cd333ea9d3a1,2025-08-09T03:50:49Z,1,,15fd1885420d40e68e80c391f6476ae1
spotify:track:49z8uMXflgtt6eQ3x7NRTN,6ca9795192d64ada9c42cd333ea9d3a1,2025-08-09T03:50:49Z,3,,15fd1885420d40e68e80c391f6476ae1
spotify:track:4lcDnsR71jJ09R2SZAegws,6ca9795192d64ada9c42cd333ea9d3a1,2025-08-09T03:50:49Z,-1,,15fd1885420d40e68e80c391f6476ae1
spotify:track:4cHr9tKAv2sHQwj79tmCG8,6ca9795192d64ada9c42cd333ea9d3a1,2025-08-09T03:50:49Z,1,,15fd1885420d40e68e80c391f6476ae1
spotify:track:6Pr8XwN9d3mtDiEnvaWag7,6ca9795192d64ada9c42cd333ea9d3a1,2025-08-09T03:50:49Z,2,,15fd1885420d40e68e80c391f6476ae1
spotify:track:5z0wqq7oKSJDsihurKIXD7,6ca9795192d64ada9c42cd333ea9d3a1,2025-08-09T03:50:49Z,1,,15fd1885420d40e68e80c391f6476ae1
spotify:track:5q8PArV4Tbt6efvP7qxp0u,6ca9795192d64ada9c42cd333ea9d3a1,2025-08-09T03:50:49Z,1,,15fd1885420d40e68e80c391f6476ae1
spotify:track:5li8Xl69ORKZNrqn1Uz3IX,6ca9795192d64ada9c42cd333ea9d3a1,2025-08-09T03:50:49Z,-1,,15fd1885420d40e68e80c391f6476ae1
spotify:track:5CtrLC1MjZH4C4sq5VSSRZ,6ca9795192d64ada9c42cd333ea9d3a1,2025-08-09T03:50:49Z,1,,15fd1885420d40e68e80c391f6476ae1
spotify:track:08QR5rOcLCvGgh4S0bBso8,78ae828b8faa43b69625e1d3cb1f173a,2025-08-09T03:50:53Z,1,,15fd1885420d40e68e80c391f6476ae1
spotify:track:7F1wUwiqS0wHVCEOsKYWjm,78ae828b8faa43b69625e1d3cb1f173a,2025-08-09T03:50:53Z,5,,15fd1885420d40e68e80c391f6476ae1
spotify:track:5z0wqq7oKSJDsihurKIXD7,78ae828b8faa43b69625e1d3cb1f173a,2025-08-09T03:50:53Z,3,,15fd1885420d40e68e80c391f6476ae1
spotify:track:5li8Xl69ORKZNrqn1Uz3IX,78ae828b8faa43b69625e1d3cb1f173a,2025-08-09T03:50:53Z,-2,,15fd1885420d40e68e80c391f6476ae1
spotify:track:5CtrLC1MjZH4C4sq5VSSRZ,78ae828b8faa43b69625e1d3cb1f173a,2025-08-09T03:50:53Z,-2,,15fd1885420d40e68e80c391f6476ae1
spotify:track:4cHr9tKAv2sHQwj79tmCG8,78ae828b8faa43b69625e1d3cb1f173a,2025-08-09T03:50:53Z,3,,15fd1885420d40e68e80c391f6476ae1
spotify:track:49z8uMXflgtt6eQ3x7NRTN,78ae828b8faa43b69625e1d3cb1f173a,2025-08-09T03:50:53Z,3,,15fd1885420d40e68e80c391f6476ae1
spotify:track:3P5aoR3zhCPJima7HpbssW,78ae828b8faa43b69625e1d3cb1f173a,2025-08-09T03:50:53Z,-1,,15fd1885420d40e68e80c391f6476ae1
spotify:track:3foEWcAlqsJDApq7ad0SAy,78ae828b8faa43b69625e1d3cb1f173a,2025-08-09T03:50:53Z,-1,,15fd1885420d40e68e80c391f6476ae1
spotify:track:00kifif59mCULIDtYPxp1G,78ae828b8faa43b69625e1d3cb1f173a,2025-08-09T03:50:53Z,-1,,15fd1885420d40e68e80c391f6476ae1
spotify:track:2Gu2H8HRVuV9GOneJuYV5D,78ae828b8faa43b69625e1d3cb1f173a,2025-08-09T03:50:53Z,5,,15fd1885420d40e68e80c391f6476ae1
spotify:track:2G1PImEpUqv0RjRWPbDW4K,78ae828b8faa43b69625e1d3cb1f173a,2025-08-09T03:50:53Z,5,,15fd1885420d40e68e80c391f6476ae1
spotify:track:12n47FuVsiUGug0xkiGkSc,78ae828b8faa43b69625e1d3cb1f173a,2025-08-09T03:50:53Z,5,,15fd1885420d40e68e80c391f6476ae1
spotify:track:0Gqlu4lkp2Rtc6jPwfWEaP,78ae828b8faa43b69625e1d3cb1f173a,2025-08-09T03:50:53Z,-3,,15fd1885420d40e68e80c391f6476ae1
spotify:track:74cq6AFbsKdUVZMpG2TPEr,3381f2b8e5a74019b7f93a802001397a,2025-08-11T05:23:59Z,1,,25da45836cb845c29940f1a8bc2ea43d
spotify:track:0mEUjXUvkqrvDqKZgR7GiA,3381f2b8e5a74019b7f93a802001397a,2025-08-11T05:23:59Z,2,Lmaoo,25da45836cb845c29940f1a8bc2ea43d
spotify:track:0rRboI6IRuGx56Dq3UdYY4,3381f2b8e5a74019b7f93a802001397a,2025-08-11T05:23:59Z,4,,25da45836cb845c29940f1a8bc2ea43d
spotify:track:1bXW9UIZWmXtoSGXJvyyAm,3381f2b8e5a74019b7f93a802001397a,2025-08-11T05:23:59Z,-2,,25da45836cb845c29940f1a8bc2ea43d
spotify:track:1hZA8eCepwA9mmrRO5f1dZ,3381f2b8e5a74019b7f93a802001397a,2025-08-11T05:23:59Z,1,Did she stutter?,25da45836cb845c29940f1a8bc2ea43d
spotify:track:1jPPKYq1s1HhIjAiqrnRR8,3381f2b8e5a74019b7f93a802001397a,2025-08-11T05:23:59Z,1,+1 for the funny name ,25da45836cb845c29940f1a8bc2ea43d
spotify:track:2hMhWwz82LOuFwMxcyvQG5,3381f2b8e5a74019b7f93a802001397a,2025-08-11T05:23:59Z,-2,,25da45836cb845c29940f1a8bc2ea43d
spotify:track:2uFfpstFQyan5BUBAjJVu4,3381f2b8e5a74019b7f93a802001397a,2025-08-11T05:23:59Z,-2,,25da45836cb845c29940f1a8bc2ea43d
spotify:track:39Ji8ytCOSzx7NEXckCtZc,3381f2b8e5a74019b7f93a802001397a,2025-08-11T05:23:59Z,5,Funny af,25da45836cb845c29940f1a8bc2ea43d
spotify:track:3IQSYqnKsCTMLWn2xE3HFT,3381f2b8e5a74019b7f93a802001397a,2025-08-11T05:23:59Z,2,I love anything w/ a T-Pain feature ,25da45836cb845c29940f1a8bc2ea43d
spotify:track:3skRg9wYHlW9SCA4qpWNwZ,3381f2b8e5a74019b7f93a802001397a,2025-08-11T05:23:59Z,5,this is a vibe ,25da45836cb845c29940f1a8bc2ea43d
spotify:track:4dyqjATpeX4aSqf1uW3Vkr,3381f2b8e5a74019b7f93a802001397a,2025-08-11T05:23:59Z,5,,25da45836cb845c29940f1a8bc2ea43d
spotify:track:7lT9KJpfzMTNi9702WuNI8,3381f2b8e5a74019b7f93a802001397a,2025-08-11T05:23:59Z,0,idc this will always be a bop to me! Jesse McCartney 4evaaa,25da45836cb845c29940f1a8bc2ea43d
spotify:track:5cXtT63OTadsjqfRkm5Dwd,3381f2b8e5a74019b7f93a802001397a,2025-08-11T05:23:59Z,1,I knew someone HAD to do cupcakKe ,25da45836cb845c29940f1a8bc2ea43d
spotify:track:5efhPREahj4RnQWyVEOikf,3381f2b8e5a74019b7f93a802001397a,2025-08-11T05:23:59Z,-3,,25da45836cb845c29940f1a8bc2ea43d
spotify:track:6oZaeLPOAb3Rn408f3IQiB,3381f2b8e5a74019b7f93a802001397a,2025-08-11T05:23:59Z,1,If he had a boat! ,25da45836cb845c29940f1a8bc2ea43d
spotify:track:70ekmlJePRiA14dpbsGDVa,3381f2b8e5a74019b7f93a802001397a,2025-08-11T05:23:59Z,-1,,25da45836cb845c29940f1a8bc2ea43d
spotify:track:73hr344AmxNViy6IgFw6QL,3381f2b8e5a74019b7f93a802001397a,2025-08-11T05:23:59Z,2,I’m with her ,25da45836cb845c29940f1a8bc2ea43d
spotify:track:7lT9KJpfzMTNi9702WuNI8,a0672a3d11374827b1e2754a53877112,2025-08-11T06:17:10Z,-1,this is honestly just a banger lmao ,25da45836cb845c29940f1a8bc2ea43d
spotify:track:0mEUjXUvkqrvDqKZgR7GiA,a0672a3d11374827b1e2754a53877112,2025-08-11T06:17:10Z,3,gloriously good parody and I love it,25da45836cb845c29940f1a8bc2ea43d
spotify:track:0rRboI6IRuGx56Dq3UdYY4,a0672a3d11374827b1e2754a53877112,2025-08-11T06:17:10Z,1,very funny but I've heard it so many times (sorryyyyy),25da45836cb845c29940f1a8bc2ea43d
spotify:track:1bXW9UIZWmXtoSGXJvyyAm,a0672a3d11374827b1e2754a53877112,2025-08-11T06:17:10Z,2,the walk/trot part got me good 😭,25da45836cb845c29940f1a8bc2ea43d
spotify:track:1czaCgWLWgqp0eRIZ0BcXh,a0672a3d11374827b1e2754a53877112,2025-08-11T06:17:10Z,5,it wasn't clever like at ALL... but it was so relentlessly provocative and that was enough 😭,25da45836cb845c29940f1a8bc2ea43d
spotify:track:1hZA8eCepwA9mmrRO5f1dZ,a0672a3d11374827b1e2754a53877112,2025-08-11T06:17:10Z,2,"submitted this when my neck, my back is right there???? ",25da45836cb845c29940f1a8bc2ea43d
spotify:track:1jPPKYq1s1HhIjAiqrnRR8,a0672a3d11374827b1e2754a53877112,2025-08-11T06:17:10Z,1,if this ISNT Brandon i will scream lol ,25da45836cb845c29940f1a8bc2ea43d
spotify:track:2hMhWwz82LOuFwMxcyvQG5,a0672a3d11374827b1e2754a53877112,2025-08-11T06:17:10Z,-1,I mean... kitty! i was hoping for something more clever tho ,25da45836cb845c29940f1a8bc2ea43d
spotify:track:2uFfpstFQyan5BUBAjJVu4,a0672a3d11374827b1e2754a53877112,2025-08-11T06:17:10Z,-2,i must be missing crucial Phineas and Ferb lore bc huh?,25da45836cb845c29940f1a8bc2ea43d
spotify:track:3IQSYqnKsCTMLWn2xE3HFT,a0672a3d11374827b1e2754a53877112,2025-08-11T06:17:10Z,2,ive always found other lonely island funnier... but this is still so good,25da45836cb845c29940f1a8bc2ea43d
spotify:track:3skRg9wYHlW9SCA4qpWNwZ,a0672a3d11374827b1e2754a53877112,2025-08-11T06:17:10Z,-3,i didn't find this super funny? sorry lmao,25da45836cb845c29940f1a8bc2ea43d
spotify:track:4dyqjATpeX4aSqf1uW3Vkr,a0672a3d11374827b1e2754a53877112,2025-08-11T06:17:10Z,1,why did he just keep listing letters????,25da45836cb845c29940f1a8bc2ea43d
spotify:track:5cXtT63OTadsjqfRkm5Dwd,a0672a3d11374827b1e2754a53877112,2025-08-11T06:17:10Z,3,this is an all-timer... but I'm just a *tiny* bit numb to it ,25da45836cb845c29940f1a8bc2ea43d
spotify:track:5efhPREahj4RnQWyVEOikf,a0672a3d11374827b1e2754a53877112,2025-08-11T06:17:10Z,3,LMAO I LOVE WHOEVER SUBMITTED THIS,25da45836cb845c29940f1a8bc2ea43d
spotify:track:6oZaeLPOAb3Rn408f3IQiB,a0672a3d11374827b1e2754a53877112,2025-08-11T06:17:10Z,-3,i... did not laugh lol,25da45836cb845c29940f1a8bc2ea43d
spotify:track:70ekmlJePRiA14dpbsGDVa,a0672a3d11374827b1e2754a53877112,2025-08-11T06:17:10Z,0,gonna be honest... I just kinda vibed to this lmao,25da45836cb845c29940f1a8bc2ea43d
spotify:track:73hr344AmxNViy6IgFw6QL,a0672a3d11374827b1e2754a53877112,2025-08-11T06:17:10Z,5,"I FEAR THIS IS PEAK (yes I gave my wife this many points, DEAL WITH IT!!!!)",25da45836cb845c29940f1a8bc2ea43d
spotify:track:74cq6AFbsKdUVZMpG2TPEr,a0672a3d11374827b1e2754a53877112,2025-08-11T06:17:10Z,2,a little embarrassed listening to kesha but I got over myself 🤭,25da45836cb845c29940f1a8bc2ea43d
spotify:track:7lT9KJpfzMTNi9702WuNI8,d332f483f6794cb7b5e19a4df770f1ac,2025-08-12T14:07:05Z,2,,25da45836cb845c29940f1a8bc2ea43d
spotify:track:0rRboI6IRuGx56Dq3UdYY4,d332f483f6794cb7b5e19a4df770f1ac,2025-08-12T14:07:05Z,-1,this took a turn i wasn’t expecting— shared with my family lawyer brother and he showed his clients.,25da45836cb845c29940f1a8bc2ea43d
spotify:track:1bXW9UIZWmXtoSGXJvyyAm,d332f483f6794cb7b5e19a4df770f1ac,2025-08-12T14:07:05Z,-2,"very fun, just not my vibe. will share with horse girls in my life.",25da45836cb845c29940f1a8bc2ea43d
spotify:track:1czaCgWLWgqp0eRIZ0BcXh,d332f483f6794cb7b5e19a4df770f1ac,2025-08-12T14:07:05Z,3,,25da45836cb845c29940f1a8bc2ea43d
spotify:track:1hZA8eCepwA9mmrRO5f1dZ,d332f483f6794cb7b5e19a4df770f1ac,2025-08-12T14:07:05Z,-1,,25da45836cb845c29940f1a8bc2ea43d
spotify:track:1jPPKYq1s1HhIjAiqrnRR8,d332f483f6794cb7b5e19a4df770f1ac,2025-08-12T14:07:05Z,3,,25da45836cb845c29940f1a8bc2ea43d
spotify:track:2hMhWwz82LOuFwMxcyvQG5,d332f483f6794cb7b5e19a4df770f1ac,2025-08-12T14:07:05Z,5,“fuck you kitty” had me cackling in my office.,25da45836cb845c29940f1a8bc2ea43d
spotify:track:39Ji8ytCOSzx7NEXckCtZc,d332f483f6794cb7b5e19a4df770f1ac,2025-08-12T14:07:05Z,1,,25da45836cb845c29940f1a8bc2ea43d
spotify:track:0mEUjXUvkqrvDqKZgR7GiA,d332f483f6794cb7b5e19a4df770f1ac,2025-08-12T14:07:05Z,5,incredible. that’s it.,25da45836cb845c29940f1a8bc2ea43d
spotify:track:3IQSYqnKsCTMLWn2xE3HFT,d332f483f6794cb7b5e19a4df770f1ac,2025-08-12T14:07:05Z,2,,25da45836cb845c29940f1a8bc2ea43d
spotify:track:3skRg9wYHlW9SCA4qpWNwZ,d332f483f6794cb7b5e19a4df770f1ac,2025-08-12T14:07:05Z,-1,like the instrumentals,25da45836cb845c29940f1a8bc2ea43d
spotify:track:4dyqjATpeX4aSqf1uW3Vkr,d332f483f6794cb7b5e19a4df770f1ac,2025-08-12T14:07:05Z,5,my transit obsessed bf will love this one,25da45836cb845c29940f1a8bc2ea43d
spotify:track:5cXtT63OTadsjqfRkm5Dwd,d332f483f6794cb7b5e19a4df770f1ac,2025-08-12T14:07:05Z,-3,,25da45836cb845c29940f1a8bc2ea43d
spotify:track:5efhPREahj4RnQWyVEOikf,d332f483f6794cb7b5e19a4df770f1ac,2025-08-12T14:07:05Z,1,,25da45836cb845c29940f1a8bc2ea43d
spotify:track:6oZaeLPOAb3Rn408f3IQiB,d332f483f6794cb7b5e19a4df770f1ac,2025-08-12T14:07:05Z,-1,,25da45836cb845c29940f1a8bc2ea43d
spotify:track:70ekmlJePRiA14dpbsGDVa,d332f483f6794cb7b5e19a4df770f1ac,2025-08-12T14:07:05Z,1,,25da45836cb845c29940f1a8bc2ea43d
spotify:track:73hr344AmxNViy6IgFw6QL,d332f483f6794cb7b5e19a4df770f1ac,2025-08-12T14:07:05Z,2,they don’t make tv like this anymore,25da45836cb845c29940f1a8bc2ea43d
spotify:track:74cq6AFbsKdUVZMpG2TPEr,d332f483f6794cb7b5e19a4df770f1ac,2025-08-12T14:07:05Z,-1,,25da45836cb845c29940f1a8bc2ea43d
spotify:track:2uFfpstFQyan5BUBAjJVu4,01d0fcb93151477b842d0ee8fe6510e3,2025-08-12T15:59:27Z,2,Bruh what episode did I miss this is fire,25da45836cb845c29940f1a8bc2ea43d
spotify:track:0mEUjXUvkqrvDqKZgR7GiA,01d0fcb93151477b842d0ee8fe6510e3,2025-08-12T15:59:27Z,1,Minus 1 for referring to himself as daddy,25da45836cb845c29940f1a8bc2ea43d
spotify:track:0rRboI6IRuGx56Dq3UdYY4,01d0fcb93151477b842d0ee8fe6510e3,2025-08-12T15:59:27Z,4,"Life was so simple when my uncles showed me this on MUSIC.COM, not even YouTube lol",25da45836cb845c29940f1a8bc2ea43d
spotify:track:1bXW9UIZWmXtoSGXJvyyAm,01d0fcb93151477b842d0ee8fe6510e3,2025-08-12T15:59:27Z,-2,My chemical romance did not sing this wtf. 29M streams ndjdsjkdid??!,25da45836cb845c29940f1a8bc2ea43d
spotify:track:1hZA8eCepwA9mmrRO5f1dZ,01d0fcb93151477b842d0ee8fe6510e3,2025-08-12T15:59:27Z,2,Wait this song actually speaks to me,25da45836cb845c29940f1a8bc2ea43d
spotify:track:1jPPKYq1s1HhIjAiqrnRR8,01d0fcb93151477b842d0ee8fe6510e3,2025-08-12T15:59:27Z,1,100 gecs just be doing whatever,25da45836cb845c29940f1a8bc2ea43d
spotify:track:2hMhWwz82LOuFwMxcyvQG5,01d0fcb93151477b842d0ee8fe6510e3,2025-08-12T15:59:27Z,1,Meow,25da45836cb845c29940f1a8bc2ea43d
spotify:track:39Ji8ytCOSzx7NEXckCtZc,01d0fcb93151477b842d0ee8fe6510e3,2025-08-12T15:59:27Z,-2,Is this what god intended?,25da45836cb845c29940f1a8bc2ea43d
spotify:track:3IQSYqnKsCTMLWn2xE3HFT,01d0fcb93151477b842d0ee8fe6510e3,2025-08-12T15:59:27Z,1,T-pain what are you doing here,25da45836cb845c29940f1a8bc2ea43d
spotify:track:3skRg9wYHlW9SCA4qpWNwZ,01d0fcb93151477b842d0ee8fe6510e3,2025-08-12T15:59:27Z,-1,,25da45836cb845c29940f1a8bc2ea43d
spotify:track:4dyqjATpeX4aSqf1uW3Vkr,01d0fcb93151477b842d0ee8fe6510e3,2025-08-12T15:59:27Z,5,AHHH,25da45836cb845c29940f1a8bc2ea43d
spotify:track:5cXtT63OTadsjqfRkm5Dwd,01d0fcb93151477b842d0ee8fe6510e3,2025-08-12T15:59:27Z,3,Cult classic,25da45836cb845c29940f1a8bc2ea43d
spotify:track:5efhPREahj4RnQWyVEOikf,01d0fcb93151477b842d0ee8fe6510e3,2025-08-12T15:59:27Z,2,"Is it AI yes, but also “cut a bitch off like the hash slinging slasher” is a bar",25da45836cb845c29940f1a8bc2ea43d
spotify:track:6oZaeLPOAb3Rn408f3IQiB,01d0fcb93151477b842d0ee8fe6510e3,2025-08-12T15:59:27Z,-2,Why does this week have so many boat and horse references ,25da45836cb845c29940f1a8bc2ea43d
spotify:track:70ekmlJePRiA14dpbsGDVa,01d0fcb93151477b842d0ee8fe6510e3,2025-08-12T15:59:27Z,-1,I liked life more before I heard this,25da45836cb845c29940f1a8bc2ea43d
spotify:track:73hr344AmxNViy6IgFw6QL,01d0fcb93151477b842d0ee8fe6510e3,2025-08-12T15:59:27Z,-2,"Officer there’s a theatre kid here, arrest them",25da45836cb845c29940f1a8bc2ea43d
spotify:track:74cq6AFbsKdUVZMpG2TPEr,01d0fcb93151477b842d0ee8fe6510e3,2025-08-12T15:59:27Z,3,The chokehold Kesha has on this group should be studied ,25da45836cb845c29940f1a8bc2ea43d
spotify:track:7lT9KJpfzMTNi9702WuNI8,01d0fcb93151477b842d0ee8fe6510e3,2025-08-12T15:59:27Z,5,"OH HE FREAKY AND MADE IT CLEAR NO ONE WAS SAFE. Multiple talking points on this, I could write an essay but this aged so cottage cheese. He m",25da45836cb845c29940f1a8bc2ea43d
spotify:track:74cq6AFbsKdUVZMpG2TPEr,67ba17e18a3a415abbe4060f1d4e6b77,2025-08-12T21:44:28Z,5,,25da45836cb845c29940f1a8bc2ea43d
spotify:track:73hr344AmxNViy6IgFw6QL,67ba17e18a3a415abbe4060f1d4e6b77,2025-08-12T21:44:28Z,5,,25da45836cb845c29940f1a8bc2ea43d
spotify:track:5efhPREahj4RnQWyVEOikf,67ba17e18a3a415abbe4060f1d4e6b77,2025-08-12T21:44:28Z,3,,25da45836cb845c29940f1a8bc2ea43d
spotify:track:5cXtT63OTadsjqfRkm5Dwd,67ba17e18a3a415abbe4060f1d4e6b77,2025-08-12T21:44:28Z,-2,,25da45836cb845c29940f1a8bc2ea43d
spotify:track:4dyqjATpeX4aSqf1uW3Vkr,67ba17e18a3a415abbe4060f1d4e6b77,2025-08-12T21:44:28Z,-2,,25da45836cb845c29940f1a8bc2ea43d
spotify:track:3IQSYqnKsCTMLWn2xE3HFT,67ba17e18a3a415abbe4060f1d4e6b77,2025-08-12T21:44:28Z,3,,25da45836cb845c29940f1a8bc2ea43d
spotify:track:39Ji8ytCOSzx7NEXckCtZc,67ba17e18a3a415abbe4060f1d4e6b77,2025-08-12T21:44:28Z,2,,25da45836cb845c29940f1a8bc2ea43d
spotify:track:2uFfpstFQyan5BUBAjJVu4,67ba17e18a3a415abbe4060f1d4e6b77,2025-08-12T21:44:28Z,2,,25da45836cb845c29940f1a8bc2ea43d
spotify:track:2hMhWwz82LOuFwMxcyvQG5,67ba17e18a3a415abbe4060f1d4e6b77,2025-08-12T21:44:28Z,4,Would have been better if it was meows for the entire song,25da45836cb845c29940f1a8bc2ea43d
spotify:track:1jPPKYq1s1HhIjAiqrnRR8,67ba17e18a3a415abbe4060f1d4e6b77,2025-08-12T21:44:28Z,2,,25da45836cb845c29940f1a8bc2ea43d
spotify:track:1hZA8eCepwA9mmrRO5f1dZ,67ba17e18a3a415abbe4060f1d4e6b77,2025-08-12T21:44:28Z,-2,,25da45836cb845c29940f1a8bc2ea43d
spotify:track:1czaCgWLWgqp0eRIZ0BcXh,67ba17e18a3a415abbe4060f1d4e6b77,2025-08-12T21:44:28Z,-2,,25da45836cb845c29940f1a8bc2ea43d
spotify:track:0rRboI6IRuGx56Dq3UdYY4,67ba17e18a3a415abbe4060f1d4e6b77,2025-08-12T21:44:28Z,-2,,25da45836cb845c29940f1a8bc2ea43d
spotify:track:0mEUjXUvkqrvDqKZgR7GiA,67ba17e18a3a415abbe4060f1d4e6b77,2025-08-12T21:44:28Z,4,,25da45836cb845c29940f1a8bc2ea43d
spotify:track:74cq6AFbsKdUVZMpG2TPEr,78e7775bd32b4b4ebaf5be442a27e180,2025-08-12T22:18:46Z,4,"Funny, good, and a modern answer to “what if take a hint from victorious was real”",25da45836cb845c29940f1a8bc2ea43d
spotify:track:1jPPKYq1s1HhIjAiqrnRR8,78e7775bd32b4b4ebaf5be442a27e180,2025-08-12T22:18:46Z,2,Love 100 Gecs!!! They’re hilarious and great,25da45836cb845c29940f1a8bc2ea43d
spotify:track:2hMhWwz82LOuFwMxcyvQG5,78e7775bd32b4b4ebaf5be442a27e180,2025-08-12T22:18:46Z,5,As someone who gets scratched by his cat anytime he wears jeans I simply have to love this! ,25da45836cb845c29940f1a8bc2ea43d
spotify:track:2uFfpstFQyan5BUBAjJVu4,78e7775bd32b4b4ebaf5be442a27e180,2025-08-12T22:18:46Z,3,Saw this clip and it did make me laugh (gives me destroy boys vibe too),25da45836cb845c29940f1a8bc2ea43d
spotify:track:39Ji8ytCOSzx7NEXckCtZc,78e7775bd32b4b4ebaf5be442a27e180,2025-08-12T22:18:46Z,2,I hate how this super online dumb song made me laugh so much lol,25da45836cb845c29940f1a8bc2ea43d
spotify:track:3IQSYqnKsCTMLWn2xE3HFT,78e7775bd32b4b4ebaf5be442a27e180,2025-08-12T22:18:46Z,4,Classic. You know I bumped this shit daily at summer camp ,25da45836cb845c29940f1a8bc2ea43d
spotify:track:4dyqjATpeX4aSqf1uW3Vkr,78e7775bd32b4b4ebaf5be442a27e180,2025-08-12T22:18:46Z,-1,The masculine “the subway” lol. Like the song but the wordplay didn’t make me laugh. But I do vibe to this ,25da45836cb845c29940f1a8bc2ea43d
spotify:track:5cXtT63OTadsjqfRkm5Dwd,78e7775bd32b4b4ebaf5be442a27e180,2025-08-12T22:18:46Z,4,Tried to not laugh but the first line transports me into another realm lol,25da45836cb845c29940f1a8bc2ea43d
spotify:track:5efhPREahj4RnQWyVEOikf,78e7775bd32b4b4ebaf5be442a27e180,2025-08-12T22:18:46Z,-2,Again… the SpongeBob AI slop always gets me and I hate that it does. Points off for AI even though it’s funny ,25da45836cb845c29940f1a8bc2ea43d
spotify:track:6oZaeLPOAb3Rn408f3IQiB,78e7775bd32b4b4ebaf5be442a27e180,2025-08-12T22:18:46Z,1,Liked the absurdism but also I find deep meaning in weird al. So I genuinely liked the yearning for freedom message and feel of the whole song … even if it’s about a man on a pony on a boat ,25da45836cb845c29940f1a8bc2ea43d
spotify:track:70ekmlJePRiA14dpbsGDVa,78e7775bd32b4b4ebaf5be442a27e180,2025-08-12T22:18:46Z,-3,Not my personal favorite … but someone has to love the more than silver foxes ,25da45836cb845c29940f1a8bc2ea43d
spotify:track:73hr344AmxNViy6IgFw6QL,78e7775bd32b4b4ebaf5be442a27e180,2025-08-12T22:18:46Z,1,As a man i know my place and feel I can’t put it too high… but I do love crazy ex girlfriend so much!! ,25da45836cb845c29940f1a8bc2ea43d
spotify:track:1hZA8eCepwA9mmrRO5f1dZ,78e7775bd32b4b4ebaf5be442a27e180,2025-08-12T22:18:46Z,1,Didn’t laugh but this shit bops. I’ll RIDE FOR MY HOES I’ll DIE FOR MY BITCHES!!,25da45836cb845c29940f1a8bc2ea43d
spotify:track:7lT9KJpfzMTNi9702WuNI8,78e7775bd32b4b4ebaf5be442a27e180,2025-08-12T22:18:46Z,-2,This song is good … but the lyrics sound like pick up lines from someone you’d cover your drink around ,25da45836cb845c29940f1a8bc2ea43d
spotify:track:0mEUjXUvkqrvDqKZgR7GiA,78e7775bd32b4b4ebaf5be442a27e180,2025-08-12T22:18:46Z,1,Solid. Classic parody and made me smile,25da45836cb845c29940f1a8bc2ea43d
spotify:track:0rRboI6IRuGx56Dq3UdYY4,78e7775bd32b4b4ebaf5be442a27e180,2025-08-12T22:18:46Z,1,A harrowing tale of drug abuse… 2nd verse is hilarious ,25da45836cb845c29940f1a8bc2ea43d
spotify:track:1bXW9UIZWmXtoSGXJvyyAm,78e7775bd32b4b4ebaf5be442a27e180,2025-08-12T22:18:46Z,1,"I liked it, but I personally didn’t laugh. Honestly it makes me wanna put a saddle on and gallop in the barn mosh instead",25da45836cb845c29940f1a8bc2ea43d
spotify:track:1czaCgWLWgqp0eRIZ0BcXh,78e7775bd32b4b4ebaf5be442a27e180,2025-08-12T22:18:46Z,-2,Not my personal taste but I did laugh at the little “bitch” at the beginning ,25da45836cb845c29940f1a8bc2ea43d
spotify:track:39Ji8ytCOSzx7NEXckCtZc,4f168741900f4f19979a06dcbd50e408,2025-08-13T00:24:26Z,2,"When I saw two SpongeBob songs, I knew unfortunately I would have to rank them in comparison. 
Given that this song is not AI, you are my clear winner. ",25da45836cb845c29940f1a8bc2ea43d
spotify:track:2uFfpstFQyan5BUBAjJVu4,4f168741900f4f19979a06dcbd50e408,2025-08-13T00:24:26Z,2,Stated listening to this  and thought whose song is this and why is it not funny at all?! THEN I saw who the artist was and damn I didn’t know those girls from phineas and  ferb went that hard. This is hilarious. Great job ,25da45836cb845c29940f1a8bc2ea43d
spotify:track:7lT9KJpfzMTNi9702WuNI8,4f168741900f4f19979a06dcbd50e408,2025-08-13T00:24:26Z,4,LITTLE CHICA FROM GUADELOUPE TOOK ME OUT,25da45836cb845c29940f1a8bc2ea43d
spotify:track:74cq6AFbsKdUVZMpG2TPEr,4f168741900f4f19979a06dcbd50e408,2025-08-13T00:24:26Z,2,U NEED A CAT SCAANNN,25da45836cb845c29940f1a8bc2ea43d
spotify:track:73hr344AmxNViy6IgFw6QL,4f168741900f4f19979a06dcbd50e408,2025-08-13T00:24:26Z,2,,25da45836cb845c29940f1a8bc2ea43d
spotify:track:6oZaeLPOAb3Rn408f3IQiB,4f168741900f4f19979a06dcbd50e408,2025-08-13T00:24:26Z,-2,Couldn’t tell if he was trying to be funny or if he is sexually attracted to the boat. ,25da45836cb845c29940f1a8bc2ea43d
spotify:track:5efhPREahj4RnQWyVEOikf,4f168741900f4f19979a06dcbd50e408,2025-08-13T00:24:26Z,-3,Would’ve been great if it were voice actors who sounded just like them but I can’t let AI win over the other SpongeBob track :/,25da45836cb845c29940f1a8bc2ea43d
spotify:track:5cXtT63OTadsjqfRkm5Dwd,4f168741900f4f19979a06dcbd50e408,2025-08-13T00:24:26Z,3,I knew I’d see u here ,25da45836cb845c29940f1a8bc2ea43d
spotify:track:1jPPKYq1s1HhIjAiqrnRR8,4f168741900f4f19979a06dcbd50e408,2025-08-13T00:24:26Z,-3,"I like both Doritos and Fritos, however together for this song, it’s a no from me dawg. ",25da45836cb845c29940f1a8bc2ea43d
spotify:track:1czaCgWLWgqp0eRIZ0BcXh,4f168741900f4f19979a06dcbd50e408,2025-08-13T00:24:26Z,-2,Did not laugh 😔,25da45836cb845c29940f1a8bc2ea43d
spotify:track:1bXW9UIZWmXtoSGXJvyyAm,4f168741900f4f19979a06dcbd50e408,2025-08-13T00:24:26Z,2,"Ok, this is objectively hilarious (especially the title) so I will give you credit for that. But god was this painful to listen to. I looked down after what felt like hours of me listening to the song, to discover I was only at the 2.5 min mark",25da45836cb845c29940f1a8bc2ea43d
spotify:track:0rRboI6IRuGx56Dq3UdYY4,4f168741900f4f19979a06dcbd50e408,2025-08-13T00:24:26Z,5,"This gets max points from me. I honestly rolled my eyes when I first saw the song on this list, but then I REALLY listened to the lyrics and it did truly make me laugh. “I lost my kids and wife because I got high” .. yk what yeah!",25da45836cb845c29940f1a8bc2ea43d
spotify:track:3skRg9wYHlW9SCA4qpWNwZ,4f168741900f4f19979a06dcbd50e408,2025-08-13T00:24:26Z,2,Not my fav but did make me giggle ,25da45836cb845c29940f1a8bc2ea43d
spotify:track:4dyqjATpeX4aSqf1uW3Vkr,4f168741900f4f19979a06dcbd50e408,2025-08-13T00:24:26Z,1,She took THE L ,25da45836cb845c29940f1a8bc2ea43d
spotify:track:2hMhWwz82LOuFwMxcyvQG5,4f168741900f4f19979a06dcbd50e408,2025-08-13T00:24:26Z,2,Meow mow mow 😼😼,25da45836cb845c29940f1a8bc2ea43d
spotify:track:3IQSYqnKsCTMLWn2xE3HFT,4f168741900f4f19979a06dcbd50e408,2025-08-13T00:24:26Z,3,Classic ,25da45836cb845c29940f1a8bc2ea43d
spotify:track:1hZA8eCepwA9mmrRO5f1dZ,bb9998daa35440aea3b29123cc71985c,2025-08-13T02:08:37Z,2,,25da45836cb845c29940f1a8bc2ea43d
spotify:track:0rRboI6IRuGx56Dq3UdYY4,bb9998daa35440aea3b29123cc71985c,2025-08-13T02:08:37Z,3,Classic,25da45836cb845c29940f1a8bc2ea43d
spotify:track:1bXW9UIZWmXtoSGXJvyyAm,bb9998daa35440aea3b29123cc71985c,2025-08-13T02:08:37Z,3,Love🐴,25da45836cb845c29940f1a8bc2ea43d
spotify:track:1czaCgWLWgqp0eRIZ0BcXh,bb9998daa35440aea3b29123cc71985c,2025-08-13T02:08:37Z,-2,,25da45836cb845c29940f1a8bc2ea43d
spotify:track:1jPPKYq1s1HhIjAiqrnRR8,bb9998daa35440aea3b29123cc71985c,2025-08-13T02:08:37Z,-2,,25da45836cb845c29940f1a8bc2ea43d
spotify:track:2hMhWwz82LOuFwMxcyvQG5,bb9998daa35440aea3b29123cc71985c,2025-08-13T02:08:37Z,3,🐱,25da45836cb845c29940f1a8bc2ea43d
spotify:track:2uFfpstFQyan5BUBAjJVu4,bb9998daa35440aea3b29123cc71985c,2025-08-13T02:08:37Z,1,,25da45836cb845c29940f1a8bc2ea43d
spotify:track:39Ji8ytCOSzx7NEXckCtZc,bb9998daa35440aea3b29123cc71985c,2025-08-13T02:08:37Z,-2,,25da45836cb845c29940f1a8bc2ea43d
spotify:track:3IQSYqnKsCTMLWn2xE3HFT,bb9998daa35440aea3b29123cc71985c,2025-08-13T02:08:37Z,4,,25da45836cb845c29940f1a8bc2ea43d
spotify:track:3skRg9wYHlW9SCA4qpWNwZ,bb9998daa35440aea3b29123cc71985c,2025-08-13T02:08:37Z,1,,25da45836cb845c29940f1a8bc2ea43d
spotify:track:4dyqjATpeX4aSqf1uW3Vkr,bb9998daa35440aea3b29123cc71985c,2025-08-13T02:08:37Z,3,,25da45836cb845c29940f1a8bc2ea43d
spotify:track:5cXtT63OTadsjqfRkm5Dwd,bb9998daa35440aea3b29123cc71985c,2025-08-13T02:08:37Z,1,,25da45836cb845c29940f1a8bc2ea43d
spotify:track:5efhPREahj4RnQWyVEOikf,bb9998daa35440aea3b29123cc71985c,2025-08-13T02:08:37Z,-3,AI?,25da45836cb845c29940f1a8bc2ea43d
spotify:track:6oZaeLPOAb3Rn408f3IQiB,bb9998daa35440aea3b29123cc71985c,2025-08-13T02:08:37Z,2,Heavy on the boat and horse themes this round,25da45836cb845c29940f1a8bc2ea43d
spotify:track:70ekmlJePRiA14dpbsGDVa,bb9998daa35440aea3b29123cc71985c,2025-08-13T02:08:37Z,2,,25da45836cb845c29940f1a8bc2ea43d
spotify:track:73hr344AmxNViy6IgFw6QL,bb9998daa35440aea3b29123cc71985c,2025-08-13T02:08:37Z,3,,25da45836cb845c29940f1a8bc2ea43d
spotify:track:74cq6AFbsKdUVZMpG2TPEr,bb9998daa35440aea3b29123cc71985c,2025-08-13T02:08:37Z,2,🦖,25da45836cb845c29940f1a8bc2ea43d
spotify:track:7lT9KJpfzMTNi9702WuNI8,bb9998daa35440aea3b29123cc71985c,2025-08-13T02:08:37Z,-1,I fear this is not an intentional comedy song,25da45836cb845c29940f1a8bc2ea43d
spotify:track:7lT9KJpfzMTNi9702WuNI8,09d7b2211f8d45b9a19b66c646fff9df,2025-08-13T03:03:23Z,1,,25da45836cb845c29940f1a8bc2ea43d
spotify:track:0mEUjXUvkqrvDqKZgR7GiA,09d7b2211f8d45b9a19b66c646fff9df,2025-08-13T03:03:23Z,3,This slaps and I’ve never heard it ,25da45836cb845c29940f1a8bc2ea43d
spotify:track:0rRboI6IRuGx56Dq3UdYY4,09d7b2211f8d45b9a19b66c646fff9df,2025-08-13T03:03:23Z,3,One of the best funny songs ever ,25da45836cb845c29940f1a8bc2ea43d
spotify:track:1bXW9UIZWmXtoSGXJvyyAm,09d7b2211f8d45b9a19b66c646fff9df,2025-08-13T03:03:23Z,1,This made me laugh,25da45836cb845c29940f1a8bc2ea43d
spotify:track:1czaCgWLWgqp0eRIZ0BcXh,09d7b2211f8d45b9a19b66c646fff9df,2025-08-13T03:03:23Z,-2,,25da45836cb845c29940f1a8bc2ea43d
spotify:track:1hZA8eCepwA9mmrRO5f1dZ,09d7b2211f8d45b9a19b66c646fff9df,2025-08-13T03:03:23Z,3,Yaaaas,25da45836cb845c29940f1a8bc2ea43d
spotify:track:1jPPKYq1s1HhIjAiqrnRR8,09d7b2211f8d45b9a19b66c646fff9df,2025-08-13T03:03:23Z,-2,,25da45836cb845c29940f1a8bc2ea43d
spotify:track:2hMhWwz82LOuFwMxcyvQG5,09d7b2211f8d45b9a19b66c646fff9df,2025-08-13T03:03:23Z,-2,,25da45836cb845c29940f1a8bc2ea43d
spotify:track:2uFfpstFQyan5BUBAjJVu4,09d7b2211f8d45b9a19b66c646fff9df,2025-08-13T03:03:23Z,-1,,25da45836cb845c29940f1a8bc2ea43d
spotify:track:39Ji8ytCOSzx7NEXckCtZc,09d7b2211f8d45b9a19b66c646fff9df,2025-08-13T03:03:23Z,1,I fuck with it ,25da45836cb845c29940f1a8bc2ea43d
spotify:track:3IQSYqnKsCTMLWn2xE3HFT,09d7b2211f8d45b9a19b66c646fff9df,2025-08-13T03:03:23Z,3,Also one of the best funny songs ever ,25da45836cb845c29940f1a8bc2ea43d
spotify:track:3skRg9wYHlW9SCA4qpWNwZ,09d7b2211f8d45b9a19b66c646fff9df,2025-08-13T03:03:23Z,5,I loved this lol,25da45836cb845c29940f1a8bc2ea43d
spotify:track:5cXtT63OTadsjqfRkm5Dwd,09d7b2211f8d45b9a19b66c646fff9df,2025-08-13T03:03:23Z,5,Omg I haven’t heard this in so long…. Molly on the beat ❤️,25da45836cb845c29940f1a8bc2ea43d
spotify:track:5efhPREahj4RnQWyVEOikf,09d7b2211f8d45b9a19b66c646fff9df,2025-08-13T03:03:23Z,-1,,25da45836cb845c29940f1a8bc2ea43d
spotify:track:6oZaeLPOAb3Rn408f3IQiB,09d7b2211f8d45b9a19b66c646fff9df,2025-08-13T03:03:23Z,-2,,25da45836cb845c29940f1a8bc2ea43d
spotify:track:70ekmlJePRiA14dpbsGDVa,09d7b2211f8d45b9a19b66c646fff9df,2025-08-13T03:03:23Z,3,,25da45836cb845c29940f1a8bc2ea43d
spotify:track:73hr344AmxNViy6IgFw6QL,09d7b2211f8d45b9a19b66c646fff9df,2025-08-13T03:03:23Z,1,,25da45836cb845c29940f1a8bc2ea43d
spotify:track:74cq6AFbsKdUVZMpG2TPEr,09d7b2211f8d45b9a19b66c646fff9df,2025-08-13T03:03:23Z,1,,25da45836cb845c29940f1a8bc2ea43d
spotify:track:1czaCgWLWgqp0eRIZ0BcXh,4a705869f6d84f0584387a24c37b961a,2025-08-13T03:04:58Z,2,,25da45836cb845c29940f1a8bc2ea43d
spotify:track:7lT9KJpfzMTNi9702WuNI8,4a705869f6d84f0584387a24c37b961a,2025-08-13T03:04:58Z,2,,25da45836cb845c29940f1a8bc2ea43d
spotify:track:74cq6AFbsKdUVZMpG2TPEr,4a705869f6d84f0584387a24c37b961a,2025-08-13T03:04:58Z,1,,25da45836cb845c29940f1a8bc2ea43d
spotify:track:73hr344AmxNViy6IgFw6QL,4a705869f6d84f0584387a24c37b961a,2025-08-13T03:04:58Z,1,,25da45836cb845c29940f1a8bc2ea43d
spotify:track:70ekmlJePRiA14dpbsGDVa,4a705869f6d84f0584387a24c37b961a,2025-08-13T03:04:58Z,2,,25da45836cb845c29940f1a8bc2ea43d
spotify:track:6oZaeLPOAb3Rn408f3IQiB,4a705869f6d84f0584387a24c37b961a,2025-08-13T03:04:58Z,3,,25da45836cb845c29940f1a8bc2ea43d
spotify:track:5efhPREahj4RnQWyVEOikf,4a705869f6d84f0584387a24c37b961a,2025-08-13T03:04:58Z,-3,,25da45836cb845c29940f1a8bc2ea43d
spotify:track:5cXtT63OTadsjqfRkm5Dwd,4a705869f6d84f0584387a24c37b961a,2025-08-13T03:04:58Z,3,,25da45836cb845c29940f1a8bc2ea43d
spotify:track:4dyqjATpeX4aSqf1uW3Vkr,4a705869f6d84f0584387a24c37b961a,2025-08-13T03:04:58Z,-2,,25da45836cb845c29940f1a8bc2ea43d
spotify:track:3skRg9wYHlW9SCA4qpWNwZ,4a705869f6d84f0584387a24c37b961a,2025-08-13T03:04:58Z,3,,25da45836cb845c29940f1a8bc2ea43d
spotify:track:39Ji8ytCOSzx7NEXckCtZc,4a705869f6d84f0584387a24c37b961a,2025-08-13T03:04:58Z,3,,25da45836cb845c29940f1a8bc2ea43d
spotify:track:2uFfpstFQyan5BUBAjJVu4,4a705869f6d84f0584387a24c37b961a,2025-08-13T03:04:58Z,-2,,25da45836cb845c29940f1a8bc2ea43d
spotify:track:2hMhWwz82LOuFwMxcyvQG5,4a705869f6d84f0584387a24c37b961a,2025-08-13T03:04:58Z,3,,25da45836cb845c29940f1a8bc2ea43d
spotify:track:1jPPKYq1s1HhIjAiqrnRR8,4a705869f6d84f0584387a24c37b961a,2025-08-13T03:04:58Z,-3,,25da45836cb845c29940f1a8bc2ea43d
spotify:track:1hZA8eCepwA9mmrRO5f1dZ,4a705869f6d84f0584387a24c37b961a,2025-08-13T03:04:58Z,2,,25da45836cb845c29940f1a8bc2ea43d
spotify:track:1bXW9UIZWmXtoSGXJvyyAm,4a705869f6d84f0584387a24c37b961a,2025-08-13T03:04:58Z,1,,25da45836cb845c29940f1a8bc2ea43d
spotify:track:0rRboI6IRuGx56Dq3UdYY4,4a705869f6d84f0584387a24c37b961a,2025-08-13T03:04:58Z,2,,25da45836cb845c29940f1a8bc2ea43d
spotify:track:0mEUjXUvkqrvDqKZgR7GiA,4a705869f6d84f0584387a24c37b961a,2025-08-13T03:04:58Z,2,,25da45836cb845c29940f1a8bc2ea43d
spotify:track:0rRboI6IRuGx56Dq3UdYY4,2a199944cf5a418ba77e17380f808df7,2025-08-13T21:24:10Z,-2,"okay, respect it... not really my personal vibe but i enjoy the lyrics (theme: 3/5 | personal taste: 2.5/5)",25da45836cb845c29940f1a8bc2ea43d
spotify:track:7lT9KJpfzMTNi9702WuNI8,2a199944cf5a418ba77e17380f808df7,2025-08-13T21:24:10Z,1,"""i dont speak spanish, japanese, or french"" beethoven found DEAD... his career in shambles LOL  (theme: 3/5 | personal taste: 3.5/5)",25da45836cb845c29940f1a8bc2ea43d
spotify:track:74cq6AFbsKdUVZMpG2TPEr,2a199944cf5a418ba77e17380f808df7,2025-08-13T21:24:10Z,0,iconic... ended old men everywhere,25da45836cb845c29940f1a8bc2ea43d
spotify:track:73hr344AmxNViy6IgFw6QL,2a199944cf5a418ba77e17380f808df7,2025-08-13T21:24:10Z,4,I LOVE THIS SHOW! im so glad someone added a song from here! all of the songs are so good! literally one of my fav shows ever! this song is so iconic i aboslutely think its perfect for this theme LOL (theme: 5/5 | personal taste: 4.5/5),25da45836cb845c29940f1a8bc2ea43d
spotify:track:70ekmlJePRiA14dpbsGDVa,2a199944cf5a418ba77e17380f808df7,2025-08-13T21:24:10Z,0,"its a fine song, i enjoy the lyrics. i think its fun! it's kinda like the opposite of kesha's dinosaur LOL (theme: 4/5 | personal taste: 2.5/5)",25da45836cb845c29940f1a8bc2ea43d
spotify:track:6oZaeLPOAb3Rn408f3IQiB,2a199944cf5a418ba77e17380f808df7,2025-08-13T21:24:10Z,1,"ok so this song isn't very funny to me... i find it cute and peaceful LOL anyways its the only new song i added to my library and for that, i raised the score (theme: 2.5/5 | personal taste: 4/5)",25da45836cb845c29940f1a8bc2ea43d
spotify:track:5efhPREahj4RnQWyVEOikf,2a199944cf5a418ba77e17380f808df7,2025-08-13T21:24:10Z,0,this song sounds exactly like bela delgado.... and hes a real person LMFAOOOO but yea its good (theme: 4/5 | personal taste: 2.5/5),25da45836cb845c29940f1a8bc2ea43d
spotify:track:5cXtT63OTadsjqfRkm5Dwd,2a199944cf5a418ba77e17380f808df7,2025-08-13T21:24:10Z,5,I mean... come on now... this is such an obvious choice LOL (im taking .5 points off for being too obvious!) but i mean this is literally so FREAKING GOOD! like my friends and i constantly listen and have it on all our club playlists so u served! stream cumshot by her cuz that one is also very good. (theme: 5/5 | personal taste: 5/5),25da45836cb845c29940f1a8bc2ea43d
spotify:track:4dyqjATpeX4aSqf1uW3Vkr,2a199944cf5a418ba77e17380f808df7,2025-08-13T21:24:10Z,-3,i dont know if i dont understand the meaning of some of the lyrics.... i like some of the lyrics but not a lot were super funny to me and i wasn't vibin with the vibe of the music (theme: 3/5 | personal taste: 2/5),25da45836cb845c29940f1a8bc2ea43d
spotify:track:3skRg9wYHlW9SCA4qpWNwZ,2a199944cf5a418ba77e17380f808df7,2025-08-13T21:24:10Z,3,"LMFAOOOO now this is how u do a funny song its very silly i love it LOL musically, its very casual i do enjoy it and i enjoy the hints of saxophone (duhhhh) also the vocals are fun! (theme: 4.5/5 | personal taste: 4/5)",25da45836cb845c29940f1a8bc2ea43d
spotify:track:3IQSYqnKsCTMLWn2xE3HFT,2a199944cf5a418ba77e17380f808df7,2025-08-13T21:24:10Z,3,this song is just ROA by VAEB but in english LMFAOOOO and im obsessed with T-Pain on the track LMFAOOOOO (theme: 5/5 | personal taste: 3.5/5),25da45836cb845c29940f1a8bc2ea43d
spotify:track:39Ji8ytCOSzx7NEXckCtZc,2a199944cf5a418ba77e17380f808df7,2025-08-13T21:24:10Z,-2,it was fine but i dont really like the song tbh... but the lyrics i appreciate for the humor  (theme: 4/5 | personal taste: 2/5),25da45836cb845c29940f1a8bc2ea43d
spotify:track:2uFfpstFQyan5BUBAjJVu4,2a199944cf5a418ba77e17380f808df7,2025-08-13T21:24:10Z,2,um... this is not what i expected from a phineas & ferb song LMFAOOO i almost have submitted a phineas & ferb song almost every round... i mean hello??? i submited vanessa's VA (olivia olson) last round!!! i remember this episode but without the context its even funnier (theme: 4/5 | personal taste: 4/5),25da45836cb845c29940f1a8bc2ea43d
spotify:track:2hMhWwz82LOuFwMxcyvQG5,2a199944cf5a418ba77e17380f808df7,2025-08-13T21:24:10Z,1,i dont know if i have much to say but i think kesha would LOVE this song... LOL it was silly... but i cant envision this on my playlist (theme: 5/5 | personal taste: 2.5/5),25da45836cb845c29940f1a8bc2ea43d
spotify:track:1jPPKYq1s1HhIjAiqrnRR8,2a199944cf5a418ba77e17380f808df7,2025-08-13T21:24:10Z,5,PERFECT SCORE! I think lowkey... there are funnier songs on this album... HELLO? Frog on the Floor???? Literally so iconic LOL but this is a good choice overall and i love this song & this album sm.... like AAAA TASTE (theme: 5/5 | personal taste: 5/5),25da45836cb845c29940f1a8bc2ea43d
spotify:track:1hZA8eCepwA9mmrRO5f1dZ,2a199944cf5a418ba77e17380f808df7,2025-08-13T21:24:10Z,0,"I liked this one, it was fun but i didnt feel like it was the absolute funniest! (theme: 3/5 | personal taste: 3.5/5)",25da45836cb845c29940f1a8bc2ea43d
spotify:track:0mEUjXUvkqrvDqKZgR7GiA,2a199944cf5a418ba77e17380f808df7,2025-08-13T21:24:10Z,-3,what a silly little song haha i bet my dad would love this one... sadly it just ranked lowest for me (theme: 3/5 | personal taste: 2/5),25da45836cb845c29940f1a8bc2ea43d
spotify:track:1czaCgWLWgqp0eRIZ0BcXh,2a199944cf5a418ba77e17380f808df7,2025-08-13T21:24:10Z,5,omg girl i love this song.... its literally so fun! i almost submitted a brokencyde song so im glad this one was submitted... LOL its so fun WHEN I START DRINKING... iconic (theme: 4.5/5 | personal taste: 5/5),25da45836cb845c29940f1a8bc2ea43d
spotify:track:1bXW9UIZWmXtoSGXJvyyAm,2a199944cf5a418ba77e17380f808df7,2025-08-13T21:24:10Z,0,this is fun! but i feel like there are funnier ones... however it is very funny! (theme: 4/5 | personal taste: 3/5),25da45836cb845c29940f1a8bc2ea43d
spotify:track:39Ji8ytCOSzx7NEXckCtZc,78ae828b8faa43b69625e1d3cb1f173a,2025-08-14T14:42:43Z,-1,,25da45836cb845c29940f1a8bc2ea43d
spotify:track:0mEUjXUvkqrvDqKZgR7GiA,78ae828b8faa43b69625e1d3cb1f173a,2025-08-14T14:42:43Z,-1,,25da45836cb845c29940f1a8bc2ea43d
spotify:track:0rRboI6IRuGx56Dq3UdYY4,78ae828b8faa43b69625e1d3cb1f173a,2025-08-14T14:42:43Z,4,,25da45836cb845c29940f1a8bc2ea43d
spotify:track:1czaCgWLWgqp0eRIZ0BcXh,78ae828b8faa43b69625e1d3cb1f173a,2025-08-14T14:42:43Z,5,,25da45836cb845c29940f1a8bc2ea43d
spotify:track:1hZA8eCepwA9mmrRO5f1dZ,78ae828b8faa43b69625e1d3cb1f173a,2025-08-14T14:42:43Z,4,,25da45836cb845c29940f1a8bc2ea43d
spotify:track:1jPPKYq1s1HhIjAiqrnRR8,78ae828b8faa43b69625e1d3cb1f173a,2025-08-14T14:42:43Z,-1,,25da45836cb845c29940f1a8bc2ea43d
spotify:track:2hMhWwz82LOuFwMxcyvQG5,78ae828b8faa43b69625e1d3cb1f173a,2025-08-14T14:42:43Z,4,,25da45836cb845c29940f1a8bc2ea43d
spotify:track:2uFfpstFQyan5BUBAjJVu4,78ae828b8faa43b69625e1d3cb1f173a,2025-08-14T14:42:43Z,-1,,25da45836cb845c29940f1a8bc2ea43d
spotify:track:3IQSYqnKsCTMLWn2xE3HFT,78ae828b8faa43b69625e1d3cb1f173a,2025-08-14T14:42:43Z,1,,25da45836cb845c29940f1a8bc2ea43d
spotify:track:3skRg9wYHlW9SCA4qpWNwZ,78ae828b8faa43b69625e1d3cb1f173a,2025-08-14T14:42:43Z,-2,,25da45836cb845c29940f1a8bc2ea43d
spotify:track:4dyqjATpeX4aSqf1uW3Vkr,78ae828b8faa43b69625e1d3cb1f173a,2025-08-14T14:42:43Z,-2,,25da45836cb845c29940f1a8bc2ea43d
spotify:track:5cXtT63OTadsjqfRkm5Dwd,78ae828b8faa43b69625e1d3cb1f173a,2025-08-14T14:42:43Z,5,,25da45836cb845c29940f1a8bc2ea43d
spotify:track:5efhPREahj4RnQWyVEOikf,78ae828b8faa43b69625e1d3cb1f173a,2025-08-14T14:42:43Z,-1,,25da45836cb845c29940f1a8bc2ea43d
spotify:track:6oZaeLPOAb3Rn408f3IQiB,78ae828b8faa43b69625e1d3cb1f173a,2025-08-14T14:42:43Z,1,,25da45836cb845c29940f1a8bc2ea43d
spotify:track:70ekmlJePRiA14dpbsGDVa,78ae828b8faa43b69625e1d3cb1f173a,2025-08-14T14:42:43Z,-1,,25da45836cb845c29940f1a8bc2ea43d
spotify:track:73hr344AmxNViy6IgFw6QL,78ae828b8faa43b69625e1d3cb1f173a,2025-08-14T14:42:43Z,1,,25da45836cb845c29940f1a8bc2ea43d
spotify:track:74cq6AFbsKdUVZMpG2TPEr,78ae828b8faa43b69625e1d3cb1f173a,2025-08-14T14:42:43Z,4,,25da45836cb845c29940f1a8bc2ea43d
spotify:track:7lT9KJpfzMTNi9702WuNI8,78ae828b8faa43b69625e1d3cb1f173a,2025-08-14T14:42:43Z,1,,25da45836cb845c29940f1a8bc2ea43d
spotify:track:7lT9KJpfzMTNi9702WuNI8,37a75c8d587f4075b2d0640f244d891c,2025-08-14T19:16:28Z,-1,Love me some Jmac ,25da45836cb845c29940f1a8bc2ea43d
spotify:track:0mEUjXUvkqrvDqKZgR7GiA,37a75c8d587f4075b2d0640f244d891c,2025-08-14T19:16:28Z,4,Immediately added to my liked songs. Will be busting this bad boy out during Halloween season ,25da45836cb845c29940f1a8bc2ea43d
spotify:track:0rRboI6IRuGx56Dq3UdYY4,37a75c8d587f4075b2d0640f244d891c,2025-08-14T19:16:28Z,1,"Good for the category, but too mainstream for me to put it higher ",25da45836cb845c29940f1a8bc2ea43d
spotify:track:1bXW9UIZWmXtoSGXJvyyAm,37a75c8d587f4075b2d0640f244d891c,2025-08-14T19:16:28Z,5,"Perfect, the beat is good and catchy but the lyrics are what would keep me from listening to this daily 😂",25da45836cb845c29940f1a8bc2ea43d
spotify:track:1czaCgWLWgqp0eRIZ0BcXh,37a75c8d587f4075b2d0640f244d891c,2025-08-14T19:16:28Z,-1,This is a bop only rating low because I love it everyday 😤,25da45836cb845c29940f1a8bc2ea43d
spotify:track:1hZA8eCepwA9mmrRO5f1dZ,37a75c8d587f4075b2d0640f244d891c,2025-08-14T19:16:28Z,1,Shook my a$$ too much to this one 🤪,25da45836cb845c29940f1a8bc2ea43d
spotify:track:1jPPKYq1s1HhIjAiqrnRR8,37a75c8d587f4075b2d0640f244d891c,2025-08-14T19:16:28Z,2,Only rating good because this is the one genre you should thrive in ,25da45836cb845c29940f1a8bc2ea43d
spotify:track:2hMhWwz82LOuFwMxcyvQG5,37a75c8d587f4075b2d0640f244d891c,2025-08-14T19:16:28Z,4,Hahahahahahah how is this real ,25da45836cb845c29940f1a8bc2ea43d
spotify:track:2uFfpstFQyan5BUBAjJVu4,37a75c8d587f4075b2d0640f244d891c,2025-08-14T19:16:28Z,-1,If it was squirrels in my pants I would rated higher … also why is it giving the runaways 😭,25da45836cb845c29940f1a8bc2ea43d
spotify:track:39Ji8ytCOSzx7NEXckCtZc,37a75c8d587f4075b2d0640f244d891c,2025-08-14T19:16:28Z,3,"Added to liked songs 
*leddle leddle le ",25da45836cb845c29940f1a8bc2ea43d
spotify:track:3IQSYqnKsCTMLWn2xE3HFT,37a75c8d587f4075b2d0640f244d891c,2025-08-14T19:16:28Z,-2,Grew up with this one so less impressive for me ,25da45836cb845c29940f1a8bc2ea43d
spotify:track:3skRg9wYHlW9SCA4qpWNwZ,37a75c8d587f4075b2d0640f244d891c,2025-08-14T19:16:28Z,-1,Rated low only because I liked the song too much ,25da45836cb845c29940f1a8bc2ea43d
spotify:track:4dyqjATpeX4aSqf1uW3Vkr,37a75c8d587f4075b2d0640f244d891c,2025-08-14T19:16:28Z,-2,Rated low because this is a good song 🥴,25da45836cb845c29940f1a8bc2ea43d
spotify:track:5cXtT63OTadsjqfRkm5Dwd,37a75c8d587f4075b2d0640f244d891c,2025-08-14T19:16:28Z,3,I mean… ,25da45836cb845c29940f1a8bc2ea43d
spotify:track:5efhPREahj4RnQWyVEOikf,37a75c8d587f4075b2d0640f244d891c,2025-08-14T19:16:28Z,5,Hahaahhahahaahah you win 🙇🏻‍♀️,25da45836cb845c29940f1a8bc2ea43d
spotify:track:6oZaeLPOAb3Rn408f3IQiB,37a75c8d587f4075b2d0640f244d891c,2025-08-14T19:16:28Z,-1,Just give this man a boat 😭😭,25da45836cb845c29940f1a8bc2ea43d
spotify:track:73hr344AmxNViy6IgFw6QL,37a75c8d587f4075b2d0640f244d891c,2025-08-14T19:16:28Z,2,They were spitting straight facts ❤️‍🔥,25da45836cb845c29940f1a8bc2ea43d
spotify:track:74cq6AFbsKdUVZMpG2TPEr,37a75c8d587f4075b2d0640f244d891c,2025-08-14T19:16:28Z,-1,My childhood ,25da45836cb845c29940f1a8bc2ea43d
spotify:track:1bXW9UIZWmXtoSGXJvyyAm,6ea8c1e02d584ed69ae4fae4a396a4fe,2025-08-15T03:19:16Z,2,,25da45836cb845c29940f1a8bc2ea43d
spotify:track:1czaCgWLWgqp0eRIZ0BcXh,6ea8c1e02d584ed69ae4fae4a396a4fe,2025-08-15T03:19:16Z,-2,,25da45836cb845c29940f1a8bc2ea43d
spotify:track:1hZA8eCepwA9mmrRO5f1dZ,6ea8c1e02d584ed69ae4fae4a396a4fe,2025-08-15T03:19:16Z,5,,25da45836cb845c29940f1a8bc2ea43d
spotify:track:1jPPKYq1s1HhIjAiqrnRR8,6ea8c1e02d584ed69ae4fae4a396a4fe,2025-08-15T03:19:16Z,-1,,25da45836cb845c29940f1a8bc2ea43d
spotify:track:2hMhWwz82LOuFwMxcyvQG5,6ea8c1e02d584ed69ae4fae4a396a4fe,2025-08-15T03:19:16Z,3,,25da45836cb845c29940f1a8bc2ea43d
spotify:track:2uFfpstFQyan5BUBAjJVu4,6ea8c1e02d584ed69ae4fae4a396a4fe,2025-08-15T03:19:16Z,-2,,25da45836cb845c29940f1a8bc2ea43d
spotify:track:39Ji8ytCOSzx7NEXckCtZc,6ea8c1e02d584ed69ae4fae4a396a4fe,2025-08-15T03:19:16Z,2,,25da45836cb845c29940f1a8bc2ea43d
spotify:track:3IQSYqnKsCTMLWn2xE3HFT,6ea8c1e02d584ed69ae4fae4a396a4fe,2025-08-15T03:19:16Z,-1,,25da45836cb845c29940f1a8bc2ea43d
spotify:track:3skRg9wYHlW9SCA4qpWNwZ,6ea8c1e02d584ed69ae4fae4a396a4fe,2025-08-15T03:19:16Z,1,,25da45836cb845c29940f1a8bc2ea43d
spotify:track:4dyqjATpeX4aSqf1uW3Vkr,6ea8c1e02d584ed69ae4fae4a396a4fe,2025-08-15T03:19:16Z,-1,,25da45836cb845c29940f1a8bc2ea43d
spotify:track:5cXtT63OTadsjqfRkm5Dwd,6ea8c1e02d584ed69ae4fae4a396a4fe,2025-08-15T03:19:16Z,5,,25da45836cb845c29940f1a8bc2ea43d
spotify:track:6oZaeLPOAb3Rn408f3IQiB,6ea8c1e02d584ed69ae4fae4a396a4fe,2025-08-15T03:19:16Z,1,,25da45836cb845c29940f1a8bc2ea43d
spotify:track:70ekmlJePRiA14dpbsGDVa,6ea8c1e02d584ed69ae4fae4a396a4fe,2025-08-15T03:19:16Z,5,,25da45836cb845c29940f1a8bc2ea43d
spotify:track:73hr344AmxNViy6IgFw6QL,6ea8c1e02d584ed69ae4fae4a396a4fe,2025-08-15T03:19:16Z,-1,,25da45836cb845c29940f1a8bc2ea43d
spotify:track:74cq6AFbsKdUVZMpG2TPEr,6ea8c1e02d584ed69ae4fae4a396a4fe,2025-08-15T03:19:16Z,-2,,25da45836cb845c29940f1a8bc2ea43d
spotify:track:7lT9KJpfzMTNi9702WuNI8,6ea8c1e02d584ed69ae4fae4a396a4fe,2025-08-15T03:19:16Z,1,,25da45836cb845c29940f1a8bc2ea43d
spotify:track:0rRboI6IRuGx56Dq3UdYY4,6ea8c1e02d584ed69ae4fae4a396a4fe,2025-08-15T03:19:16Z,5,,25da45836cb845c29940f1a8bc2ea43d
spotify:track:0rRboI6IRuGx56Dq3UdYY4,de798b3b84024cd6bf18356ecbc8d1a5,2025-08-15T18:46:40Z,-1,"This is a classic, just don’t find it funny",25da45836cb845c29940f1a8bc2ea43d
spotify:track:1bXW9UIZWmXtoSGXJvyyAm,de798b3b84024cd6bf18356ecbc8d1a5,2025-08-15T18:46:40Z,-1,"I do love horsegiirL, I just think this bumps rather than makes me laugh",25da45836cb845c29940f1a8bc2ea43d
spotify:track:1czaCgWLWgqp0eRIZ0BcXh,de798b3b84024cd6bf18356ecbc8d1a5,2025-08-15T18:46:40Z,5,Okay legit did laugh at the very beginning ,25da45836cb845c29940f1a8bc2ea43d
spotify:track:1hZA8eCepwA9mmrRO5f1dZ,de798b3b84024cd6bf18356ecbc8d1a5,2025-08-15T18:46:40Z,5,FUCK DEM OTHER HOEEEESSSSS,25da45836cb845c29940f1a8bc2ea43d
spotify:track:1jPPKYq1s1HhIjAiqrnRR8,de798b3b84024cd6bf18356ecbc8d1a5,2025-08-15T18:46:40Z,1,Thumbs up for 100 gecs,25da45836cb845c29940f1a8bc2ea43d
spotify:track:2hMhWwz82LOuFwMxcyvQG5,de798b3b84024cd6bf18356ecbc8d1a5,2025-08-15T18:46:40Z,-2,I’m sorry 😭 I did love the meows though,25da45836cb845c29940f1a8bc2ea43d
spotify:track:2uFfpstFQyan5BUBAjJVu4,de798b3b84024cd6bf18356ecbc8d1a5,2025-08-15T18:46:40Z,-1,"This must be Shane 👀 I did love the screams, just didn’t find the lyrics that funny",25da45836cb845c29940f1a8bc2ea43d
spotify:track:39Ji8ytCOSzx7NEXckCtZc,de798b3b84024cd6bf18356ecbc8d1a5,2025-08-15T18:46:40Z,4,LEEDLEEDLEEDLEE,25da45836cb845c29940f1a8bc2ea43d
spotify:track:3IQSYqnKsCTMLWn2xE3HFT,de798b3b84024cd6bf18356ecbc8d1a5,2025-08-15T18:46:40Z,-1,Okay pls don’t hate me…I’ve always thought the lyrics were kinda cringe 😬 the song bumps though!,25da45836cb845c29940f1a8bc2ea43d
spotify:track:3skRg9wYHlW9SCA4qpWNwZ,de798b3b84024cd6bf18356ecbc8d1a5,2025-08-15T18:46:40Z,-1,Don’t love how I could barely understand the singer lol. Looking at the lyrics helped! Another instance of bumped rather than laughed,25da45836cb845c29940f1a8bc2ea43d
spotify:track:4dyqjATpeX4aSqf1uW3Vkr,de798b3b84024cd6bf18356ecbc8d1a5,2025-08-15T18:46:40Z,-1,I appreciate the word play,25da45836cb845c29940f1a8bc2ea43d
spotify:track:5efhPREahj4RnQWyVEOikf,de798b3b84024cd6bf18356ecbc8d1a5,2025-08-15T18:46:40Z,3,GLOOOORRRRBBBBBB (also love The Bottom 2),25da45836cb845c29940f1a8bc2ea43d
spotify:track:6oZaeLPOAb3Rn408f3IQiB,de798b3b84024cd6bf18356ecbc8d1a5,2025-08-15T18:46:40Z,-2,Okay the pony on the boat did make me chuckle a little 🤭 just that part though sorry,25da45836cb845c29940f1a8bc2ea43d
spotify:track:70ekmlJePRiA14dpbsGDVa,de798b3b84024cd6bf18356ecbc8d1a5,2025-08-15T18:46:40Z,3,This wacky ass beat 😂,25da45836cb845c29940f1a8bc2ea43d
spotify:track:73hr344AmxNViy6IgFw6QL,de798b3b84024cd6bf18356ecbc8d1a5,2025-08-15T18:46:40Z,3,Period. And the LAST LINE pls 😂,25da45836cb845c29940f1a8bc2ea43d
spotify:track:74cq6AFbsKdUVZMpG2TPEr,de798b3b84024cd6bf18356ecbc8d1a5,2025-08-15T18:46:40Z,1,"Thumbs up for Kesha and I love the song, but idk I don’t find the song comedic ",25da45836cb845c29940f1a8bc2ea43d
spotify:track:7lT9KJpfzMTNi9702WuNI8,de798b3b84024cd6bf18356ecbc8d1a5,2025-08-15T18:46:40Z,2,Okay I did think the speaking in other languages part was funny lol,25da45836cb845c29940f1a8bc2ea43d
spotify:track:0mEUjXUvkqrvDqKZgR7GiA,de798b3b84024cd6bf18356ecbc8d1a5,2025-08-15T18:46:40Z,3,Fun parody!,25da45836cb845c29940f1a8bc2ea43d
spotify:track:0mEUjXUvkqrvDqKZgR7GiA,230bcf30d5714f798f4571d29d3c5eba,2025-08-15T23:01:53Z,-3,,25da45836cb845c29940f1a8bc2ea43d
spotify:track:0rRboI6IRuGx56Dq3UdYY4,230bcf30d5714f798f4571d29d3c5eba,2025-08-15T23:01:53Z,-3,,25da45836cb845c29940f1a8bc2ea43d
spotify:track:1bXW9UIZWmXtoSGXJvyyAm,230bcf30d5714f798f4571d29d3c5eba,2025-08-15T23:01:53Z,-1,,25da45836cb845c29940f1a8bc2ea43d
spotify:track:1czaCgWLWgqp0eRIZ0BcXh,230bcf30d5714f798f4571d29d3c5eba,2025-08-15T23:01:53Z,1,,25da45836cb845c29940f1a8bc2ea43d
spotify:track:1hZA8eCepwA9mmrRO5f1dZ,230bcf30d5714f798f4571d29d3c5eba,2025-08-15T23:01:53Z,3,,25da45836cb845c29940f1a8bc2ea43d
spotify:track:1jPPKYq1s1HhIjAiqrnRR8,230bcf30d5714f798f4571d29d3c5eba,2025-08-15T23:01:53Z,-3,,25da45836cb845c29940f1a8bc2ea43d
spotify:track:2uFfpstFQyan5BUBAjJVu4,230bcf30d5714f798f4571d29d3c5eba,2025-08-15T23:01:53Z,3,,25da45836cb845c29940f1a8bc2ea43d
spotify:track:39Ji8ytCOSzx7NEXckCtZc,230bcf30d5714f798f4571d29d3c5eba,2025-08-15T23:01:53Z,2,,25da45836cb845c29940f1a8bc2ea43d
spotify:track:3IQSYqnKsCTMLWn2xE3HFT,230bcf30d5714f798f4571d29d3c5eba,2025-08-15T23:01:53Z,4,,25da45836cb845c29940f1a8bc2ea43d
spotify:track:3skRg9wYHlW9SCA4qpWNwZ,230bcf30d5714f798f4571d29d3c5eba,2025-08-15T23:01:53Z,1,,25da45836cb845c29940f1a8bc2ea43d
spotify:track:4dyqjATpeX4aSqf1uW3Vkr,230bcf30d5714f798f4571d29d3c5eba,2025-08-15T23:01:53Z,2,,25da45836cb845c29940f1a8bc2ea43d
spotify:track:5cXtT63OTadsjqfRkm5Dwd,230bcf30d5714f798f4571d29d3c5eba,2025-08-15T23:01:53Z,1,,25da45836cb845c29940f1a8bc2ea43d
spotify:track:5efhPREahj4RnQWyVEOikf,230bcf30d5714f798f4571d29d3c5eba,2025-08-15T23:01:53Z,2,,25da45836cb845c29940f1a8bc2ea43d
spotify:track:6oZaeLPOAb3Rn408f3IQiB,230bcf30d5714f798f4571d29d3c5eba,2025-08-15T23:01:53Z,1,,25da45836cb845c29940f1a8bc2ea43d
spotify:track:70ekmlJePRiA14dpbsGDVa,230bcf30d5714f798f4571d29d3c5eba,2025-08-15T23:01:53Z,4,,25da45836cb845c29940f1a8bc2ea43d
spotify:track:73hr344AmxNViy6IgFw6QL,230bcf30d5714f798f4571d29d3c5eba,2025-08-15T23:01:53Z,3,,25da45836cb845c29940f1a8bc2ea43d
spotify:track:74cq6AFbsKdUVZMpG2TPEr,230bcf30d5714f798f4571d29d3c5eba,2025-08-15T23:01:53Z,2,,25da45836cb845c29940f1a8bc2ea43d
spotify:track:7lT9KJpfzMTNi9702WuNI8,230bcf30d5714f798f4571d29d3c5eba,2025-08-15T23:01:53Z,1,,25da45836cb845c29940f1a8bc2ea43d
spotify:track:2hMhWwz82LOuFwMxcyvQG5,cad5f43ca24d41e49a7b941d99009666,2025-08-16T00:39:18Z,-1,,25da45836cb845c29940f1a8bc2ea43d
spotify:track:74cq6AFbsKdUVZMpG2TPEr,cad5f43ca24d41e49a7b941d99009666,2025-08-16T00:39:18Z,5,,25da45836cb845c29940f1a8bc2ea43d
spotify:track:70ekmlJePRiA14dpbsGDVa,cad5f43ca24d41e49a7b941d99009666,2025-08-16T00:39:18Z,-1,,25da45836cb845c29940f1a8bc2ea43d
spotify:track:6oZaeLPOAb3Rn408f3IQiB,cad5f43ca24d41e49a7b941d99009666,2025-08-16T00:39:18Z,-1,,25da45836cb845c29940f1a8bc2ea43d
spotify:track:5efhPREahj4RnQWyVEOikf,cad5f43ca24d41e49a7b941d99009666,2025-08-16T00:39:18Z,3,,25da45836cb845c29940f1a8bc2ea43d
spotify:track:5cXtT63OTadsjqfRkm5Dwd,cad5f43ca24d41e49a7b941d99009666,2025-08-16T00:39:18Z,3,,25da45836cb845c29940f1a8bc2ea43d
spotify:track:4dyqjATpeX4aSqf1uW3Vkr,cad5f43ca24d41e49a7b941d99009666,2025-08-16T00:39:18Z,-1,,25da45836cb845c29940f1a8bc2ea43d
spotify:track:3skRg9wYHlW9SCA4qpWNwZ,cad5f43ca24d41e49a7b941d99009666,2025-08-16T00:39:18Z,-1,,25da45836cb845c29940f1a8bc2ea43d
spotify:track:3IQSYqnKsCTMLWn2xE3HFT,cad5f43ca24d41e49a7b941d99009666,2025-08-16T00:39:18Z,-2,,25da45836cb845c29940f1a8bc2ea43d
spotify:track:39Ji8ytCOSzx7NEXckCtZc,cad5f43ca24d41e49a7b941d99009666,2025-08-16T00:39:18Z,1,,25da45836cb845c29940f1a8bc2ea43d
spotify:track:2uFfpstFQyan5BUBAjJVu4,cad5f43ca24d41e49a7b941d99009666,2025-08-16T00:39:18Z,3,,25da45836cb845c29940f1a8bc2ea43d
spotify:track:1jPPKYq1s1HhIjAiqrnRR8,cad5f43ca24d41e49a7b941d99009666,2025-08-16T00:39:18Z,1,,25da45836cb845c29940f1a8bc2ea43d
spotify:track:1hZA8eCepwA9mmrRO5f1dZ,cad5f43ca24d41e49a7b941d99009666,2025-08-16T00:39:18Z,4,Sentimental value wins on this one lol,25da45836cb845c29940f1a8bc2ea43d
spotify:track:1czaCgWLWgqp0eRIZ0BcXh,cad5f43ca24d41e49a7b941d99009666,2025-08-16T00:39:18Z,-1,,25da45836cb845c29940f1a8bc2ea43d
spotify:track:1bXW9UIZWmXtoSGXJvyyAm,cad5f43ca24d41e49a7b941d99009666,2025-08-16T00:39:18Z,-2,,25da45836cb845c29940f1a8bc2ea43d
spotify:track:0rRboI6IRuGx56Dq3UdYY4,cad5f43ca24d41e49a7b941d99009666,2025-08-16T00:39:18Z,1,,25da45836cb845c29940f1a8bc2ea43d
spotify:track:0mEUjXUvkqrvDqKZgR7GiA,cad5f43ca24d41e49a7b941d99009666,2025-08-16T00:39:18Z,4,,25da45836cb845c29940f1a8bc2ea43d
spotify:track:7lT9KJpfzMTNi9702WuNI8,cad5f43ca24d41e49a7b941d99009666,2025-08-16T00:39:18Z,5,,25da45836cb845c29940f1a8bc2ea43d
spotify:track:74cq6AFbsKdUVZMpG2TPEr,c6abff5715e947c087d493d3e3b7b4a5,2025-08-16T03:27:39Z,-3,,25da45836cb845c29940f1a8bc2ea43d
spotify:track:73hr344AmxNViy6IgFw6QL,c6abff5715e947c087d493d3e3b7b4a5,2025-08-16T03:27:39Z,-3,,25da45836cb845c29940f1a8bc2ea43d
spotify:track:70ekmlJePRiA14dpbsGDVa,c6abff5715e947c087d493d3e3b7b4a5,2025-08-16T03:27:39Z,-3,,25da45836cb845c29940f1a8bc2ea43d
spotify:track:6oZaeLPOAb3Rn408f3IQiB,c6abff5715e947c087d493d3e3b7b4a5,2025-08-16T03:27:39Z,5,,25da45836cb845c29940f1a8bc2ea43d
spotify:track:0mEUjXUvkqrvDqKZgR7GiA,c6abff5715e947c087d493d3e3b7b4a5,2025-08-16T03:27:39Z,5,,25da45836cb845c29940f1a8bc2ea43d
spotify:track:5efhPREahj4RnQWyVEOikf,c6abff5715e947c087d493d3e3b7b4a5,2025-08-16T03:27:39Z,-1,,25da45836cb845c29940f1a8bc2ea43d
spotify:track:4dyqjATpeX4aSqf1uW3Vkr,c6abff5715e947c087d493d3e3b7b4a5,2025-08-16T03:27:39Z,4,,25da45836cb845c29940f1a8bc2ea43d
spotify:track:39Ji8ytCOSzx7NEXckCtZc,c6abff5715e947c087d493d3e3b7b4a5,2025-08-16T03:27:39Z,3,,25da45836cb845c29940f1a8bc2ea43d
spotify:track:1jPPKYq1s1HhIjAiqrnRR8,c6abff5715e947c087d493d3e3b7b4a5,2025-08-16T03:27:39Z,2,,25da45836cb845c29940f1a8bc2ea43d
spotify:track:1hZA8eCepwA9mmrRO5f1dZ,c6abff5715e947c087d493d3e3b7b4a5,2025-08-16T03:27:39Z,2,,25da45836cb845c29940f1a8bc2ea43d
spotify:track:1bXW9UIZWmXtoSGXJvyyAm,c6abff5715e947c087d493d3e3b7b4a5,2025-08-16T03:27:39Z,4,,25da45836cb845c29940f1a8bc2ea43d
spotify:track:7lT9KJpfzMTNi9702WuNI8,c6abff5715e947c087d493d3e3b7b4a5,2025-08-16T03:27:39Z,5,,25da45836cb845c29940f1a8bc2ea43d
spotify:track:39Ji8ytCOSzx7NEXckCtZc,b467147d8b6345bda21d8919e00746fc,2025-08-16T03:36:46Z,5,,25da45836cb845c29940f1a8bc2ea43d
spotify:track:3IQSYqnKsCTMLWn2xE3HFT,b467147d8b6345bda21d8919e00746fc,2025-08-16T03:36:46Z,-3,,25da45836cb845c29940f1a8bc2ea43d
spotify:track:3skRg9wYHlW9SCA4qpWNwZ,b467147d8b6345bda21d8919e00746fc,2025-08-16T03:36:46Z,-1,,25da45836cb845c29940f1a8bc2ea43d
spotify:track:4dyqjATpeX4aSqf1uW3Vkr,b467147d8b6345bda21d8919e00746fc,2025-08-16T03:36:46Z,-1,,25da45836cb845c29940f1a8bc2ea43d
spotify:track:5cXtT63OTadsjqfRkm5Dwd,b467147d8b6345bda21d8919e00746fc,2025-08-16T03:36:46Z,5,,25da45836cb845c29940f1a8bc2ea43d
spotify:track:5efhPREahj4RnQWyVEOikf,b467147d8b6345bda21d8919e00746fc,2025-08-16T03:36:46Z,5,,25da45836cb845c29940f1a8bc2ea43d
spotify:track:6oZaeLPOAb3Rn408f3IQiB,b467147d8b6345bda21d8919e00746fc,2025-08-16T03:36:46Z,-1,,25da45836cb845c29940f1a8bc2ea43d
spotify:track:70ekmlJePRiA14dpbsGDVa,b467147d8b6345bda21d8919e00746fc,2025-08-16T03:36:46Z,4,,25da45836cb845c29940f1a8bc2ea43d
spotify:track:74cq6AFbsKdUVZMpG2TPEr,b467147d8b6345bda21d8919e00746fc,2025-08-16T03:36:46Z,3,,25da45836cb845c29940f1a8bc2ea43d
spotify:track:7lT9KJpfzMTNi9702WuNI8,b467147d8b6345bda21d8919e00746fc,2025-08-16T03:36:46Z,1,,25da45836cb845c29940f1a8bc2ea43d
spotify:track:2uFfpstFQyan5BUBAjJVu4,b467147d8b6345bda21d8919e00746fc,2025-08-16T03:36:46Z,-1,,25da45836cb845c29940f1a8bc2ea43d
spotify:track:1hZA8eCepwA9mmrRO5f1dZ,b467147d8b6345bda21d8919e00746fc,2025-08-16T03:36:46Z,1,,25da45836cb845c29940f1a8bc2ea43d
spotify:track:1czaCgWLWgqp0eRIZ0BcXh,b467147d8b6345bda21d8919e00746fc,2025-08-16T03:36:46Z,-1,,25da45836cb845c29940f1a8bc2ea43d
spotify:track:1bXW9UIZWmXtoSGXJvyyAm,b467147d8b6345bda21d8919e00746fc,2025-08-16T03:36:46Z,3,,25da45836cb845c29940f1a8bc2ea43d
spotify:track:0rRboI6IRuGx56Dq3UdYY4,b467147d8b6345bda21d8919e00746fc,2025-08-16T03:36:46Z,3,,25da45836cb845c29940f1a8bc2ea43d
spotify:track:0mEUjXUvkqrvDqKZgR7GiA,b467147d8b6345bda21d8919e00746fc,2025-08-16T03:36:46Z,-1,,25da45836cb845c29940f1a8bc2ea43d
spotify:track:2hMhWwz82LOuFwMxcyvQG5,b467147d8b6345bda21d8919e00746fc,2025-08-16T03:36:46Z,-1,,25da45836cb845c29940f1a8bc2ea43d
spotify:track:15VRO9CQwMpbqUYA7e6Hwg,78e7775bd32b4b4ebaf5be442a27e180,2025-08-18T05:33:20Z,1,Love nirvana and I do prefer the natural vocals in this version compared to the distorted version David Bowie used. ,aedacf52230b411b823088df5aebaa57
spotify:track:18ddEEUakSawjPxXMxN4Ml,78e7775bd32b4b4ebaf5be442a27e180,2025-08-18T05:33:20Z,1,Was going to submit a different version of this song at first. It’s good!,aedacf52230b411b823088df5aebaa57
spotify:track:19W5OTEcQI3ZoRW1HERMyy,78e7775bd32b4b4ebaf5be442a27e180,2025-08-18T05:33:20Z,-3,I am too biased because cancer makes me cry at times and I feel this version doesn’t have the same emotion/ grit.,aedacf52230b411b823088df5aebaa57
spotify:track:1ewqpUUSLANb3jjc4UI8uX,78e7775bd32b4b4ebaf5be442a27e180,2025-08-18T05:33:20Z,1,I prefer this slower version to the coke induced fever dream the last 30 seconds of the tears for fears version is ,aedacf52230b411b823088df5aebaa57
spotify:track:1ip7DKU9LjT6aR4FdvD3Mv,78e7775bd32b4b4ebaf5be442a27e180,2025-08-18T05:33:20Z,-1,Can’t believe I’m listening to daughtry in 2025. I think both versions are basically the same but Sias voice cracks scratched my brain and it felt good ,aedacf52230b411b823088df5aebaa57
spotify:track:1XP4YN1vqt9bvZfeWOpZvD,78e7775bd32b4b4ebaf5be442a27e180,2025-08-18T05:33:20Z,-1,I do love cascade… but the original version is great despite not listening it until this league. ,aedacf52230b411b823088df5aebaa57
spotify:track:3BNHpCcu9BaL43SjLIi8o9,78e7775bd32b4b4ebaf5be442a27e180,2025-08-18T05:33:20Z,5,I like that this is a solely instrumental cover. For that reason I love it. Felt like I was at a cozy little restaurant enjoying a cover band. ,aedacf52230b411b823088df5aebaa57
spotify:track:3g5kQgKEllNBUklsmARGg8,78e7775bd32b4b4ebaf5be442a27e180,2025-08-18T05:33:20Z,0,Solid. Idk why but it felt… muted? Like there’s an audio file of this version that goes a lot heavier somewhere ,aedacf52230b411b823088df5aebaa57
spotify:track:4do0Z0rHdFUV3RSMxMQsdq,78e7775bd32b4b4ebaf5be442a27e180,2025-08-18T05:33:20Z,5,AMAZING. No notes. A classic song done by an amazing artist in a phenomenal way,aedacf52230b411b823088df5aebaa57
spotify:track:4jaiounlhJY1Vd0Vt6lrpB,78e7775bd32b4b4ebaf5be442a27e180,2025-08-18T05:33:20Z,-2,Love 5sos… but I don’t think this was the right song for them. The switching vocals didn’t work for me ,aedacf52230b411b823088df5aebaa57
spotify:track:5gB2IrxOCX2j9bMnHKP38i,78e7775bd32b4b4ebaf5be442a27e180,2025-08-18T05:33:20Z,4,"The superior version of course, though the original is better than I remember ",aedacf52230b411b823088df5aebaa57
spotify:track:5it9RIRXDwiLpJKdce6Z7e,78e7775bd32b4b4ebaf5be442a27e180,2025-08-18T05:33:20Z,4,I think this is the best version and it’s sentimental to me ,aedacf52230b411b823088df5aebaa57
spotify:track:60TThBDrPpek5k520l0W0L,78e7775bd32b4b4ebaf5be442a27e180,2025-08-18T05:33:20Z,-1,I actually prefer the original and I will die on this hill ,aedacf52230b411b823088df5aebaa57
spotify:track:6gJdDnF2TzfA1WPMXuCa3x,78e7775bd32b4b4ebaf5be442a27e180,2025-08-18T05:33:20Z,2,Didn’t know this was a cover. Tina is a killer. Love it ,aedacf52230b411b823088df5aebaa57
spotify:track:6kopmMZiyLmw7h66uXcXR7,78e7775bd32b4b4ebaf5be442a27e180,2025-08-18T05:33:20Z,2,"Again good, but I prefer the slower version ",aedacf52230b411b823088df5aebaa57
spotify:track:6oyJip5XQHRqcsy6hOTqw3,78e7775bd32b4b4ebaf5be442a27e180,2025-08-18T05:33:20Z,-2,I’m a white man that does indeed fuck with munford and all of his sons … but I love pop goes punk. This was hard but I prefer the original. I’m sorry ,aedacf52230b411b823088df5aebaa57
spotify:track:0Oqc0kKFsQ6MhFOLBNZIGX,78e7775bd32b4b4ebaf5be442a27e180,2025-08-18T05:33:20Z,1,I love the original version and I feel this version is good but doesn’t do something new/ interesting. It’s just Lana- fied. But still good!,aedacf52230b411b823088df5aebaa57
spotify:track:0Q0IVlqMV64kNLlwjPj0Hl,78e7775bd32b4b4ebaf5be442a27e180,2025-08-18T05:33:20Z,4,Amazing. I think it takes the original song and amplifies it x100,aedacf52230b411b823088df5aebaa57
spotify:track:0Q0IVlqMV64kNLlwjPj0Hl,a0672a3d11374827b1e2754a53877112,2025-08-18T05:35:59Z,5,you know you ate with this,aedacf52230b411b823088df5aebaa57
spotify:track:18ddEEUakSawjPxXMxN4Ml,a0672a3d11374827b1e2754a53877112,2025-08-18T05:35:59Z,0,i think the original production being removed adds so much ambience... but i kinda miss it at the same time. overall both versions sit in about the same place in my brain ,aedacf52230b411b823088df5aebaa57
spotify:track:19W5OTEcQI3ZoRW1HERMyy,a0672a3d11374827b1e2754a53877112,2025-08-18T05:35:59Z,-3,i think the MCR version is so much more dynamic and that makes me connect so much more to the  substance of the song,aedacf52230b411b823088df5aebaa57
spotify:track:1ewqpUUSLANb3jjc4UI8uX,a0672a3d11374827b1e2754a53877112,2025-08-18T05:35:59Z,2,i love love love how haunting and dreadful they made this ,aedacf52230b411b823088df5aebaa57
spotify:track:1ip7DKU9LjT6aR4FdvD3Mv,a0672a3d11374827b1e2754a53877112,2025-08-18T05:35:59Z,2,fuck sia ‼️‼️‼️‼️‼️‼️‼️,aedacf52230b411b823088df5aebaa57
spotify:track:1XP4YN1vqt9bvZfeWOpZvD,a0672a3d11374827b1e2754a53877112,2025-08-18T05:35:59Z,2,"every time I thought this song couldn't kick it into a higher gear, it went and did just that lmao ",aedacf52230b411b823088df5aebaa57
spotify:track:3BNHpCcu9BaL43SjLIi8o9,a0672a3d11374827b1e2754a53877112,2025-08-18T05:35:59Z,-1,i don't prefer this to the original... but it absolutely ATE. she's in my playlist now 🫡,aedacf52230b411b823088df5aebaa57
spotify:track:3g5kQgKEllNBUklsmARGg8,a0672a3d11374827b1e2754a53877112,2025-08-18T05:35:59Z,3,Reznor & Ross NEVER let a bitch down. i love how crunchy and violent they made this. ,aedacf52230b411b823088df5aebaa57
spotify:track:4do0Z0rHdFUV3RSMxMQsdq,a0672a3d11374827b1e2754a53877112,2025-08-18T05:35:59Z,3,it's a hell of a lot better than the original lmao,aedacf52230b411b823088df5aebaa57
spotify:track:4eHbdreAnSOrDDsFfc4Fpm,a0672a3d11374827b1e2754a53877112,2025-08-18T05:35:59Z,2,it's THE cover... but i really love the Dolly version too ,aedacf52230b411b823088df5aebaa57
spotify:track:4jaiounlhJY1Vd0Vt6lrpB,a0672a3d11374827b1e2754a53877112,2025-08-18T05:35:59Z,-3,"post malone really ate this up, especially the chorus. imo 5SOS fell just a bit flat on them",aedacf52230b411b823088df5aebaa57
spotify:track:5gB2IrxOCX2j9bMnHKP38i,a0672a3d11374827b1e2754a53877112,2025-08-18T05:35:59Z,1,vocally i love this version so much more... but damn if i don't want that harmonica back lmao,aedacf52230b411b823088df5aebaa57
spotify:track:5it9RIRXDwiLpJKdce6Z7e,a0672a3d11374827b1e2754a53877112,2025-08-18T05:35:59Z,2,i submitted this for a reason. it's PEAK. i do definitely like the non-movie Marc Ronson version more tho ;p,aedacf52230b411b823088df5aebaa57
spotify:track:60TThBDrPpek5k520l0W0L,a0672a3d11374827b1e2754a53877112,2025-08-18T05:35:59Z,1,this one is really hard for me. i keep going back and forth on which version i prefer. i feel like Brie sounds better... but she's getting drowned out by the backing a bit more than the original. sooooo... i think i do prefer this one. slightly. maybe. probably.,aedacf52230b411b823088df5aebaa57
spotify:track:6gJdDnF2TzfA1WPMXuCa3x,a0672a3d11374827b1e2754a53877112,2025-08-18T05:35:59Z,4,oh it's her song now,aedacf52230b411b823088df5aebaa57
spotify:track:6oyJip5XQHRqcsy6hOTqw3,a0672a3d11374827b1e2754a53877112,2025-08-18T05:35:59Z,1,id listen to a hell of a lot more Mumford and Sons if it sounded like this lol ,aedacf52230b411b823088df5aebaa57
spotify:track:0Oqc0kKFsQ6MhFOLBNZIGX,a0672a3d11374827b1e2754a53877112,2025-08-18T05:35:59Z,2,trust that Lana always eats it up,aedacf52230b411b823088df5aebaa57
spotify:track:15VRO9CQwMpbqUYA7e6Hwg,a0672a3d11374827b1e2754a53877112,2025-08-18T05:35:59Z,-3,"i think i prefer the Bowie version for two reasons

1) i like Bowie's voice more
2) i like the bass-forward sound of the original compared to the heavier guitar sound on the cover",aedacf52230b411b823088df5aebaa57
spotify:track:4do0Z0rHdFUV3RSMxMQsdq,3381f2b8e5a74019b7f93a802001397a,2025-08-18T06:41:02Z,-2,Just not my vibe but I respect it,aedacf52230b411b823088df5aebaa57
spotify:track:6oyJip5XQHRqcsy6hOTqw3,3381f2b8e5a74019b7f93a802001397a,2025-08-18T06:41:02Z,-2,,aedacf52230b411b823088df5aebaa57
spotify:track:6kopmMZiyLmw7h66uXcXR7,3381f2b8e5a74019b7f93a802001397a,2025-08-18T06:41:02Z,3,Whoever also did this.. I love you and I wish the best for both of us this round <3,aedacf52230b411b823088df5aebaa57
spotify:track:6gJdDnF2TzfA1WPMXuCa3x,3381f2b8e5a74019b7f93a802001397a,2025-08-18T06:41:02Z,2,Ms. Tinaaaa,aedacf52230b411b823088df5aebaa57
spotify:track:60TThBDrPpek5k520l0W0L,3381f2b8e5a74019b7f93a802001397a,2025-08-18T06:41:02Z,-2,,aedacf52230b411b823088df5aebaa57
spotify:track:5gB2IrxOCX2j9bMnHKP38i,3381f2b8e5a74019b7f93a802001397a,2025-08-18T06:41:02Z,5,Yeah they DID THEIR DAMN THING,aedacf52230b411b823088df5aebaa57
spotify:track:4jaiounlhJY1Vd0Vt6lrpB,3381f2b8e5a74019b7f93a802001397a,2025-08-18T06:41:02Z,5,Waaait this was INCREDIBLE,aedacf52230b411b823088df5aebaa57
spotify:track:4eHbdreAnSOrDDsFfc4Fpm,3381f2b8e5a74019b7f93a802001397a,2025-08-18T06:41:02Z,5,This round would have been incomplete without this,aedacf52230b411b823088df5aebaa57
spotify:track:18ddEEUakSawjPxXMxN4Ml,3381f2b8e5a74019b7f93a802001397a,2025-08-18T06:41:02Z,1,Ok somber ,aedacf52230b411b823088df5aebaa57
spotify:track:3g5kQgKEllNBUklsmARGg8,3381f2b8e5a74019b7f93a802001397a,2025-08-18T06:41:02Z,-2,,aedacf52230b411b823088df5aebaa57
spotify:track:3BNHpCcu9BaL43SjLIi8o9,3381f2b8e5a74019b7f93a802001397a,2025-08-18T06:41:02Z,1,Kinda a vibe,aedacf52230b411b823088df5aebaa57
spotify:track:1XP4YN1vqt9bvZfeWOpZvD,3381f2b8e5a74019b7f93a802001397a,2025-08-18T06:41:02Z,-1,,aedacf52230b411b823088df5aebaa57
spotify:track:1ip7DKU9LjT6aR4FdvD3Mv,3381f2b8e5a74019b7f93a802001397a,2025-08-18T06:41:02Z,1,,aedacf52230b411b823088df5aebaa57
spotify:track:1ewqpUUSLANb3jjc4UI8uX,3381f2b8e5a74019b7f93a802001397a,2025-08-18T06:41:02Z,-1,,aedacf52230b411b823088df5aebaa57
spotify:track:0Q0IVlqMV64kNLlwjPj0Hl,3381f2b8e5a74019b7f93a802001397a,2025-08-18T06:41:02Z,5,I LOVEE anything Lauryn Hill,aedacf52230b411b823088df5aebaa57
spotify:track:19W5OTEcQI3ZoRW1HERMyy,3381f2b8e5a74019b7f93a802001397a,2025-08-18T06:41:02Z,2,,aedacf52230b411b823088df5aebaa57
spotify:track:0Oqc0kKFsQ6MhFOLBNZIGX,d332f483f6794cb7b5e19a4df770f1ac,2025-08-20T14:09:11Z,1,,aedacf52230b411b823088df5aebaa57
spotify:track:0Q0IVlqMV64kNLlwjPj0Hl,d332f483f6794cb7b5e19a4df770f1ac,2025-08-20T14:09:11Z,2,classic,aedacf52230b411b823088df5aebaa57
spotify:track:15VRO9CQwMpbqUYA7e6Hwg,d332f483f6794cb7b5e19a4df770f1ac,2025-08-20T14:09:11Z,5,one of the best live albums imo. nirvana kills the covers on this one,aedacf52230b411b823088df5aebaa57
spotify:track:18ddEEUakSawjPxXMxN4Ml,d332f483f6794cb7b5e19a4df770f1ac,2025-08-20T14:09:11Z,-1,"shrek 2 slay, but maybe i’m just used to the turtles because this was good but didn’t hit like the original.",aedacf52230b411b823088df5aebaa57
spotify:track:19W5OTEcQI3ZoRW1HERMyy,d332f483f6794cb7b5e19a4df770f1ac,2025-08-20T14:09:11Z,-2,,aedacf52230b411b823088df5aebaa57
spotify:track:1ewqpUUSLANb3jjc4UI8uX,d332f483f6794cb7b5e19a4df770f1ac,2025-08-20T14:09:11Z,3,great choice. slay soundtrack.,aedacf52230b411b823088df5aebaa57
spotify:track:1ip7DKU9LjT6aR4FdvD3Mv,d332f483f6794cb7b5e19a4df770f1ac,2025-08-20T14:09:11Z,-3,is it mean to say i get why he didn’t win american idol?,aedacf52230b411b823088df5aebaa57
spotify:track:1XP4YN1vqt9bvZfeWOpZvD,d332f483f6794cb7b5e19a4df770f1ac,2025-08-20T14:09:11Z,-1,,aedacf52230b411b823088df5aebaa57
spotify:track:3BNHpCcu9BaL43SjLIi8o9,d332f483f6794cb7b5e19a4df770f1ac,2025-08-20T14:09:11Z,2,you can always sign me up for some saxophone,aedacf52230b411b823088df5aebaa57
spotify:track:3g5kQgKEllNBUklsmARGg8,d332f483f6794cb7b5e19a4df770f1ac,2025-08-20T14:09:11Z,1,couldn’t listening without picturing jack black from school of rock,aedacf52230b411b823088df5aebaa57
spotify:track:4do0Z0rHdFUV3RSMxMQsdq,d332f483f6794cb7b5e19a4df770f1ac,2025-08-20T14:09:11Z,4,,aedacf52230b411b823088df5aebaa57
spotify:track:4eHbdreAnSOrDDsFfc4Fpm,d332f483f6794cb7b5e19a4df770f1ac,2025-08-20T14:09:11Z,1,it took me an embarrassingly long time to figure out this was a cover,aedacf52230b411b823088df5aebaa57
spotify:track:5gB2IrxOCX2j9bMnHKP38i,d332f483f6794cb7b5e19a4df770f1ac,2025-08-20T14:09:11Z,-1,dad core,aedacf52230b411b823088df5aebaa57
spotify:track:5it9RIRXDwiLpJKdce6Z7e,d332f483f6794cb7b5e19a4df770f1ac,2025-08-20T14:09:11Z,5,,aedacf52230b411b823088df5aebaa57
spotify:track:60TThBDrPpek5k520l0W0L,d332f483f6794cb7b5e19a4df770f1ac,2025-08-20T14:09:11Z,4,,aedacf52230b411b823088df5aebaa57
spotify:track:6gJdDnF2TzfA1WPMXuCa3x,d332f483f6794cb7b5e19a4df770f1ac,2025-08-20T14:09:11Z,-1,what about the glee cover?,aedacf52230b411b823088df5aebaa57
spotify:track:6kopmMZiyLmw7h66uXcXR7,d332f483f6794cb7b5e19a4df770f1ac,2025-08-20T14:09:11Z,-1,,aedacf52230b411b823088df5aebaa57
spotify:track:6oyJip5XQHRqcsy6hOTqw3,d332f483f6794cb7b5e19a4df770f1ac,2025-08-20T14:09:11Z,2,this one surprised me the most,aedacf52230b411b823088df5aebaa57
spotify:track:0Oqc0kKFsQ6MhFOLBNZIGX,67ba17e18a3a415abbe4060f1d4e6b77,2025-08-21T06:26:42Z,3,,aedacf52230b411b823088df5aebaa57
spotify:track:0Q0IVlqMV64kNLlwjPj0Hl,67ba17e18a3a415abbe4060f1d4e6b77,2025-08-21T06:26:42Z,3,,aedacf52230b411b823088df5aebaa57
spotify:track:15VRO9CQwMpbqUYA7e6Hwg,67ba17e18a3a415abbe4060f1d4e6b77,2025-08-21T06:26:42Z,3,,aedacf52230b411b823088df5aebaa57
spotify:track:18ddEEUakSawjPxXMxN4Ml,67ba17e18a3a415abbe4060f1d4e6b77,2025-08-21T06:26:42Z,-2,I prefer the 🐢,aedacf52230b411b823088df5aebaa57
spotify:track:19W5OTEcQI3ZoRW1HERMyy,67ba17e18a3a415abbe4060f1d4e6b77,2025-08-21T06:26:42Z,-2,,aedacf52230b411b823088df5aebaa57
spotify:track:1XP4YN1vqt9bvZfeWOpZvD,67ba17e18a3a415abbe4060f1d4e6b77,2025-08-21T06:26:42Z,-1,,aedacf52230b411b823088df5aebaa57
spotify:track:3BNHpCcu9BaL43SjLIi8o9,67ba17e18a3a415abbe4060f1d4e6b77,2025-08-21T06:26:42Z,-3,Look the lyrics may not make total sense to me… but they belong in the song! ,aedacf52230b411b823088df5aebaa57
spotify:track:3g5kQgKEllNBUklsmARGg8,67ba17e18a3a415abbe4060f1d4e6b77,2025-08-21T06:26:42Z,-2,Not bad but it didn’t feel that different from the original,aedacf52230b411b823088df5aebaa57
spotify:track:4do0Z0rHdFUV3RSMxMQsdq,67ba17e18a3a415abbe4060f1d4e6b77,2025-08-21T06:26:42Z,2,,aedacf52230b411b823088df5aebaa57
spotify:track:4eHbdreAnSOrDDsFfc4Fpm,67ba17e18a3a415abbe4060f1d4e6b77,2025-08-21T06:26:42Z,1,,aedacf52230b411b823088df5aebaa57
spotify:track:5it9RIRXDwiLpJKdce6Z7e,67ba17e18a3a415abbe4060f1d4e6b77,2025-08-21T06:26:42Z,3,,aedacf52230b411b823088df5aebaa57
spotify:track:60TThBDrPpek5k520l0W0L,67ba17e18a3a415abbe4060f1d4e6b77,2025-08-21T06:26:42Z,2,,aedacf52230b411b823088df5aebaa57
spotify:track:6gJdDnF2TzfA1WPMXuCa3x,67ba17e18a3a415abbe4060f1d4e6b77,2025-08-21T06:26:42Z,3,,aedacf52230b411b823088df5aebaa57
spotify:track:6kopmMZiyLmw7h66uXcXR7,67ba17e18a3a415abbe4060f1d4e6b77,2025-08-21T06:26:42Z,5,This is the version I think of and will always be my favorite,aedacf52230b411b823088df5aebaa57
spotify:track:6oyJip5XQHRqcsy6hOTqw3,67ba17e18a3a415abbe4060f1d4e6b77,2025-08-21T06:26:42Z,5,This is the only song where I am more familiar with the original but I like this version just as much (maybe more) ,aedacf52230b411b823088df5aebaa57
spotify:track:0Oqc0kKFsQ6MhFOLBNZIGX,01d0fcb93151477b842d0ee8fe6510e3,2025-08-21T15:50:24Z,-2,Call me a gatekeeping purist but I was so upset when this came out and all the Lana Stans said it was better than sublime,aedacf52230b411b823088df5aebaa57
spotify:track:0Q0IVlqMV64kNLlwjPj0Hl,01d0fcb93151477b842d0ee8fe6510e3,2025-08-21T15:50:24Z,5,SO FUCKING GOOD,aedacf52230b411b823088df5aebaa57
spotify:track:15VRO9CQwMpbqUYA7e6Hwg,01d0fcb93151477b842d0ee8fe6510e3,2025-08-21T15:50:24Z,-2,I wanted to submit this😭Genuinely was disappointed when I heard the Bowie version as an angsty middle schooler …🙃,aedacf52230b411b823088df5aebaa57
spotify:track:18ddEEUakSawjPxXMxN4Ml,01d0fcb93151477b842d0ee8fe6510e3,2025-08-21T15:50:24Z,2,OOO THIS ONE IS SAUCY VERSION,aedacf52230b411b823088df5aebaa57
spotify:track:19W5OTEcQI3ZoRW1HERMyy,01d0fcb93151477b842d0ee8fe6510e3,2025-08-21T15:50:24Z,-2,I love my chem. I love TOP. I SHOULD love this cover but it doesn’t do it for me ,aedacf52230b411b823088df5aebaa57
spotify:track:1ewqpUUSLANb3jjc4UI8uX,01d0fcb93151477b842d0ee8fe6510e3,2025-08-21T15:50:24Z,2,And today I learned this was not the original …,aedacf52230b411b823088df5aebaa57
spotify:track:1ip7DKU9LjT6aR4FdvD3Mv,01d0fcb93151477b842d0ee8fe6510e3,2025-08-21T15:50:24Z,2,I haven’t heard about daughtery in sooooo long,aedacf52230b411b823088df5aebaa57
spotify:track:1XP4YN1vqt9bvZfeWOpZvD,01d0fcb93151477b842d0ee8fe6510e3,2025-08-21T15:50:24Z,1,,aedacf52230b411b823088df5aebaa57
spotify:track:3BNHpCcu9BaL43SjLIi8o9,01d0fcb93151477b842d0ee8fe6510e3,2025-08-21T15:50:24Z,-2,No piano :(,aedacf52230b411b823088df5aebaa57
spotify:track:3g5kQgKEllNBUklsmARGg8,01d0fcb93151477b842d0ee8fe6510e3,2025-08-21T15:50:24Z,-1,,aedacf52230b411b823088df5aebaa57
spotify:track:4do0Z0rHdFUV3RSMxMQsdq,01d0fcb93151477b842d0ee8fe6510e3,2025-08-21T15:50:24Z,-1,,aedacf52230b411b823088df5aebaa57
spotify:track:4eHbdreAnSOrDDsFfc4Fpm,01d0fcb93151477b842d0ee8fe6510e3,2025-08-21T15:50:24Z,5,Honestly it’s the fact that people don’t know this is cover!! Whitney is that girl,aedacf52230b411b823088df5aebaa57
spotify:track:4jaiounlhJY1Vd0Vt6lrpB,01d0fcb93151477b842d0ee8fe6510e3,2025-08-21T15:50:24Z,2,Bop,aedacf52230b411b823088df5aebaa57
spotify:track:5gB2IrxOCX2j9bMnHKP38i,01d0fcb93151477b842d0ee8fe6510e3,2025-08-21T15:50:24Z,4,I DIDNT KNOW THIS WAS A COVER ODMDNFJF,aedacf52230b411b823088df5aebaa57
spotify:track:5it9RIRXDwiLpJKdce6Z7e,01d0fcb93151477b842d0ee8fe6510e3,2025-08-21T15:50:24Z,2,CMON ITS AMY. Giving this the same score as the other Valerie lol,aedacf52230b411b823088df5aebaa57
spotify:track:6gJdDnF2TzfA1WPMXuCa3x,01d0fcb93151477b842d0ee8fe6510e3,2025-08-21T15:50:24Z,1,Tina Turner ate them up,aedacf52230b411b823088df5aebaa57
spotify:track:6kopmMZiyLmw7h66uXcXR7,01d0fcb93151477b842d0ee8fe6510e3,2025-08-21T15:50:24Z,2,Giving this the same score as the other valerie,aedacf52230b411b823088df5aebaa57
spotify:track:6oyJip5XQHRqcsy6hOTqw3,01d0fcb93151477b842d0ee8fe6510e3,2025-08-21T15:50:24Z,2,Honestly a sin that this is the only punk goes pop on here,aedacf52230b411b823088df5aebaa57
spotify:track:0Oqc0kKFsQ6MhFOLBNZIGX,09d7b2211f8d45b9a19b66c646fff9df,2025-08-22T05:16:25Z,5,,aedacf52230b411b823088df5aebaa57
spotify:track:6oyJip5XQHRqcsy6hOTqw3,09d7b2211f8d45b9a19b66c646fff9df,2025-08-22T05:16:25Z,-2,,aedacf52230b411b823088df5aebaa57
spotify:track:6kopmMZiyLmw7h66uXcXR7,09d7b2211f8d45b9a19b66c646fff9df,2025-08-22T05:16:25Z,2,,aedacf52230b411b823088df5aebaa57
spotify:track:6gJdDnF2TzfA1WPMXuCa3x,09d7b2211f8d45b9a19b66c646fff9df,2025-08-22T05:16:25Z,5,,aedacf52230b411b823088df5aebaa57
spotify:track:60TThBDrPpek5k520l0W0L,09d7b2211f8d45b9a19b66c646fff9df,2025-08-22T05:16:25Z,-2,,aedacf52230b411b823088df5aebaa57
spotify:track:5it9RIRXDwiLpJKdce6Z7e,09d7b2211f8d45b9a19b66c646fff9df,2025-08-22T05:16:25Z,2,,aedacf52230b411b823088df5aebaa57
spotify:track:5gB2IrxOCX2j9bMnHKP38i,09d7b2211f8d45b9a19b66c646fff9df,2025-08-22T05:16:25Z,3,,aedacf52230b411b823088df5aebaa57
spotify:track:4jaiounlhJY1Vd0Vt6lrpB,09d7b2211f8d45b9a19b66c646fff9df,2025-08-22T05:16:25Z,-2,,aedacf52230b411b823088df5aebaa57
spotify:track:4eHbdreAnSOrDDsFfc4Fpm,09d7b2211f8d45b9a19b66c646fff9df,2025-08-22T05:16:25Z,5,,aedacf52230b411b823088df5aebaa57
spotify:track:3g5kQgKEllNBUklsmARGg8,09d7b2211f8d45b9a19b66c646fff9df,2025-08-22T05:16:25Z,-2,,aedacf52230b411b823088df5aebaa57
spotify:track:3BNHpCcu9BaL43SjLIi8o9,09d7b2211f8d45b9a19b66c646fff9df,2025-08-22T05:16:25Z,-2,,aedacf52230b411b823088df5aebaa57
spotify:track:18ddEEUakSawjPxXMxN4Ml,09d7b2211f8d45b9a19b66c646fff9df,2025-08-22T05:16:25Z,1,,aedacf52230b411b823088df5aebaa57
spotify:track:15VRO9CQwMpbqUYA7e6Hwg,09d7b2211f8d45b9a19b66c646fff9df,2025-08-22T05:16:25Z,5,,aedacf52230b411b823088df5aebaa57
spotify:track:0Q0IVlqMV64kNLlwjPj0Hl,09d7b2211f8d45b9a19b66c646fff9df,2025-08-22T05:16:25Z,2,I like Roberta’s version more ❤️,aedacf52230b411b823088df5aebaa57
spotify:track:4eHbdreAnSOrDDsFfc4Fpm,4a705869f6d84f0584387a24c37b961a,2025-08-22T06:02:13Z,4,I LOVE WHITNEY😤,aedacf52230b411b823088df5aebaa57
spotify:track:0Oqc0kKFsQ6MhFOLBNZIGX,4a705869f6d84f0584387a24c37b961a,2025-08-22T06:02:13Z,4,Love it so much more,aedacf52230b411b823088df5aebaa57
spotify:track:6oyJip5XQHRqcsy6hOTqw3,4a705869f6d84f0584387a24c37b961a,2025-08-22T06:02:13Z,-1,,aedacf52230b411b823088df5aebaa57
spotify:track:6kopmMZiyLmw7h66uXcXR7,4a705869f6d84f0584387a24c37b961a,2025-08-22T06:02:13Z,3,,aedacf52230b411b823088df5aebaa57
spotify:track:6gJdDnF2TzfA1WPMXuCa3x,4a705869f6d84f0584387a24c37b961a,2025-08-22T06:02:13Z,2,,aedacf52230b411b823088df5aebaa57
spotify:track:60TThBDrPpek5k520l0W0L,4a705869f6d84f0584387a24c37b961a,2025-08-22T06:02:13Z,5,Omfg yes there’s no argument about this. I waited so long for this to be on Spotify,aedacf52230b411b823088df5aebaa57
spotify:track:5it9RIRXDwiLpJKdce6Z7e,4a705869f6d84f0584387a24c37b961a,2025-08-22T06:02:13Z,2,,aedacf52230b411b823088df5aebaa57
spotify:track:5gB2IrxOCX2j9bMnHKP38i,4a705869f6d84f0584387a24c37b961a,2025-08-22T06:02:13Z,2,,aedacf52230b411b823088df5aebaa57
spotify:track:4jaiounlhJY1Vd0Vt6lrpB,4a705869f6d84f0584387a24c37b961a,2025-08-22T06:02:13Z,1,,aedacf52230b411b823088df5aebaa57
spotify:track:4do0Z0rHdFUV3RSMxMQsdq,4a705869f6d84f0584387a24c37b961a,2025-08-22T06:02:13Z,3,Love so much more ,aedacf52230b411b823088df5aebaa57
spotify:track:3g5kQgKEllNBUklsmARGg8,4a705869f6d84f0584387a24c37b961a,2025-08-22T06:02:13Z,-2,,aedacf52230b411b823088df5aebaa57
spotify:track:3BNHpCcu9BaL43SjLIi8o9,4a705869f6d84f0584387a24c37b961a,2025-08-22T06:02:13Z,1,,aedacf52230b411b823088df5aebaa57
spotify:track:1XP4YN1vqt9bvZfeWOpZvD,4a705869f6d84f0584387a24c37b961a,2025-08-22T06:02:13Z,-1,,aedacf52230b411b823088df5aebaa57
spotify:track:1ip7DKU9LjT6aR4FdvD3Mv,4a705869f6d84f0584387a24c37b961a,2025-08-22T06:02:13Z,-2,,aedacf52230b411b823088df5aebaa57
spotify:track:1ewqpUUSLANb3jjc4UI8uX,4a705869f6d84f0584387a24c37b961a,2025-08-22T06:02:13Z,-3,Idk what it is about this guy’s voice but it annoys me soooo much ,aedacf52230b411b823088df5aebaa57
spotify:track:19W5OTEcQI3ZoRW1HERMyy,4a705869f6d84f0584387a24c37b961a,2025-08-22T06:02:13Z,2,,aedacf52230b411b823088df5aebaa57
spotify:track:18ddEEUakSawjPxXMxN4Ml,4a705869f6d84f0584387a24c37b961a,2025-08-22T06:02:13Z,1,Love Floor Cry but I like the original a bit more,aedacf52230b411b823088df5aebaa57
spotify:track:15VRO9CQwMpbqUYA7e6Hwg,4a705869f6d84f0584387a24c37b961a,2025-08-22T06:02:13Z,-1,,aedacf52230b411b823088df5aebaa57
spotify:track:19W5OTEcQI3ZoRW1HERMyy,4f168741900f4f19979a06dcbd50e408,2025-08-22T06:46:41Z,-3,Absolutely not. wtf. They took everything  I like about this song and threw it in the trash and left us with this poo ,aedacf52230b411b823088df5aebaa57
spotify:track:18ddEEUakSawjPxXMxN4Ml,4f168741900f4f19979a06dcbd50e408,2025-08-22T06:46:41Z,2,I like this cover and I also like it more than the original but I think this is such a widely covered song and there are better options than this one ,aedacf52230b411b823088df5aebaa57
spotify:track:15VRO9CQwMpbqUYA7e6Hwg,4f168741900f4f19979a06dcbd50e408,2025-08-22T06:46:41Z,4,"Have actually never listened to either version of the song, but agree this is the better one!!",aedacf52230b411b823088df5aebaa57
spotify:track:0Q0IVlqMV64kNLlwjPj0Hl,4f168741900f4f19979a06dcbd50e408,2025-08-22T06:46:41Z,4,Def agree.. they took something that was beautiful and emotional and were able to keep that essence while also making it a certified bop,aedacf52230b411b823088df5aebaa57
spotify:track:6gJdDnF2TzfA1WPMXuCa3x,4f168741900f4f19979a06dcbd50e408,2025-08-22T06:46:41Z,-2,"Sorry, I do love Tina, but the CCR version will ALWAYS eat",aedacf52230b411b823088df5aebaa57
spotify:track:6kopmMZiyLmw7h66uXcXR7,4f168741900f4f19979a06dcbd50e408,2025-08-22T06:46:41Z,3,May be a hot take but I gotta vote for this version over her live performance. I do love the raw live version but the way this was done just makes it so BIG and fun,aedacf52230b411b823088df5aebaa57
spotify:track:6oyJip5XQHRqcsy6hOTqw3,4f168741900f4f19979a06dcbd50e408,2025-08-22T06:46:41Z,-1,Certainly not better than Mumford but it was alriiiiiight,aedacf52230b411b823088df5aebaa57
spotify:track:60TThBDrPpek5k520l0W0L,4f168741900f4f19979a06dcbd50e408,2025-08-22T06:46:41Z,1,I like the parts where she speaks but the actual vocals are still better on Metric version imo,aedacf52230b411b823088df5aebaa57
spotify:track:5it9RIRXDwiLpJKdce6Z7e,4f168741900f4f19979a06dcbd50e408,2025-08-22T06:46:41Z,0,"See my comments on other Valerie submission
Great pick but unfortunately I think the Mark Ronsan version win for me",aedacf52230b411b823088df5aebaa57
spotify:track:4jaiounlhJY1Vd0Vt6lrpB,4f168741900f4f19979a06dcbd50e408,2025-08-22T06:46:41Z,2,GOD I FUCKING LOVE POST MALONE SO MUCH BUT THIS COVER IS GOOD…. UGH!!!!!!! Luke vocals carry it fs,aedacf52230b411b823088df5aebaa57
spotify:track:4eHbdreAnSOrDDsFfc4Fpm,4f168741900f4f19979a06dcbd50e408,2025-08-22T06:46:41Z,2,"This is a tough one for me because I think Dolly sings it with so much heart, but Whitney’s version is far more memorable ",aedacf52230b411b823088df5aebaa57
spotify:track:4do0Z0rHdFUV3RSMxMQsdq,4f168741900f4f19979a06dcbd50e408,2025-08-22T06:46:41Z,5,Hell yeah let’s get Tommy and his little bitch shondell squad tf out of here. Joan devoured them,aedacf52230b411b823088df5aebaa57
spotify:track:0Oqc0kKFsQ6MhFOLBNZIGX,4f168741900f4f19979a06dcbd50e408,2025-08-22T06:46:41Z,3,Instrumentals on Sublime go a little harder for me but Lana BODIES the vocals and I truly can see it being more of her song than Sublime’s ,aedacf52230b411b823088df5aebaa57
spotify:track:3g5kQgKEllNBUklsmARGg8,4f168741900f4f19979a06dcbd50e408,2025-08-22T06:46:41Z,3,I understand,aedacf52230b411b823088df5aebaa57
spotify:track:3BNHpCcu9BaL43SjLIi8o9,4f168741900f4f19979a06dcbd50e408,2025-08-22T06:46:41Z,-1,It’s good but in what world is this better than the original ,aedacf52230b411b823088df5aebaa57
spotify:track:1XP4YN1vqt9bvZfeWOpZvD,4f168741900f4f19979a06dcbd50e408,2025-08-22T06:46:41Z,0,I would say I like these about the same and I don’t particularly like the song much 😔,aedacf52230b411b823088df5aebaa57
spotify:track:1ip7DKU9LjT6aR4FdvD3Mv,4f168741900f4f19979a06dcbd50e408,2025-08-22T06:46:41Z,1,"An odd choice bc Daughtry and Sia are both such random artists 
Yes Daughtry version is much easier to listen to but that’s not hard when Sia is pretty insufferable…. ",aedacf52230b411b823088df5aebaa57
spotify:track:1ewqpUUSLANb3jjc4UI8uX,4f168741900f4f19979a06dcbd50e408,2025-08-22T06:46:41Z,-3,What planet are you on,aedacf52230b411b823088df5aebaa57
spotify:track:60TThBDrPpek5k520l0W0L,6ca9795192d64ada9c42cd333ea9d3a1,2025-08-22T06:58:35Z,4,,aedacf52230b411b823088df5aebaa57
spotify:track:6gJdDnF2TzfA1WPMXuCa3x,6ca9795192d64ada9c42cd333ea9d3a1,2025-08-22T06:58:35Z,-2,,aedacf52230b411b823088df5aebaa57
spotify:track:6kopmMZiyLmw7h66uXcXR7,6ca9795192d64ada9c42cd333ea9d3a1,2025-08-22T06:58:35Z,-2,,aedacf52230b411b823088df5aebaa57
spotify:track:6oyJip5XQHRqcsy6hOTqw3,6ca9795192d64ada9c42cd333ea9d3a1,2025-08-22T06:58:35Z,-2,,aedacf52230b411b823088df5aebaa57
spotify:track:0Oqc0kKFsQ6MhFOLBNZIGX,6ca9795192d64ada9c42cd333ea9d3a1,2025-08-22T06:58:35Z,5,,aedacf52230b411b823088df5aebaa57
spotify:track:0Q0IVlqMV64kNLlwjPj0Hl,6ca9795192d64ada9c42cd333ea9d3a1,2025-08-22T06:58:35Z,1,,aedacf52230b411b823088df5aebaa57
spotify:track:15VRO9CQwMpbqUYA7e6Hwg,6ca9795192d64ada9c42cd333ea9d3a1,2025-08-22T06:58:35Z,5,,aedacf52230b411b823088df5aebaa57
spotify:track:19W5OTEcQI3ZoRW1HERMyy,6ca9795192d64ada9c42cd333ea9d3a1,2025-08-22T06:58:35Z,1,,aedacf52230b411b823088df5aebaa57
spotify:track:1ewqpUUSLANb3jjc4UI8uX,6ca9795192d64ada9c42cd333ea9d3a1,2025-08-22T06:58:35Z,1,,aedacf52230b411b823088df5aebaa57
spotify:track:1ip7DKU9LjT6aR4FdvD3Mv,6ca9795192d64ada9c42cd333ea9d3a1,2025-08-22T06:58:35Z,1,,aedacf52230b411b823088df5aebaa57
spotify:track:1XP4YN1vqt9bvZfeWOpZvD,6ca9795192d64ada9c42cd333ea9d3a1,2025-08-22T06:58:35Z,1,,aedacf52230b411b823088df5aebaa57
spotify:track:3BNHpCcu9BaL43SjLIi8o9,6ca9795192d64ada9c42cd333ea9d3a1,2025-08-22T06:58:35Z,-2,,aedacf52230b411b823088df5aebaa57
spotify:track:3g5kQgKEllNBUklsmARGg8,6ca9795192d64ada9c42cd333ea9d3a1,2025-08-22T06:58:35Z,2,,aedacf52230b411b823088df5aebaa57
spotify:track:4do0Z0rHdFUV3RSMxMQsdq,6ca9795192d64ada9c42cd333ea9d3a1,2025-08-22T06:58:35Z,2,,aedacf52230b411b823088df5aebaa57
spotify:track:4eHbdreAnSOrDDsFfc4Fpm,6ca9795192d64ada9c42cd333ea9d3a1,2025-08-22T06:58:35Z,4,,aedacf52230b411b823088df5aebaa57
spotify:track:4jaiounlhJY1Vd0Vt6lrpB,6ca9795192d64ada9c42cd333ea9d3a1,2025-08-22T06:58:35Z,-2,,aedacf52230b411b823088df5aebaa57
spotify:track:5gB2IrxOCX2j9bMnHKP38i,6ca9795192d64ada9c42cd333ea9d3a1,2025-08-22T06:58:35Z,1,,aedacf52230b411b823088df5aebaa57
spotify:track:5it9RIRXDwiLpJKdce6Z7e,6ca9795192d64ada9c42cd333ea9d3a1,2025-08-22T06:58:35Z,2,,aedacf52230b411b823088df5aebaa57
spotify:track:18ddEEUakSawjPxXMxN4Ml,78ae828b8faa43b69625e1d3cb1f173a,2025-08-22T06:59:09Z,5,,aedacf52230b411b823088df5aebaa57
spotify:track:0Oqc0kKFsQ6MhFOLBNZIGX,78ae828b8faa43b69625e1d3cb1f173a,2025-08-22T06:59:09Z,5,,aedacf52230b411b823088df5aebaa57
spotify:track:0Q0IVlqMV64kNLlwjPj0Hl,78ae828b8faa43b69625e1d3cb1f173a,2025-08-22T06:59:09Z,5,,aedacf52230b411b823088df5aebaa57
spotify:track:19W5OTEcQI3ZoRW1HERMyy,78ae828b8faa43b69625e1d3cb1f173a,2025-08-22T06:59:09Z,-1,,aedacf52230b411b823088df5aebaa57
spotify:track:1ewqpUUSLANb3jjc4UI8uX,78ae828b8faa43b69625e1d3cb1f173a,2025-08-22T06:59:09Z,4,,aedacf52230b411b823088df5aebaa57
spotify:track:1ip7DKU9LjT6aR4FdvD3Mv,78ae828b8faa43b69625e1d3cb1f173a,2025-08-22T06:59:09Z,-1,,aedacf52230b411b823088df5aebaa57
spotify:track:1XP4YN1vqt9bvZfeWOpZvD,78ae828b8faa43b69625e1d3cb1f173a,2025-08-22T06:59:09Z,-1,,aedacf52230b411b823088df5aebaa57
spotify:track:3BNHpCcu9BaL43SjLIi8o9,78ae828b8faa43b69625e1d3cb1f173a,2025-08-22T06:59:09Z,-1,,aedacf52230b411b823088df5aebaa57
spotify:track:3g5kQgKEllNBUklsmARGg8,78ae828b8faa43b69625e1d3cb1f173a,2025-08-22T06:59:09Z,-1,,aedacf52230b411b823088df5aebaa57
spotify:track:4do0Z0rHdFUV3RSMxMQsdq,78ae828b8faa43b69625e1d3cb1f173a,2025-08-22T06:59:09Z,3,,aedacf52230b411b823088df5aebaa57
spotify:track:4eHbdreAnSOrDDsFfc4Fpm,78ae828b8faa43b69625e1d3cb1f173a,2025-08-22T06:59:09Z,4,,aedacf52230b411b823088df5aebaa57
spotify:track:4jaiounlhJY1Vd0Vt6lrpB,78ae828b8faa43b69625e1d3cb1f173a,2025-08-22T06:59:09Z,-1,,aedacf52230b411b823088df5aebaa57
spotify:track:5gB2IrxOCX2j9bMnHKP38i,78ae828b8faa43b69625e1d3cb1f173a,2025-08-22T06:59:09Z,1,,aedacf52230b411b823088df5aebaa57
spotify:track:5it9RIRXDwiLpJKdce6Z7e,78ae828b8faa43b69625e1d3cb1f173a,2025-08-22T06:59:09Z,-1,,aedacf52230b411b823088df5aebaa57
spotify:track:60TThBDrPpek5k520l0W0L,78ae828b8faa43b69625e1d3cb1f173a,2025-08-22T06:59:09Z,2,,aedacf52230b411b823088df5aebaa57
spotify:track:6gJdDnF2TzfA1WPMXuCa3x,78ae828b8faa43b69625e1d3cb1f173a,2025-08-22T06:59:09Z,1,,aedacf52230b411b823088df5aebaa57
spotify:track:6kopmMZiyLmw7h66uXcXR7,78ae828b8faa43b69625e1d3cb1f173a,2025-08-22T06:59:09Z,-1,,aedacf52230b411b823088df5aebaa57
spotify:track:6oyJip5XQHRqcsy6hOTqw3,78ae828b8faa43b69625e1d3cb1f173a,2025-08-22T06:59:09Z,-2,,aedacf52230b411b823088df5aebaa57
spotify:track:15VRO9CQwMpbqUYA7e6Hwg,2a199944cf5a418ba77e17380f808df7,2025-08-22T16:34:34Z,4,I like this one more than the original! both are pretty cool... but something about this version hits different (theme/did I prefer this over the OG: 5/5 | personal taste: 4/5),aedacf52230b411b823088df5aebaa57
spotify:track:18ddEEUakSawjPxXMxN4Ml,2a199944cf5a418ba77e17380f808df7,2025-08-22T16:34:34Z,-3,Kinda slow... As a standalone song... I dont enjoy it. After listening to the original... I can say I absolutely hate what she did to this song... I'm sorry but she turned a fun happy song into a really sad boring song. (theme/did I prefer this over the OG: 2.5/5 | personal taste: 4/5),aedacf52230b411b823088df5aebaa57
spotify:track:19W5OTEcQI3ZoRW1HERMyy,2a199944cf5a418ba77e17380f808df7,2025-08-22T16:34:34Z,2,I don't have much to say about this... I like it but I'm not super obsessed with it! I feel like it's a peaceful cover. It's cute (theme/did I prefer this over the OG: 3.5/5 | personal taste: 3/5),aedacf52230b411b823088df5aebaa57
spotify:track:1ewqpUUSLANb3jjc4UI8uX,2a199944cf5a418ba77e17380f808df7,2025-08-22T16:34:34Z,-2,I much prefer the original over this cover. I think they made this song extremely boring and forgettable... I'm sorry. (theme/did I prefer this over the OG: 2/5 | personal taste: 1/5),aedacf52230b411b823088df5aebaa57
spotify:track:1ip7DKU9LjT6aR4FdvD3Mv,2a199944cf5a418ba77e17380f808df7,2025-08-22T16:34:34Z,2,LOL a cover of a SIA song? I never would have guessed... Daughtry... I wasn't aware of your vocal game! (I've been a fan but not a stan...) vocals served! (theme/did I prefer this over the OG: 4/5 | personal taste: 3.5/5),aedacf52230b411b823088df5aebaa57
spotify:track:1XP4YN1vqt9bvZfeWOpZvD,2a199944cf5a418ba77e17380f808df7,2025-08-22T16:34:34Z,0,perfect! cascada ate with those vocals!,aedacf52230b411b823088df5aebaa57
spotify:track:3BNHpCcu9BaL43SjLIi8o9,2a199944cf5a418ba77e17380f808df7,2025-08-22T16:34:34Z,-1,It's okay. I dont really have much to say (theme/did I prefer this over the OG: 3/5 | personal taste: 2/5),aedacf52230b411b823088df5aebaa57
spotify:track:3g5kQgKEllNBUklsmARGg8,2a199944cf5a418ba77e17380f808df7,2025-08-22T16:34:34Z,-2,I don't have anything to say. I liked the original more. (theme/did I prefer this over the OG: 3/5 | personal taste: 1/5),aedacf52230b411b823088df5aebaa57
spotify:track:4do0Z0rHdFUV3RSMxMQsdq,2a199944cf5a418ba77e17380f808df7,2025-08-22T16:34:34Z,3,A good choice! I know my dad would be glad I enjoyed this one hahaha (theme/did I prefer this over the OG: 5/5 | personal taste: 3.5/5),aedacf52230b411b823088df5aebaa57
spotify:track:4eHbdreAnSOrDDsFfc4Fpm,2a199944cf5a418ba77e17380f808df7,2025-08-22T16:34:34Z,2,I'm ngl I always thought this was Celine Dion... a good choice for this theme!!! hello! iconic. however i like both of the versions of the song! it's kinda hard to choose. (theme/did I prefer this over the OG: 4/5 | personal taste: 4/5),aedacf52230b411b823088df5aebaa57
spotify:track:4jaiounlhJY1Vd0Vt6lrpB,2a199944cf5a418ba77e17380f808df7,2025-08-22T16:34:34Z,3,It's kinda boring... but i do like it a lot more than the original! I think they did a lot with this cover! (theme/did I prefer this over the OG: 5/5 | personal taste: 3.5/5),aedacf52230b411b823088df5aebaa57
spotify:track:5gB2IrxOCX2j9bMnHKP38i,2a199944cf5a418ba77e17380f808df7,2025-08-22T16:34:34Z,5,this isn't the original???? LOL gagged... they ate... they served! (theme/did I prefer this over the OG: 5/5 | personal taste: 4.5/5),aedacf52230b411b823088df5aebaa57
spotify:track:5it9RIRXDwiLpJKdce6Z7e,2a199944cf5a418ba77e17380f808df7,2025-08-22T16:34:34Z,-2,I fully liked the vocals however I enjoy the vibes of the original versus the cover... i love how happy it sounds (theme/did I prefer this over the OG: 2/5 | personal taste: 2/5),aedacf52230b411b823088df5aebaa57
spotify:track:60TThBDrPpek5k520l0W0L,2a199944cf5a418ba77e17380f808df7,2025-08-22T16:34:34Z,2,I like it! Her vibes are silly... I feel like her sass is fun! (theme/did I prefer this over the OG: 4/5 | personal taste: 3.5/5),aedacf52230b411b823088df5aebaa57
spotify:track:6gJdDnF2TzfA1WPMXuCa3x,2a199944cf5a418ba77e17380f808df7,2025-08-22T16:34:34Z,1,I can't tell what I prefer... but I do enjoy this cover! I love the end with how much energy comes out! (theme/did I prefer this over the OG: 3.5/5 | personal taste: 3/5),aedacf52230b411b823088df5aebaa57
spotify:track:6kopmMZiyLmw7h66uXcXR7,2a199944cf5a418ba77e17380f808df7,2025-08-22T16:34:34Z,0,I like this more than the other Valerie on this list... shocked it's on here twice! LOL but i love the energy from this one! (theme/did I prefer this over the OG: 3/5 | personal taste: 2.5/5),aedacf52230b411b823088df5aebaa57
spotify:track:6oyJip5XQHRqcsy6hOTqw3,2a199944cf5a418ba77e17380f808df7,2025-08-22T16:34:34Z,2,okay i totally love the original song! but i feel like this cover kinda ruined the vibe of it... however if it was a standalone song... i  would enjoy it very much! plus her vocals SLAY (theme/did I prefer this over the OG: 2.5/5 | personal taste: 4/5),aedacf52230b411b823088df5aebaa57
spotify:track:0Oqc0kKFsQ6MhFOLBNZIGX,2a199944cf5a418ba77e17380f808df7,2025-08-22T16:34:34Z,4,"Honestly, i'm never been super into Lana... but I like this one! I'll be adding to my playlist, i find it peaceful. also... my friend literally showed me this song for the first time a few days ago so thats crazy LOL (theme/did I prefer this over the OG: 5/5 | personal taste: 4/5)",aedacf52230b411b823088df5aebaa57
spotify:track:0Q0IVlqMV64kNLlwjPj0Hl,2a199944cf5a418ba77e17380f808df7,2025-08-22T16:34:34Z,0,"Okay so I almost submitted a cover of this SAME SONG by Megan Lee (a goddess!) but because of how much I enjoy her cover, I can't really get behind this one as much... cuz I just enjoy that other version so much more! (theme/did I prefer this over the OG: 4/5 | personal taste: 2/5) ",aedacf52230b411b823088df5aebaa57
spotify:track:60TThBDrPpek5k520l0W0L,cad5f43ca24d41e49a7b941d99009666,2025-08-22T17:09:58Z,-1,,aedacf52230b411b823088df5aebaa57
spotify:track:15VRO9CQwMpbqUYA7e6Hwg,cad5f43ca24d41e49a7b941d99009666,2025-08-22T17:09:58Z,-2,,aedacf52230b411b823088df5aebaa57
spotify:track:18ddEEUakSawjPxXMxN4Ml,cad5f43ca24d41e49a7b941d99009666,2025-08-22T17:09:58Z,-1,,aedacf52230b411b823088df5aebaa57
spotify:track:19W5OTEcQI3ZoRW1HERMyy,cad5f43ca24d41e49a7b941d99009666,2025-08-22T17:09:58Z,-2,,aedacf52230b411b823088df5aebaa57
spotify:track:1ewqpUUSLANb3jjc4UI8uX,cad5f43ca24d41e49a7b941d99009666,2025-08-22T17:09:58Z,1,,aedacf52230b411b823088df5aebaa57
spotify:track:1XP4YN1vqt9bvZfeWOpZvD,cad5f43ca24d41e49a7b941d99009666,2025-08-22T17:09:58Z,3,,aedacf52230b411b823088df5aebaa57
spotify:track:3g5kQgKEllNBUklsmARGg8,cad5f43ca24d41e49a7b941d99009666,2025-08-22T17:09:58Z,2,,aedacf52230b411b823088df5aebaa57
spotify:track:4do0Z0rHdFUV3RSMxMQsdq,cad5f43ca24d41e49a7b941d99009666,2025-08-22T17:09:58Z,1,,aedacf52230b411b823088df5aebaa57
spotify:track:4eHbdreAnSOrDDsFfc4Fpm,cad5f43ca24d41e49a7b941d99009666,2025-08-22T17:09:58Z,5,,aedacf52230b411b823088df5aebaa57
spotify:track:4jaiounlhJY1Vd0Vt6lrpB,cad5f43ca24d41e49a7b941d99009666,2025-08-22T17:09:58Z,-2,,aedacf52230b411b823088df5aebaa57
spotify:track:5gB2IrxOCX2j9bMnHKP38i,cad5f43ca24d41e49a7b941d99009666,2025-08-22T17:09:58Z,5,,aedacf52230b411b823088df5aebaa57
spotify:track:5it9RIRXDwiLpJKdce6Z7e,cad5f43ca24d41e49a7b941d99009666,2025-08-22T17:09:58Z,1,,aedacf52230b411b823088df5aebaa57
spotify:track:0Q0IVlqMV64kNLlwjPj0Hl,cad5f43ca24d41e49a7b941d99009666,2025-08-22T17:09:58Z,-2,,aedacf52230b411b823088df5aebaa57
spotify:track:6gJdDnF2TzfA1WPMXuCa3x,cad5f43ca24d41e49a7b941d99009666,2025-08-22T17:09:58Z,5,,aedacf52230b411b823088df5aebaa57
spotify:track:6kopmMZiyLmw7h66uXcXR7,cad5f43ca24d41e49a7b941d99009666,2025-08-22T17:09:58Z,3,,aedacf52230b411b823088df5aebaa57
spotify:track:6oyJip5XQHRqcsy6hOTqw3,cad5f43ca24d41e49a7b941d99009666,2025-08-22T17:09:58Z,1,,aedacf52230b411b823088df5aebaa57
spotify:track:0Oqc0kKFsQ6MhFOLBNZIGX,cad5f43ca24d41e49a7b941d99009666,2025-08-22T17:09:58Z,3,,aedacf52230b411b823088df5aebaa57
spotify:track:0Q0IVlqMV64kNLlwjPj0Hl,37a75c8d587f4075b2d0640f244d891c,2025-08-22T18:46:53Z,5,This is THE ORIGINAL periodddddd,aedacf52230b411b823088df5aebaa57
spotify:track:15VRO9CQwMpbqUYA7e6Hwg,37a75c8d587f4075b2d0640f244d891c,2025-08-22T18:46:53Z,3,Yes yes yes,aedacf52230b411b823088df5aebaa57
spotify:track:18ddEEUakSawjPxXMxN4Ml,37a75c8d587f4075b2d0640f244d891c,2025-08-22T18:46:53Z,-1,I like the melody in the original ,aedacf52230b411b823088df5aebaa57
spotify:track:19W5OTEcQI3ZoRW1HERMyy,37a75c8d587f4075b2d0640f244d891c,2025-08-22T18:46:53Z,1,Can’t beat MCR,aedacf52230b411b823088df5aebaa57
spotify:track:1ewqpUUSLANb3jjc4UI8uX,37a75c8d587f4075b2d0640f244d891c,2025-08-22T18:46:53Z,4,OG classic also banger movie ,aedacf52230b411b823088df5aebaa57
spotify:track:1ip7DKU9LjT6aR4FdvD3Mv,37a75c8d587f4075b2d0640f244d891c,2025-08-22T18:46:53Z,-1,,aedacf52230b411b823088df5aebaa57
spotify:track:1XP4YN1vqt9bvZfeWOpZvD,37a75c8d587f4075b2d0640f244d891c,2025-08-22T18:46:53Z,-1,Good but not my vibe ,aedacf52230b411b823088df5aebaa57
spotify:track:3BNHpCcu9BaL43SjLIi8o9,37a75c8d587f4075b2d0640f244d891c,2025-08-22T18:46:53Z,3,Love & added to my work playlist ,aedacf52230b411b823088df5aebaa57
spotify:track:3g5kQgKEllNBUklsmARGg8,37a75c8d587f4075b2d0640f244d891c,2025-08-22T18:46:53Z,-2,As a heavy Led Zeppelin fan I can’t give this points ,aedacf52230b411b823088df5aebaa57
spotify:track:4do0Z0rHdFUV3RSMxMQsdq,37a75c8d587f4075b2d0640f244d891c,2025-08-22T18:46:53Z,1,Love the song but like other versions better ,aedacf52230b411b823088df5aebaa57
spotify:track:4eHbdreAnSOrDDsFfc4Fpm,37a75c8d587f4075b2d0640f244d891c,2025-08-22T18:46:53Z,1,This is a cover!?!?!🤯,aedacf52230b411b823088df5aebaa57
spotify:track:4jaiounlhJY1Vd0Vt6lrpB,37a75c8d587f4075b2d0640f244d891c,2025-08-22T18:46:53Z,-2,I never seen this man before ,aedacf52230b411b823088df5aebaa57
spotify:track:5gB2IrxOCX2j9bMnHKP38i,37a75c8d587f4075b2d0640f244d891c,2025-08-22T18:46:53Z,1,*Que Michael Scott in a moving truck ,aedacf52230b411b823088df5aebaa57
spotify:track:5it9RIRXDwiLpJKdce6Z7e,37a75c8d587f4075b2d0640f244d891c,2025-08-22T18:46:53Z,3,I just found out this is a cover 🤯,aedacf52230b411b823088df5aebaa57
spotify:track:60TThBDrPpek5k520l0W0L,37a75c8d587f4075b2d0640f244d891c,2025-08-22T18:46:53Z,4,Instant win 🥇 ,aedacf52230b411b823088df5aebaa57
spotify:track:6gJdDnF2TzfA1WPMXuCa3x,37a75c8d587f4075b2d0640f244d891c,2025-08-22T18:46:53Z,4,Tina MF Turner 😤,aedacf52230b411b823088df5aebaa57
spotify:track:6kopmMZiyLmw7h66uXcXR7,37a75c8d587f4075b2d0640f244d891c,2025-08-22T18:46:53Z,-2,Sorry I like the other version better 🫢,aedacf52230b411b823088df5aebaa57
spotify:track:6oyJip5XQHRqcsy6hOTqw3,37a75c8d587f4075b2d0640f244d891c,2025-08-22T18:46:53Z,-1,I like the twangy original ,aedacf52230b411b823088df5aebaa57
spotify:track:6gJdDnF2TzfA1WPMXuCa3x,bb9998daa35440aea3b29123cc71985c,2025-08-22T21:08:50Z,3,Tina’s always better,aedacf52230b411b823088df5aebaa57
spotify:track:0Oqc0kKFsQ6MhFOLBNZIGX,bb9998daa35440aea3b29123cc71985c,2025-08-22T21:08:50Z,4,a Lana cover classic💅🏻 she made this her own while still paying homage to Sublime’s style,aedacf52230b411b823088df5aebaa57
spotify:track:0Q0IVlqMV64kNLlwjPj0Hl,bb9998daa35440aea3b29123cc71985c,2025-08-22T21:08:50Z,4,Lauryn Hill could cover anything love her vocals. ,aedacf52230b411b823088df5aebaa57
spotify:track:15VRO9CQwMpbqUYA7e6Hwg,bb9998daa35440aea3b29123cc71985c,2025-08-22T21:08:50Z,-1,I’m just not a Nirvana gal…can’t get behind Kurt’s vocals - now give me Layne Staley covering this! Also no one can out do Bowie,aedacf52230b411b823088df5aebaa57
spotify:track:18ddEEUakSawjPxXMxN4Ml,bb9998daa35440aea3b29123cc71985c,2025-08-22T21:08:50Z,-2,The vocals are too breathy for me; the OG is full bodied and dynamic. ,aedacf52230b411b823088df5aebaa57
spotify:track:19W5OTEcQI3ZoRW1HERMyy,bb9998daa35440aea3b29123cc71985c,2025-08-22T21:08:50Z,-2,This one is just blasphemous. SHAME SHAME,aedacf52230b411b823088df5aebaa57
spotify:track:1ewqpUUSLANb3jjc4UI8uX,bb9998daa35440aea3b29123cc71985c,2025-08-22T21:08:50Z,-1,The OG is too good it was meant to be an 80s BOP. Also I can’t not associate this cover with being a meme,aedacf52230b411b823088df5aebaa57
spotify:track:1ip7DKU9LjT6aR4FdvD3Mv,bb9998daa35440aea3b29123cc71985c,2025-08-22T21:08:50Z,-2,oof Daughtry,aedacf52230b411b823088df5aebaa57
spotify:track:1XP4YN1vqt9bvZfeWOpZvD,bb9998daa35440aea3b29123cc71985c,2025-08-22T21:08:50Z,-1,"Liked the OG better, the cover was a lot. ",aedacf52230b411b823088df5aebaa57
spotify:track:3BNHpCcu9BaL43SjLIi8o9,bb9998daa35440aea3b29123cc71985c,2025-08-22T21:08:50Z,1,"It’s not bad, nice instrumental version, just not as good as Elton. ",aedacf52230b411b823088df5aebaa57
spotify:track:3g5kQgKEllNBUklsmARGg8,bb9998daa35440aea3b29123cc71985c,2025-08-22T21:08:50Z,2,I’m gonna be honest I went into this thinking I would hate it but it wasn’t bad an interesting theatrical take. ,aedacf52230b411b823088df5aebaa57
spotify:track:4do0Z0rHdFUV3RSMxMQsdq,bb9998daa35440aea3b29123cc71985c,2025-08-22T21:08:50Z,2,Liked this cover ,aedacf52230b411b823088df5aebaa57
spotify:track:4eHbdreAnSOrDDsFfc4Fpm,bb9998daa35440aea3b29123cc71985c,2025-08-22T21:08:50Z,2,Seriously sorry dolly🫢,aedacf52230b411b823088df5aebaa57
spotify:track:4jaiounlhJY1Vd0Vt6lrpB,bb9998daa35440aea3b29123cc71985c,2025-08-22T21:08:50Z,-1,"Oh girl no. It should actually be 
illegal for Michael Clifford to sing and have a combover at his age ",aedacf52230b411b823088df5aebaa57
spotify:track:5gB2IrxOCX2j9bMnHKP38i,bb9998daa35440aea3b29123cc71985c,2025-08-22T21:08:50Z,4,Slay,aedacf52230b411b823088df5aebaa57
spotify:track:5it9RIRXDwiLpJKdce6Z7e,bb9998daa35440aea3b29123cc71985c,2025-08-22T21:08:50Z,2,Amy classic,aedacf52230b411b823088df5aebaa57
spotify:track:60TThBDrPpek5k520l0W0L,bb9998daa35440aea3b29123cc71985c,2025-08-22T21:08:50Z,4,Not much different from the OG but I do like Brie Larsons voice more,aedacf52230b411b823088df5aebaa57
spotify:track:6kopmMZiyLmw7h66uXcXR7,bb9998daa35440aea3b29123cc71985c,2025-08-22T21:08:50Z,2,Really great cleaned up version of  here BBC cover ,aedacf52230b411b823088df5aebaa57
spotify:track:0Oqc0kKFsQ6MhFOLBNZIGX,de798b3b84024cd6bf18356ecbc8d1a5,2025-08-23T02:08:04Z,3,"Okay WOW I love this cover AND the original. I do agree I like this cover better than the OG. I’ll be honest, I need to listen to more of Lana’s discography.",aedacf52230b411b823088df5aebaa57
spotify:track:0Q0IVlqMV64kNLlwjPj0Hl,de798b3b84024cd6bf18356ecbc8d1a5,2025-08-23T02:08:04Z,4,"This is a case of “I didn’t know this was a cover”. Instant classic and it did get me to listen to the original. Both are great and such different vibes, but I do like this one a little bit better.",aedacf52230b411b823088df5aebaa57
spotify:track:15VRO9CQwMpbqUYA7e6Hwg,de798b3b84024cd6bf18356ecbc8d1a5,2025-08-23T02:08:04Z,-1,"No hate to nirvana cause I do really like how they made the song their own, but I do think the OG is better. I think Bowie’s voice fits the song a little better.",aedacf52230b411b823088df5aebaa57
spotify:track:18ddEEUakSawjPxXMxN4Ml,de798b3b84024cd6bf18356ecbc8d1a5,2025-08-23T02:08:04Z,-2,"I do like the light and airy interpretation of the song (kinda macabre sounding), I don’t think it beats the original though. ",aedacf52230b411b823088df5aebaa57
spotify:track:19W5OTEcQI3ZoRW1HERMyy,de798b3b84024cd6bf18356ecbc8d1a5,2025-08-23T02:08:04Z,-1,"This makes sense for Twenty One Pilots to cover! I actually think this cover is on par with the MCR, buuuuut I think the chord progressions of the MCR version maybe hits just a little harder",aedacf52230b411b823088df5aebaa57
spotify:track:1ewqpUUSLANb3jjc4UI8uX,de798b3b84024cd6bf18356ecbc8d1a5,2025-08-23T02:08:04Z,3,This is another one where I know this cover and I had to listen to the original song and can I say…I actually like this version a lot better 😬. It just fits the lyrics so much better imo!,aedacf52230b411b823088df5aebaa57
spotify:track:1ip7DKU9LjT6aR4FdvD3Mv,de798b3b84024cd6bf18356ecbc8d1a5,2025-08-23T02:08:04Z,-1,"DAUGHTRY COVERING SIA?!?!? And it’s actually really good??!! I appreciate the rock interpretation, Unfortunately, it’s hard for anyone to beat the OG song for me. It’s one of my favorite Sia songs ever. She edged it out just a little, so only one downvote.",aedacf52230b411b823088df5aebaa57
spotify:track:1XP4YN1vqt9bvZfeWOpZvD,de798b3b84024cd6bf18356ecbc8d1a5,2025-08-23T02:08:04Z,-1,I believe I see a Shane submission 👀 this is cascada’s sound to a TEA. I do fear I like the eurodance version in terms of production a little better 😬,aedacf52230b411b823088df5aebaa57
spotify:track:3BNHpCcu9BaL43SjLIi8o9,de798b3b84024cd6bf18356ecbc8d1a5,2025-08-23T02:08:04Z,1,"This one is actually SUPER tough cause both of these versions are really good. On first listen, I’m actually gonna give a tiny edge to this one. The song just fits perfectly for a sax solo.",aedacf52230b411b823088df5aebaa57
spotify:track:3g5kQgKEllNBUklsmARGg8,de798b3b84024cd6bf18356ecbc8d1a5,2025-08-23T02:08:04Z,-3,I’m sorry I don’t like this one better than the original.,aedacf52230b411b823088df5aebaa57
spotify:track:4do0Z0rHdFUV3RSMxMQsdq,de798b3b84024cd6bf18356ecbc8d1a5,2025-08-23T02:08:04Z,-1,"This was a good cover, but I actually prefer the more stripped back slower OG version!",aedacf52230b411b823088df5aebaa57
spotify:track:4eHbdreAnSOrDDsFfc4Fpm,de798b3b84024cd6bf18356ecbc8d1a5,2025-08-23T02:08:04Z,4,"Yeah I’m sorry dolly, Whitney “Kelly clarkson’d” this. I always think of her when I listen to this song.",aedacf52230b411b823088df5aebaa57
spotify:track:4jaiounlhJY1Vd0Vt6lrpB,de798b3b84024cd6bf18356ecbc8d1a5,2025-08-23T02:08:04Z,2,Wow I feel like this perfectly fits 5SOS. I do prefer this version!,aedacf52230b411b823088df5aebaa57
spotify:track:5gB2IrxOCX2j9bMnHKP38i,de798b3b84024cd6bf18356ecbc8d1a5,2025-08-23T02:08:04Z,2,"Okay listening to this version brings me instant nostalgia because of cars. The original is great too, BUT I do think I prefer this a little more.",aedacf52230b411b823088df5aebaa57
spotify:track:5it9RIRXDwiLpJKdce6Z7e,de798b3b84024cd6bf18356ecbc8d1a5,2025-08-23T02:08:04Z,3,"To me, this is the OG lol. Amy, you goddess you",aedacf52230b411b823088df5aebaa57
spotify:track:60TThBDrPpek5k520l0W0L,de798b3b84024cd6bf18356ecbc8d1a5,2025-08-23T02:08:04Z,2,"OmGgggGgGg it’S CaPTaiN MarVel. But seriously, I do prefer Brie’s vocals over the original.",aedacf52230b411b823088df5aebaa57
spotify:track:6gJdDnF2TzfA1WPMXuCa3x,de798b3b84024cd6bf18356ecbc8d1a5,2025-08-23T02:08:04Z,0,"To me, this is the OG. This is what I grew up on and it’s so divalicious boots!",aedacf52230b411b823088df5aebaa57
spotify:track:6kopmMZiyLmw7h66uXcXR7,de798b3b84024cd6bf18356ecbc8d1a5,2025-08-23T02:08:04Z,4,"Another Valerie cover!! Same thing as the other Amy cover, it’s just so much better imo. Love the instrumentation of this one so much too!",aedacf52230b411b823088df5aebaa57
spotify:track:6oyJip5XQHRqcsy6hOTqw3,de798b3b84024cd6bf18356ecbc8d1a5,2025-08-23T02:08:04Z,2,Oh tonight alive EEAAAATTTSSSS first of all. This is better than the original sorry if we have any Mumford Stans in here.,aedacf52230b411b823088df5aebaa57
spotify:track:0Oqc0kKFsQ6MhFOLBNZIGX,b467147d8b6345bda21d8919e00746fc,2025-08-23T02:11:44Z,-1,,aedacf52230b411b823088df5aebaa57
spotify:track:0Q0IVlqMV64kNLlwjPj0Hl,b467147d8b6345bda21d8919e00746fc,2025-08-23T02:11:44Z,-1,,aedacf52230b411b823088df5aebaa57
spotify:track:15VRO9CQwMpbqUYA7e6Hwg,b467147d8b6345bda21d8919e00746fc,2025-08-23T02:11:44Z,5,,aedacf52230b411b823088df5aebaa57
spotify:track:18ddEEUakSawjPxXMxN4Ml,b467147d8b6345bda21d8919e00746fc,2025-08-23T02:11:44Z,-1,,aedacf52230b411b823088df5aebaa57
spotify:track:1ewqpUUSLANb3jjc4UI8uX,b467147d8b6345bda21d8919e00746fc,2025-08-23T02:11:44Z,-1,,aedacf52230b411b823088df5aebaa57
spotify:track:1ip7DKU9LjT6aR4FdvD3Mv,b467147d8b6345bda21d8919e00746fc,2025-08-23T02:11:44Z,5,,aedacf52230b411b823088df5aebaa57
spotify:track:1XP4YN1vqt9bvZfeWOpZvD,b467147d8b6345bda21d8919e00746fc,2025-08-23T02:11:44Z,-1,,aedacf52230b411b823088df5aebaa57
spotify:track:3BNHpCcu9BaL43SjLIi8o9,b467147d8b6345bda21d8919e00746fc,2025-08-23T02:11:44Z,-1,,aedacf52230b411b823088df5aebaa57
spotify:track:3g5kQgKEllNBUklsmARGg8,b467147d8b6345bda21d8919e00746fc,2025-08-23T02:11:44Z,-1,,aedacf52230b411b823088df5aebaa57
spotify:track:4do0Z0rHdFUV3RSMxMQsdq,b467147d8b6345bda21d8919e00746fc,2025-08-23T02:11:44Z,-1,,aedacf52230b411b823088df5aebaa57
spotify:track:4eHbdreAnSOrDDsFfc4Fpm,b467147d8b6345bda21d8919e00746fc,2025-08-23T02:11:44Z,5,,aedacf52230b411b823088df5aebaa57
spotify:track:4jaiounlhJY1Vd0Vt6lrpB,b467147d8b6345bda21d8919e00746fc,2025-08-23T02:11:44Z,-1,,aedacf52230b411b823088df5aebaa57
spotify:track:5gB2IrxOCX2j9bMnHKP38i,b467147d8b6345bda21d8919e00746fc,2025-08-23T02:11:44Z,5,,aedacf52230b411b823088df5aebaa57
spotify:track:5it9RIRXDwiLpJKdce6Z7e,b467147d8b6345bda21d8919e00746fc,2025-08-23T02:11:44Z,5,,aedacf52230b411b823088df5aebaa57
spotify:track:60TThBDrPpek5k520l0W0L,b467147d8b6345bda21d8919e00746fc,2025-08-23T02:11:44Z,5,,aedacf52230b411b823088df5aebaa57
spotify:track:6gJdDnF2TzfA1WPMXuCa3x,b467147d8b6345bda21d8919e00746fc,2025-08-23T02:11:44Z,-1,,aedacf52230b411b823088df5aebaa57
spotify:track:0Oqc0kKFsQ6MhFOLBNZIGX,6ea8c1e02d584ed69ae4fae4a396a4fe,2025-08-23T02:30:56Z,2,,aedacf52230b411b823088df5aebaa57
spotify:track:0Q0IVlqMV64kNLlwjPj0Hl,6ea8c1e02d584ed69ae4fae4a396a4fe,2025-08-23T02:30:56Z,-2,,aedacf52230b411b823088df5aebaa57
spotify:track:15VRO9CQwMpbqUYA7e6Hwg,6ea8c1e02d584ed69ae4fae4a396a4fe,2025-08-23T02:30:56Z,5,,aedacf52230b411b823088df5aebaa57
spotify:track:18ddEEUakSawjPxXMxN4Ml,6ea8c1e02d584ed69ae4fae4a396a4fe,2025-08-23T02:30:56Z,-2,,aedacf52230b411b823088df5aebaa57
spotify:track:19W5OTEcQI3ZoRW1HERMyy,6ea8c1e02d584ed69ae4fae4a396a4fe,2025-08-23T02:30:56Z,-3,,aedacf52230b411b823088df5aebaa57
spotify:track:1ewqpUUSLANb3jjc4UI8uX,6ea8c1e02d584ed69ae4fae4a396a4fe,2025-08-23T02:30:56Z,1,,aedacf52230b411b823088df5aebaa57
spotify:track:1ip7DKU9LjT6aR4FdvD3Mv,6ea8c1e02d584ed69ae4fae4a396a4fe,2025-08-23T02:30:56Z,2,,aedacf52230b411b823088df5aebaa57
spotify:track:3g5kQgKEllNBUklsmARGg8,6ea8c1e02d584ed69ae4fae4a396a4fe,2025-08-23T02:30:56Z,4,,aedacf52230b411b823088df5aebaa57
spotify:track:4do0Z0rHdFUV3RSMxMQsdq,6ea8c1e02d584ed69ae4fae4a396a4fe,2025-08-23T02:30:56Z,2,,aedacf52230b411b823088df5aebaa57
spotify:track:4eHbdreAnSOrDDsFfc4Fpm,6ea8c1e02d584ed69ae4fae4a396a4fe,2025-08-23T02:30:56Z,2,,aedacf52230b411b823088df5aebaa57
spotify:track:4jaiounlhJY1Vd0Vt6lrpB,6ea8c1e02d584ed69ae4fae4a396a4fe,2025-08-23T02:30:56Z,2,,aedacf52230b411b823088df5aebaa57
spotify:track:5gB2IrxOCX2j9bMnHKP38i,6ea8c1e02d584ed69ae4fae4a396a4fe,2025-08-23T02:30:56Z,2,,aedacf52230b411b823088df5aebaa57
spotify:track:5it9RIRXDwiLpJKdce6Z7e,6ea8c1e02d584ed69ae4fae4a396a4fe,2025-08-23T02:30:56Z,3,,aedacf52230b411b823088df5aebaa57
spotify:track:60TThBDrPpek5k520l0W0L,6ea8c1e02d584ed69ae4fae4a396a4fe,2025-08-23T02:30:56Z,2,,aedacf52230b411b823088df5aebaa57
spotify:track:6gJdDnF2TzfA1WPMXuCa3x,6ea8c1e02d584ed69ae4fae4a396a4fe,2025-08-23T02:30:56Z,2,,aedacf52230b411b823088df5aebaa57
spotify:track:6kopmMZiyLmw7h66uXcXR7,6ea8c1e02d584ed69ae4fae4a396a4fe,2025-08-23T02:30:56Z,1,,aedacf52230b411b823088df5aebaa57
spotify:track:6oyJip5XQHRqcsy6hOTqw3,6ea8c1e02d584ed69ae4fae4a396a4fe,2025-08-23T02:30:56Z,-3,,aedacf52230b411b823088df5aebaa57
spotify:track:0Oqc0kKFsQ6MhFOLBNZIGX,230bcf30d5714f798f4571d29d3c5eba,2025-08-23T03:42:22Z,1,,aedacf52230b411b823088df5aebaa57
spotify:track:0Q0IVlqMV64kNLlwjPj0Hl,230bcf30d5714f798f4571d29d3c5eba,2025-08-23T03:42:22Z,3,,aedacf52230b411b823088df5aebaa57
spotify:track:15VRO9CQwMpbqUYA7e6Hwg,230bcf30d5714f798f4571d29d3c5eba,2025-08-23T03:42:22Z,4,,aedacf52230b411b823088df5aebaa57
spotify:track:18ddEEUakSawjPxXMxN4Ml,230bcf30d5714f798f4571d29d3c5eba,2025-08-23T03:42:22Z,2,,aedacf52230b411b823088df5aebaa57
spotify:track:19W5OTEcQI3ZoRW1HERMyy,230bcf30d5714f798f4571d29d3c5eba,2025-08-23T03:42:22Z,-2,,aedacf52230b411b823088df5aebaa57
spotify:track:1ewqpUUSLANb3jjc4UI8uX,230bcf30d5714f798f4571d29d3c5eba,2025-08-23T03:42:22Z,4,,aedacf52230b411b823088df5aebaa57
spotify:track:1ip7DKU9LjT6aR4FdvD3Mv,230bcf30d5714f798f4571d29d3c5eba,2025-08-23T03:42:22Z,-2,,aedacf52230b411b823088df5aebaa57
spotify:track:1XP4YN1vqt9bvZfeWOpZvD,230bcf30d5714f798f4571d29d3c5eba,2025-08-23T03:42:22Z,-2,,aedacf52230b411b823088df5aebaa57
spotify:track:4do0Z0rHdFUV3RSMxMQsdq,230bcf30d5714f798f4571d29d3c5eba,2025-08-23T03:42:22Z,3,,aedacf52230b411b823088df5aebaa57
spotify:track:4eHbdreAnSOrDDsFfc4Fpm,230bcf30d5714f798f4571d29d3c5eba,2025-08-23T03:42:22Z,3,,aedacf52230b411b823088df5aebaa57
spotify:track:4jaiounlhJY1Vd0Vt6lrpB,230bcf30d5714f798f4571d29d3c5eba,2025-08-23T03:42:22Z,-1,,aedacf52230b411b823088df5aebaa57
spotify:track:5gB2IrxOCX2j9bMnHKP38i,230bcf30d5714f798f4571d29d3c5eba,2025-08-23T03:42:22Z,-3,,aedacf52230b411b823088df5aebaa57
spotify:track:5it9RIRXDwiLpJKdce6Z7e,230bcf30d5714f798f4571d29d3c5eba,2025-08-23T03:42:22Z,2,,aedacf52230b411b823088df5aebaa57
spotify:track:6gJdDnF2TzfA1WPMXuCa3x,230bcf30d5714f798f4571d29d3c5eba,2025-08-23T03:42:22Z,4,,aedacf52230b411b823088df5aebaa57
spotify:track:6kopmMZiyLmw7h66uXcXR7,230bcf30d5714f798f4571d29d3c5eba,2025-08-23T03:42:22Z,2,,aedacf52230b411b823088df5aebaa57
spotify:track:6oyJip5XQHRqcsy6hOTqw3,230bcf30d5714f798f4571d29d3c5eba,2025-08-23T03:42:22Z,2,,aedacf52230b411b823088df5aebaa57
spotify:track:7DeR4JkyfQHmUja3XC5oR9,a0672a3d11374827b1e2754a53877112,2025-08-25T04:47:42Z,-3,two cinnamon girls being on here is hilarious 💀 unfortunately this one was much less my vibe. and no description??? ,1c0cc43161384762bc14cef69def1643
spotify:track:0GO8y8jQk1PkHzS31d699N,a0672a3d11374827b1e2754a53877112,2025-08-25T04:47:42Z,-3,"really wish there was a story to go with this, bc without it, i just don't like this song that much lol ",1c0cc43161384762bc14cef69def1643
spotify:track:0s9aeZriwqyBYfxFzsd20R,a0672a3d11374827b1e2754a53877112,2025-08-25T04:47:42Z,2,i really like the lyrics... again im just very sensitive to vocal tone so sorry 😫 it deserves more appreciation than i can give ,1c0cc43161384762bc14cef69def1643
spotify:track:0Sn2f5MBmqBGVgKsZJjp8l,a0672a3d11374827b1e2754a53877112,2025-08-25T04:47:42Z,5,i wanna inject every part of this song into my bloodstream.  would LOVE to see the scene that inspired this sound,1c0cc43161384762bc14cef69def1643
spotify:track:2KgCPRTAECwNbJG1uYdfjl,a0672a3d11374827b1e2754a53877112,2025-08-25T04:47:42Z,3,this story is so fucking cool. share a YT video????? also the song is such a classic eurodance sound!!! ,1c0cc43161384762bc14cef69def1643
spotify:track:2mdEsXPu8ZmkHRRtAdC09e,a0672a3d11374827b1e2754a53877112,2025-08-25T04:47:42Z,-1,lana is such a good storyteller and this album is such a classic already... but i wanna know more ab how you found it and why it means something !!,1c0cc43161384762bc14cef69def1643
spotify:track:30yn7KuCLbXGCXxjsB0C8K,a0672a3d11374827b1e2754a53877112,2025-08-25T04:47:42Z,-1,this was so good. like so good. like so so so good. but i gotta downvote the ones without descriptions :( ,1c0cc43161384762bc14cef69def1643
spotify:track:3XF5xLJHOQQRbWya6hBp7d,a0672a3d11374827b1e2754a53877112,2025-08-25T04:47:42Z,3,the soundscape on this song (and the whole album) is so fucking good,1c0cc43161384762bc14cef69def1643
spotify:track:40ZMTM45lMMhm1vBf7YMFK,a0672a3d11374827b1e2754a53877112,2025-08-25T04:47:42Z,4,someone's mom has divine taste ,1c0cc43161384762bc14cef69def1643
spotify:track:44Ljlpy44mHvLJxcYUvTK0,a0672a3d11374827b1e2754a53877112,2025-08-25T04:47:42Z,2,"this story literally made me smile so wide, but i cant go any higher bc i can't stand matty healys voice lol",1c0cc43161384762bc14cef69def1643
spotify:track:48lN7wiled8DXlTIwlpUCV,a0672a3d11374827b1e2754a53877112,2025-08-25T04:47:42Z,-1,"it's a really nice song, but where's the LORE???? ",1c0cc43161384762bc14cef69def1643
spotify:track:49OMJ1prsRA7ZYgrAjz70c,a0672a3d11374827b1e2754a53877112,2025-08-25T04:47:42Z,3,we got some moms with TASTE in here,1c0cc43161384762bc14cef69def1643
spotify:track:4MR6PGC6LHMSXbK8iCfpug,a0672a3d11374827b1e2754a53877112,2025-08-25T04:47:42Z,2,"it's not you, it's me....

i really wanna rate it higher bc i can envision those late night drives... but this type of vocal quality/tone triggers so much dysphoria for me LOL",1c0cc43161384762bc14cef69def1643
spotify:track:4WFOa9eNljjtX7E4AK50qM,a0672a3d11374827b1e2754a53877112,2025-08-25T04:47:42Z,3,friendships like that are so cool. i love that for you (: thanks for sharing!!,1c0cc43161384762bc14cef69def1643
spotify:track:5FjDeEUW1Vp4KJsFHT99Ur,a0672a3d11374827b1e2754a53877112,2025-08-25T04:47:42Z,3,bitch we need a tea time bc i have like 45 questions lmao,1c0cc43161384762bc14cef69def1643
spotify:track:6pdyvJQkPkwo2WoDH7tFHO,a0672a3d11374827b1e2754a53877112,2025-08-25T04:47:42Z,-1,okay listen clearly i love magdalena bay bc look at my submission but ive never vibed with this remix. maybe a story would have helped me understand why you chose this one? without that idrk how to judge it other than the song itself... sorry 😮‍💨,1c0cc43161384762bc14cef69def1643
spotify:track:0GO8y8jQk1PkHzS31d699N,3381f2b8e5a74019b7f93a802001397a,2025-08-25T06:58:53Z,5,I truly think about this song all the time. Immediate +5,1c0cc43161384762bc14cef69def1643
spotify:track:0s9aeZriwqyBYfxFzsd20R,3381f2b8e5a74019b7f93a802001397a,2025-08-25T06:58:53Z,-3,,1c0cc43161384762bc14cef69def1643
spotify:track:0Sn2f5MBmqBGVgKsZJjp8l,3381f2b8e5a74019b7f93a802001397a,2025-08-25T06:58:53Z,2,Ooh this is a vibe ,1c0cc43161384762bc14cef69def1643
spotify:track:6NHTCTVhJVHCiozax9Uwjy,3381f2b8e5a74019b7f93a802001397a,2025-08-25T06:58:53Z,3,OKKKK I am lovingggg these vibes! Love road trip music exchanges ,1c0cc43161384762bc14cef69def1643
spotify:track:5FjDeEUW1Vp4KJsFHT99Ur,3381f2b8e5a74019b7f93a802001397a,2025-08-25T06:58:53Z,1,"I love the comment for this, I would have been GAGGED if my crush did this lmao",1c0cc43161384762bc14cef69def1643
spotify:track:4WFOa9eNljjtX7E4AK50qM,3381f2b8e5a74019b7f93a802001397a,2025-08-25T06:58:53Z,2,THIS STORY :’) I love reading all of these ,1c0cc43161384762bc14cef69def1643
spotify:track:4MR6PGC6LHMSXbK8iCfpug,3381f2b8e5a74019b7f93a802001397a,2025-08-25T06:58:53Z,-2,,1c0cc43161384762bc14cef69def1643
spotify:track:48lN7wiled8DXlTIwlpUCV,3381f2b8e5a74019b7f93a802001397a,2025-08-25T06:58:53Z,-2,,1c0cc43161384762bc14cef69def1643
spotify:track:44Ljlpy44mHvLJxcYUvTK0,3381f2b8e5a74019b7f93a802001397a,2025-08-25T06:58:53Z,3,This story made me nostalgic to my cassette adapter in my ‘94 Honda accord lmao thank u for this ,1c0cc43161384762bc14cef69def1643
spotify:track:40ZMTM45lMMhm1vBf7YMFK,3381f2b8e5a74019b7f93a802001397a,2025-08-25T06:58:53Z,5,YESS Alicia. Shoutout to the moms + their fire music taste fr,1c0cc43161384762bc14cef69def1643
spotify:track:3XF5xLJHOQQRbWya6hBp7d,3381f2b8e5a74019b7f93a802001397a,2025-08-25T06:58:53Z,3,Billie really does have such a unique vibe ,1c0cc43161384762bc14cef69def1643
spotify:track:30yn7KuCLbXGCXxjsB0C8K,3381f2b8e5a74019b7f93a802001397a,2025-08-25T06:58:53Z,3,OKKK vibes ,1c0cc43161384762bc14cef69def1643
spotify:track:2mdEsXPu8ZmkHRRtAdC09e,3381f2b8e5a74019b7f93a802001397a,2025-08-25T06:58:53Z,1,,1c0cc43161384762bc14cef69def1643
spotify:track:2KgCPRTAECwNbJG1uYdfjl,3381f2b8e5a74019b7f93a802001397a,2025-08-25T06:58:53Z,1,,1c0cc43161384762bc14cef69def1643
spotify:track:7DeR4JkyfQHmUja3XC5oR9,3381f2b8e5a74019b7f93a802001397a,2025-08-25T06:58:53Z,-3,,1c0cc43161384762bc14cef69def1643
spotify:track:6pdyvJQkPkwo2WoDH7tFHO,3381f2b8e5a74019b7f93a802001397a,2025-08-25T06:58:53Z,1,Oooh this one has such a unique vibe ,1c0cc43161384762bc14cef69def1643
spotify:track:4WFOa9eNljjtX7E4AK50qM,78e7775bd32b4b4ebaf5be442a27e180,2025-08-26T01:22:34Z,4,Only heard one other song from this band and this was beautiful. I hope you called your friend!,1c0cc43161384762bc14cef69def1643
spotify:track:7DeR4JkyfQHmUja3XC5oR9,78e7775bd32b4b4ebaf5be442a27e180,2025-08-26T01:22:34Z,-3,I’m sorry I just love the original Neil young song so much and this… not my fav cover. Also no story. Sorry,1c0cc43161384762bc14cef69def1643
spotify:track:6pdyvJQkPkwo2WoDH7tFHO,78e7775bd32b4b4ebaf5be442a27e180,2025-08-26T01:22:34Z,-3,Don’t take it personally I just liked the other mag bay song better and this doesn’t have a story. Sorry,1c0cc43161384762bc14cef69def1643
spotify:track:0GO8y8jQk1PkHzS31d699N,78e7775bd32b4b4ebaf5be442a27e180,2025-08-26T01:22:34Z,3,Would have been higher with a little sentimental story. But a good song that I haven’t heard in years ,1c0cc43161384762bc14cef69def1643
spotify:track:0s9aeZriwqyBYfxFzsd20R,78e7775bd32b4b4ebaf5be442a27e180,2025-08-26T01:22:34Z,2,Feels right for this year especially lol,1c0cc43161384762bc14cef69def1643
spotify:track:0Sn2f5MBmqBGVgKsZJjp8l,78e7775bd32b4b4ebaf5be442a27e180,2025-08-26T01:22:34Z,3,Beautiful song and beautiful story. Adding to my morning playlist to wake me up ,1c0cc43161384762bc14cef69def1643
spotify:track:2KgCPRTAECwNbJG1uYdfjl,78e7775bd32b4b4ebaf5be442a27e180,2025-08-26T01:22:34Z,-1,I wish I could like the song more. Lovely story and sentiment though! ,1c0cc43161384762bc14cef69def1643
spotify:track:2mdEsXPu8ZmkHRRtAdC09e,78e7775bd32b4b4ebaf5be442a27e180,2025-08-26T01:22:34Z,-2,Didn’t have a little sappy story but also… idk I never liked this Lana song. Her alligator husband can come for me but idk… not my fav song ,1c0cc43161384762bc14cef69def1643
spotify:track:30yn7KuCLbXGCXxjsB0C8K,78e7775bd32b4b4ebaf5be442a27e180,2025-08-26T01:22:34Z,3,"Wish it had a little story with it, but this song is just great! Another addition to the morning playlist for sure",1c0cc43161384762bc14cef69def1643
spotify:track:3XF5xLJHOQQRbWya6hBp7d,78e7775bd32b4b4ebaf5be442a27e180,2025-08-26T01:22:34Z,2,Good song and good story! Love some dark electro pop!,1c0cc43161384762bc14cef69def1643
spotify:track:40ZMTM45lMMhm1vBf7YMFK,78e7775bd32b4b4ebaf5be442a27e180,2025-08-26T01:22:34Z,3,"Love this song, the lyrics, the vibe, everything!",1c0cc43161384762bc14cef69def1643
spotify:track:44Ljlpy44mHvLJxcYUvTK0,78e7775bd32b4b4ebaf5be442a27e180,2025-08-26T01:22:34Z,3,I have to vote this one high because… I really don’t like the 1975… but I do like this song ,1c0cc43161384762bc14cef69def1643
spotify:track:48lN7wiled8DXlTIwlpUCV,78e7775bd32b4b4ebaf5be442a27e180,2025-08-26T01:22:34Z,1,Love this song… but I want the reason for choosing this one! It’s such a beautiful song!,1c0cc43161384762bc14cef69def1643
spotify:track:49OMJ1prsRA7ZYgrAjz70c,78e7775bd32b4b4ebaf5be442a27e180,2025-08-26T01:22:34Z,2,A classic! And I relate to knowing/ being musically shaped by the 70s on 7 Sirius xm channel ,1c0cc43161384762bc14cef69def1643
spotify:track:4MR6PGC6LHMSXbK8iCfpug,78e7775bd32b4b4ebaf5be442a27e180,2025-08-26T01:22:34Z,-1,The story is cute but I just don’t love the song (sorry Miranda),1c0cc43161384762bc14cef69def1643
spotify:track:6NHTCTVhJVHCiozax9Uwjy,78e7775bd32b4b4ebaf5be442a27e180,2025-08-26T01:22:34Z,4,Was shaking my ass to this! Loved this and didn’t think I would!,1c0cc43161384762bc14cef69def1643
spotify:track:0GO8y8jQk1PkHzS31d699N,67ba17e18a3a415abbe4060f1d4e6b77,2025-08-26T04:30:42Z,4,There’s no backstory but this song reminds me of my middle school friends and makes me happy ,1c0cc43161384762bc14cef69def1643
spotify:track:0Sn2f5MBmqBGVgKsZJjp8l,67ba17e18a3a415abbe4060f1d4e6b77,2025-08-26T04:30:42Z,2,I like this song and would be interested in a film that opens with it,1c0cc43161384762bc14cef69def1643
spotify:track:2KgCPRTAECwNbJG1uYdfjl,67ba17e18a3a415abbe4060f1d4e6b77,2025-08-26T04:30:42Z,3,I liked the vibes and love the story ,1c0cc43161384762bc14cef69def1643
spotify:track:3XF5xLJHOQQRbWya6hBp7d,67ba17e18a3a415abbe4060f1d4e6b77,2025-08-26T04:30:42Z,1,,1c0cc43161384762bc14cef69def1643
spotify:track:44Ljlpy44mHvLJxcYUvTK0,67ba17e18a3a415abbe4060f1d4e6b77,2025-08-26T04:30:42Z,3,+1 for the song +2 for the story. The 1975 also reminds me of highschool,1c0cc43161384762bc14cef69def1643
spotify:track:48lN7wiled8DXlTIwlpUCV,67ba17e18a3a415abbe4060f1d4e6b77,2025-08-26T04:30:42Z,5,I love Cass Elliot. Reminds me of my mom ❤️,1c0cc43161384762bc14cef69def1643
spotify:track:49OMJ1prsRA7ZYgrAjz70c,67ba17e18a3a415abbe4060f1d4e6b77,2025-08-26T04:30:42Z,3,Not my favorite Bee Gees song but I relate so much to your story about your mom (and it’s still a good song),1c0cc43161384762bc14cef69def1643
spotify:track:4MR6PGC6LHMSXbK8iCfpug,67ba17e18a3a415abbe4060f1d4e6b77,2025-08-26T04:30:42Z,5,I really liked this song and I can imagine it being part of your late night yogurt runs ,1c0cc43161384762bc14cef69def1643
spotify:track:4WFOa9eNljjtX7E4AK50qM,67ba17e18a3a415abbe4060f1d4e6b77,2025-08-26T04:30:42Z,4,I really like this song and your story is so heartwarming ,1c0cc43161384762bc14cef69def1643
spotify:track:5FjDeEUW1Vp4KJsFHT99Ur,67ba17e18a3a415abbe4060f1d4e6b77,2025-08-26T04:30:42Z,-2,I wish I didn’t have to downvote. This just wasn’t my favorite. Nothing against your vibe ,1c0cc43161384762bc14cef69def1643
spotify:track:6NHTCTVhJVHCiozax9Uwjy,67ba17e18a3a415abbe4060f1d4e6b77,2025-08-26T04:30:42Z,-2,"Wish I didn’t have to downvote. I love your story, the song just wasn’t my favorite ",1c0cc43161384762bc14cef69def1643
spotify:track:6pdyvJQkPkwo2WoDH7tFHO,67ba17e18a3a415abbe4060f1d4e6b77,2025-08-26T04:30:42Z,-3,I didn’t really like the song and there’s no backstory ,1c0cc43161384762bc14cef69def1643
spotify:track:7DeR4JkyfQHmUja3XC5oR9,67ba17e18a3a415abbe4060f1d4e6b77,2025-08-26T04:30:42Z,-3,This song just wasn’t really for me,1c0cc43161384762bc14cef69def1643
spotify:track:7DeR4JkyfQHmUja3XC5oR9,01d0fcb93151477b842d0ee8fe6510e3,2025-08-26T15:57:51Z,-2,,1c0cc43161384762bc14cef69def1643
spotify:track:0GO8y8jQk1PkHzS31d699N,01d0fcb93151477b842d0ee8fe6510e3,2025-08-26T15:57:51Z,3,"Top tier song, juicy with nostalgia ",1c0cc43161384762bc14cef69def1643
spotify:track:0s9aeZriwqyBYfxFzsd20R,01d0fcb93151477b842d0ee8fe6510e3,2025-08-26T15:57:51Z,-2,,1c0cc43161384762bc14cef69def1643
spotify:track:0Sn2f5MBmqBGVgKsZJjp8l,01d0fcb93151477b842d0ee8fe6510e3,2025-08-26T15:57:51Z,2,,1c0cc43161384762bc14cef69def1643
spotify:track:2KgCPRTAECwNbJG1uYdfjl,01d0fcb93151477b842d0ee8fe6510e3,2025-08-26T15:57:51Z,-3,The children year for the raves,1c0cc43161384762bc14cef69def1643
spotify:track:2mdEsXPu8ZmkHRRtAdC09e,01d0fcb93151477b842d0ee8fe6510e3,2025-08-26T15:57:51Z,2,,1c0cc43161384762bc14cef69def1643
spotify:track:30yn7KuCLbXGCXxjsB0C8K,01d0fcb93151477b842d0ee8fe6510e3,2025-08-26T15:57:51Z,-3,,1c0cc43161384762bc14cef69def1643
spotify:track:3XF5xLJHOQQRbWya6hBp7d,01d0fcb93151477b842d0ee8fe6510e3,2025-08-26T15:57:51Z,2,Simpler times,1c0cc43161384762bc14cef69def1643
spotify:track:40ZMTM45lMMhm1vBf7YMFK,01d0fcb93151477b842d0ee8fe6510e3,2025-08-26T15:57:51Z,2,Times were simpler🥲,1c0cc43161384762bc14cef69def1643
spotify:track:44Ljlpy44mHvLJxcYUvTK0,01d0fcb93151477b842d0ee8fe6510e3,2025-08-26T15:57:51Z,4,"Ah to be in high school listening to the 1975, reading fan fic and trying to figure out what songs were about Halsey ",1c0cc43161384762bc14cef69def1643
spotify:track:48lN7wiled8DXlTIwlpUCV,01d0fcb93151477b842d0ee8fe6510e3,2025-08-26T15:57:51Z,2,"I love the style this is recorded in, with just enough feedback to be a lil fuzzy yum",1c0cc43161384762bc14cef69def1643
spotify:track:49OMJ1prsRA7ZYgrAjz70c,01d0fcb93151477b842d0ee8fe6510e3,2025-08-26T15:57:51Z,2,Bop,1c0cc43161384762bc14cef69def1643
spotify:track:4MR6PGC6LHMSXbK8iCfpug,01d0fcb93151477b842d0ee8fe6510e3,2025-08-26T15:57:51Z,4,REAL FRIENDS MENTIONED,1c0cc43161384762bc14cef69def1643
spotify:track:5FjDeEUW1Vp4KJsFHT99Ur,01d0fcb93151477b842d0ee8fe6510e3,2025-08-26T15:57:51Z,3,I love this wattpad story💗  ,1c0cc43161384762bc14cef69def1643
spotify:track:6NHTCTVhJVHCiozax9Uwjy,01d0fcb93151477b842d0ee8fe6510e3,2025-08-26T15:57:51Z,2,"Adding this back to my rotation, I forgot about Magdalena bay ",1c0cc43161384762bc14cef69def1643
spotify:track:6pdyvJQkPkwo2WoDH7tFHO,01d0fcb93151477b842d0ee8fe6510e3,2025-08-26T15:57:51Z,2,Magdalena bay getting the love it deserves this week,1c0cc43161384762bc14cef69def1643
spotify:track:0s9aeZriwqyBYfxFzsd20R,d332f483f6794cb7b5e19a4df770f1ac,2025-08-27T18:31:15Z,5,this song reminds me of moving into college 🫶🏻,1c0cc43161384762bc14cef69def1643
spotify:track:0GO8y8jQk1PkHzS31d699N,d332f483f6794cb7b5e19a4df770f1ac,2025-08-27T18:31:15Z,5,"top tier song, anyone who disagrees hates having fun",1c0cc43161384762bc14cef69def1643
spotify:track:7DeR4JkyfQHmUja3XC5oR9,d332f483f6794cb7b5e19a4df770f1ac,2025-08-27T18:31:15Z,-3,,1c0cc43161384762bc14cef69def1643
spotify:track:6pdyvJQkPkwo2WoDH7tFHO,d332f483f6794cb7b5e19a4df770f1ac,2025-08-27T18:31:15Z,1,,1c0cc43161384762bc14cef69def1643
spotify:track:6NHTCTVhJVHCiozax9Uwjy,d332f483f6794cb7b5e19a4df770f1ac,2025-08-27T18:31:15Z,2,,1c0cc43161384762bc14cef69def1643
spotify:track:5FjDeEUW1Vp4KJsFHT99Ur,d332f483f6794cb7b5e19a4df770f1ac,2025-08-27T18:31:15Z,3,not a bad song to have your vibe compared to.,1c0cc43161384762bc14cef69def1643
spotify:track:4WFOa9eNljjtX7E4AK50qM,d332f483f6794cb7b5e19a4df770f1ac,2025-08-27T18:31:15Z,5,"love Harbour, didn’t realize they had an album come out in 2023",1c0cc43161384762bc14cef69def1643
spotify:track:4MR6PGC6LHMSXbK8iCfpug,d332f483f6794cb7b5e19a4df770f1ac,2025-08-27T18:31:15Z,-1,,1c0cc43161384762bc14cef69def1643
spotify:track:49OMJ1prsRA7ZYgrAjz70c,d332f483f6794cb7b5e19a4df770f1ac,2025-08-27T18:31:15Z,4,,1c0cc43161384762bc14cef69def1643
spotify:track:48lN7wiled8DXlTIwlpUCV,d332f483f6794cb7b5e19a4df770f1ac,2025-08-27T18:31:15Z,-2,,1c0cc43161384762bc14cef69def1643
spotify:track:44Ljlpy44mHvLJxcYUvTK0,d332f483f6794cb7b5e19a4df770f1ac,2025-08-27T18:31:15Z,1,this explanation is so high school tumblr and i love it,1c0cc43161384762bc14cef69def1643
spotify:track:40ZMTM45lMMhm1vBf7YMFK,d332f483f6794cb7b5e19a4df770f1ac,2025-08-27T18:31:15Z,1,,1c0cc43161384762bc14cef69def1643
spotify:track:3XF5xLJHOQQRbWya6hBp7d,d332f483f6794cb7b5e19a4df770f1ac,2025-08-27T18:31:15Z,2,,1c0cc43161384762bc14cef69def1643
spotify:track:2mdEsXPu8ZmkHRRtAdC09e,d332f483f6794cb7b5e19a4df770f1ac,2025-08-27T18:31:15Z,-1,,1c0cc43161384762bc14cef69def1643
spotify:track:2KgCPRTAECwNbJG1uYdfjl,d332f483f6794cb7b5e19a4df770f1ac,2025-08-27T18:31:15Z,-3,,1c0cc43161384762bc14cef69def1643
spotify:track:0Sn2f5MBmqBGVgKsZJjp8l,d332f483f6794cb7b5e19a4df770f1ac,2025-08-27T18:31:15Z,1,,1c0cc43161384762bc14cef69def1643
spotify:track:7DeR4JkyfQHmUja3XC5oR9,37a75c8d587f4075b2d0640f244d891c,2025-08-28T18:22:39Z,-3,This being in the same round as LANA’S is frying me😭😭 ,1c0cc43161384762bc14cef69def1643
spotify:track:0GO8y8jQk1PkHzS31d699N,37a75c8d587f4075b2d0640f244d891c,2025-08-28T18:22:39Z,1,Great song … not backstory 😤🙄,1c0cc43161384762bc14cef69def1643
spotify:track:0s9aeZriwqyBYfxFzsd20R,37a75c8d587f4075b2d0640f244d891c,2025-08-28T18:22:39Z,-3,I’m sorry. I don’t really like his voice 👉🏻👈🏻,1c0cc43161384762bc14cef69def1643
spotify:track:0Sn2f5MBmqBGVgKsZJjp8l,37a75c8d587f4075b2d0640f244d891c,2025-08-28T18:22:39Z,4,I definitely could see myself hearing this in a film and adding it to my liked playlist ,1c0cc43161384762bc14cef69def1643
spotify:track:2KgCPRTAECwNbJG1uYdfjl,37a75c8d587f4075b2d0640f244d891c,2025-08-28T18:22:39Z,1,Definitely a middle schoolers dream song. Points for the backstory ,1c0cc43161384762bc14cef69def1643
spotify:track:2mdEsXPu8ZmkHRRtAdC09e,37a75c8d587f4075b2d0640f244d891c,2025-08-28T18:22:39Z,1,Love Lana… don’t love not having a backstory 🥴😤,1c0cc43161384762bc14cef69def1643
spotify:track:30yn7KuCLbXGCXxjsB0C8K,37a75c8d587f4075b2d0640f244d891c,2025-08-28T18:22:39Z,-1,Why does this kinda sound like fergie 🫢🫣 also no backstory 😥,1c0cc43161384762bc14cef69def1643
spotify:track:3XF5xLJHOQQRbWya6hBp7d,37a75c8d587f4075b2d0640f244d891c,2025-08-28T18:22:39Z,2,A friend also introduced me to Billie. Thanks Miranda 🤪,1c0cc43161384762bc14cef69def1643
spotify:track:44Ljlpy44mHvLJxcYUvTK0,37a75c8d587f4075b2d0640f244d891c,2025-08-28T18:22:39Z,2,Love the imagery. My dream date cute ,1c0cc43161384762bc14cef69def1643
spotify:track:48lN7wiled8DXlTIwlpUCV,37a75c8d587f4075b2d0640f244d891c,2025-08-28T18:22:39Z,2,Immediately loved. The only song with no description I rated high 🫶🏼,1c0cc43161384762bc14cef69def1643
spotify:track:49OMJ1prsRA7ZYgrAjz70c,37a75c8d587f4075b2d0640f244d891c,2025-08-28T18:22:39Z,5,Bee Gees will always be a win for me 🙌🏼,1c0cc43161384762bc14cef69def1643
spotify:track:4MR6PGC6LHMSXbK8iCfpug,37a75c8d587f4075b2d0640f244d891c,2025-08-28T18:22:39Z,4,My dream date… cute. And you knew that ,1c0cc43161384762bc14cef69def1643
spotify:track:4WFOa9eNljjtX7E4AK50qM,37a75c8d587f4075b2d0640f244d891c,2025-08-28T18:22:39Z,3,Love the backstory. Love the song 🫱🏼‍🫲🏽,1c0cc43161384762bc14cef69def1643
spotify:track:5FjDeEUW1Vp4KJsFHT99Ur,37a75c8d587f4075b2d0640f244d891c,2025-08-28T18:22:39Z,4,I would have let that man destroy me 🤤🥵,1c0cc43161384762bc14cef69def1643
spotify:track:6NHTCTVhJVHCiozax9Uwjy,37a75c8d587f4075b2d0640f244d891c,2025-08-28T18:22:39Z,1,Not my favorite but points for giving the backstory ,1c0cc43161384762bc14cef69def1643
spotify:track:6pdyvJQkPkwo2WoDH7tFHO,37a75c8d587f4075b2d0640f244d891c,2025-08-28T18:22:39Z,-3,"No backstory ❌
Artist is already in this round ❌
Song could have been faster ❌
🍅🍅",1c0cc43161384762bc14cef69def1643
spotify:track:0GO8y8jQk1PkHzS31d699N,2a199944cf5a418ba77e17380f808df7,2025-08-29T15:24:07Z,3,"omg i actually have never known what this song was called but i actually realllllly love it! ive been listening to this group's song ""shark attack"" that my friend actually showed me and i really love that and this one! you get extra points cuz i just really liked the song (Theme: 0/3 | Personal Taste: 4.5/5)",1c0cc43161384762bc14cef69def1643
spotify:track:0s9aeZriwqyBYfxFzsd20R,2a199944cf5a418ba77e17380f808df7,2025-08-29T15:24:07Z,3,okay so i have a friend that loves them but i've never actually listened so this was cool! its pretty cool... reminds me of the like 70s (Theme: 3/3 | Personal Taste: 3/5),1c0cc43161384762bc14cef69def1643
spotify:track:0Sn2f5MBmqBGVgKsZJjp8l,2a199944cf5a418ba77e17380f808df7,2025-08-29T15:24:07Z,1,this song is fine... i like the saxophone but it feels like background music to me (Theme: 3/3 | Personal Taste: 2/5),1c0cc43161384762bc14cef69def1643
spotify:track:2mdEsXPu8ZmkHRRtAdC09e,2a199944cf5a418ba77e17380f808df7,2025-08-29T15:24:07Z,-2,"this one is fine, i like the vocals and peacefulness of it (Theme: 0/3 | Personal Taste: 2.5/5)",1c0cc43161384762bc14cef69def1643
spotify:track:30yn7KuCLbXGCXxjsB0C8K,2a199944cf5a418ba77e17380f808df7,2025-08-29T15:24:07Z,-2,omg she has VOCALS (Theme: 0/3 | Personal Taste: 2/5),1c0cc43161384762bc14cef69def1643
spotify:track:3XF5xLJHOQQRbWya6hBp7d,2a199944cf5a418ba77e17380f808df7,2025-08-29T15:24:07Z,-1,i just dont enjoy this style of music but i like your analysis (Theme: 3/3 | Personal Taste: 0.5/5),1c0cc43161384762bc14cef69def1643
spotify:track:40ZMTM45lMMhm1vBf7YMFK,2a199944cf5a418ba77e17380f808df7,2025-08-29T15:24:07Z,2,very chill 2000s rnb... i dig it (Theme: 3/3 | Personal Taste: 2.5/5),1c0cc43161384762bc14cef69def1643
spotify:track:44Ljlpy44mHvLJxcYUvTK0,2a199944cf5a418ba77e17380f808df7,2025-08-29T15:24:07Z,4,i really like this one! his voice is really addictive... HE IS BRITISH LOL i love ur analysis! (Theme: 3/3 | Personal Taste: 4/5),1c0cc43161384762bc14cef69def1643
spotify:track:48lN7wiled8DXlTIwlpUCV,2a199944cf5a418ba77e17380f808df7,2025-08-29T15:24:07Z,-3,"i just dont like this one, very slow.... sorry (Theme: 0/3 | Personal Taste: 1/5)",1c0cc43161384762bc14cef69def1643
spotify:track:49OMJ1prsRA7ZYgrAjz70c,2a199944cf5a418ba77e17380f808df7,2025-08-29T15:24:07Z,0,I've just never liked this song! i know its totally a classic or whatever but i just dont get it that much... but i love ur story (Theme: 3/3 | Personal Taste: 1.5/5),1c0cc43161384762bc14cef69def1643
spotify:track:4MR6PGC6LHMSXbK8iCfpug,2a199944cf5a418ba77e17380f808df7,2025-08-29T15:24:07Z,5,this is a very cool vibe! i enjoy it a lot :D the vocals are cool! and i can imagine myself in 2013 listening to this bahaha.. adding to playlist! i love the ending cuz of the powerful vocals (Theme: 3/3 | Personal Taste: 4.5/5),1c0cc43161384762bc14cef69def1643
spotify:track:4WFOa9eNljjtX7E4AK50qM,2a199944cf5a418ba77e17380f808df7,2025-08-29T15:24:07Z,5,this is a fun song! for some reason im getting like... steven universe's dad LOL i really enjoy the vibes (Theme: 3/3 | Personal Taste: 4.5/5),1c0cc43161384762bc14cef69def1643
spotify:track:5FjDeEUW1Vp4KJsFHT99Ur,2a199944cf5a418ba77e17380f808df7,2025-08-29T15:24:07Z,2,THIS STORY IS SO FUNNNNY i hope yall are end game now... (but i know yall arent cuz hes a radio boy) (Theme: 3/3 | Personal Taste: 2.5/5),1c0cc43161384762bc14cef69def1643
spotify:track:6NHTCTVhJVHCiozax9Uwjy,2a199944cf5a418ba77e17380f808df7,2025-08-29T15:24:07Z,5,omg i love this track! it's so fun! i can imagine a sexy edit of a woman dancing to thisssss like it eats! (Theme: 3/3 | Personal Taste: 4.5/5),1c0cc43161384762bc14cef69def1643
spotify:track:6pdyvJQkPkwo2WoDH7tFHO,2a199944cf5a418ba77e17380f808df7,2025-08-29T15:24:07Z,0,this is swaggy.... i enjoy it (Theme: 0/3 | Personal Taste: 3.5/5),1c0cc43161384762bc14cef69def1643
spotify:track:7DeR4JkyfQHmUja3XC5oR9,2a199944cf5a418ba77e17380f808df7,2025-08-29T15:24:07Z,-2,"if i had two nickels for every song named ""cinnamon girl"" that i've listened to today, i'd have 2 nickels... which isnt a lot but weird that it happened twice (Theme: 0/3 | Personal Taste: 2/5)",1c0cc43161384762bc14cef69def1643
spotify:track:0GO8y8jQk1PkHzS31d699N,cad5f43ca24d41e49a7b941d99009666,2025-08-29T19:42:32Z,-2,,1c0cc43161384762bc14cef69def1643
spotify:track:0s9aeZriwqyBYfxFzsd20R,cad5f43ca24d41e49a7b941d99009666,2025-08-29T19:42:32Z,1,,1c0cc43161384762bc14cef69def1643
spotify:track:2KgCPRTAECwNbJG1uYdfjl,cad5f43ca24d41e49a7b941d99009666,2025-08-29T19:42:32Z,4,,1c0cc43161384762bc14cef69def1643
spotify:track:2mdEsXPu8ZmkHRRtAdC09e,cad5f43ca24d41e49a7b941d99009666,2025-08-29T19:42:32Z,-2,,1c0cc43161384762bc14cef69def1643
spotify:track:30yn7KuCLbXGCXxjsB0C8K,cad5f43ca24d41e49a7b941d99009666,2025-08-29T19:42:32Z,-2,,1c0cc43161384762bc14cef69def1643
spotify:track:3XF5xLJHOQQRbWya6hBp7d,cad5f43ca24d41e49a7b941d99009666,2025-08-29T19:42:32Z,2,,1c0cc43161384762bc14cef69def1643
spotify:track:40ZMTM45lMMhm1vBf7YMFK,cad5f43ca24d41e49a7b941d99009666,2025-08-29T19:42:32Z,3,,1c0cc43161384762bc14cef69def1643
spotify:track:44Ljlpy44mHvLJxcYUvTK0,cad5f43ca24d41e49a7b941d99009666,2025-08-29T19:42:32Z,5,This is exquisite storytelling,1c0cc43161384762bc14cef69def1643
spotify:track:48lN7wiled8DXlTIwlpUCV,cad5f43ca24d41e49a7b941d99009666,2025-08-29T19:42:32Z,-2,,1c0cc43161384762bc14cef69def1643
spotify:track:49OMJ1prsRA7ZYgrAjz70c,cad5f43ca24d41e49a7b941d99009666,2025-08-29T19:42:32Z,2,,1c0cc43161384762bc14cef69def1643
spotify:track:4MR6PGC6LHMSXbK8iCfpug,cad5f43ca24d41e49a7b941d99009666,2025-08-29T19:42:32Z,4,,1c0cc43161384762bc14cef69def1643
spotify:track:4WFOa9eNljjtX7E4AK50qM,cad5f43ca24d41e49a7b941d99009666,2025-08-29T19:42:32Z,5,,1c0cc43161384762bc14cef69def1643
spotify:track:5FjDeEUW1Vp4KJsFHT99Ur,cad5f43ca24d41e49a7b941d99009666,2025-08-29T19:42:32Z,1,,1c0cc43161384762bc14cef69def1643
spotify:track:6NHTCTVhJVHCiozax9Uwjy,cad5f43ca24d41e49a7b941d99009666,2025-08-29T19:42:32Z,3,,1c0cc43161384762bc14cef69def1643
spotify:track:6pdyvJQkPkwo2WoDH7tFHO,cad5f43ca24d41e49a7b941d99009666,2025-08-29T19:42:32Z,-1,,1c0cc43161384762bc14cef69def1643
spotify:track:7DeR4JkyfQHmUja3XC5oR9,cad5f43ca24d41e49a7b941d99009666,2025-08-29T19:42:32Z,-1,,1c0cc43161384762bc14cef69def1643
spotify:track:0GO8y8jQk1PkHzS31d699N,de798b3b84024cd6bf18356ecbc8d1a5,2025-08-29T22:24:19Z,-1,A classic! I've always really liked this song. It feels like a nighttime party. No story though.,1c0cc43161384762bc14cef69def1643
spotify:track:0s9aeZriwqyBYfxFzsd20R,de798b3b84024cd6bf18356ecbc8d1a5,2025-08-29T22:24:19Z,-2,"I really like this chord progression and storytelling of the lyrics. Very hopeful. Unfortunately, I don't think I would repeat listen.",1c0cc43161384762bc14cef69def1643
spotify:track:0Sn2f5MBmqBGVgKsZJjp8l,de798b3b84024cd6bf18356ecbc8d1a5,2025-08-29T22:24:19Z,-1,Oh she's got vocccaallllsss for sure. The song is cute! I just don't think it's something I would listen to regularly.,1c0cc43161384762bc14cef69def1643
spotify:track:2KgCPRTAECwNbJG1uYdfjl,de798b3b84024cd6bf18356ecbc8d1a5,2025-08-29T22:24:19Z,2,"Shane 👀 I was also introduced to this song by you!!! It's so fist-bumpy and yes, indeed, makes me want to jump all around",1c0cc43161384762bc14cef69def1643
spotify:track:2mdEsXPu8ZmkHRRtAdC09e,de798b3b84024cd6bf18356ecbc8d1a5,2025-08-29T22:24:19Z,4,"This is one of the few Lana songs that I know, and I love it. This melancholy, ethereal, minorly electronic sound is my vibe 100%",1c0cc43161384762bc14cef69def1643
spotify:track:30yn7KuCLbXGCXxjsB0C8K,de798b3b84024cd6bf18356ecbc8d1a5,2025-08-29T22:24:19Z,-1,Beautiful vocals once again! Live too. Gotta downvote for no story though.,1c0cc43161384762bc14cef69def1643
spotify:track:40ZMTM45lMMhm1vBf7YMFK,de798b3b84024cd6bf18356ecbc8d1a5,2025-08-29T22:24:19Z,2,"Okay Aliciiiaaa! I haven't heard this one before, but I vibe with it. I love that pre-chorus.",1c0cc43161384762bc14cef69def1643
spotify:track:44Ljlpy44mHvLJxcYUvTK0,de798b3b84024cd6bf18356ecbc8d1a5,2025-08-29T22:24:19Z,2,"I was also introduced to this song by a friend in college, and I really liked it. Perfect for the long drive. Correct, we don't stan matty healy, however, as Tyra banks once said:

""It's so bad, I want to give you a zero. But that's not possible, so I give you... a one""",1c0cc43161384762bc14cef69def1643
spotify:track:48lN7wiled8DXlTIwlpUCV,de798b3b84024cd6bf18356ecbc8d1a5,2025-08-29T22:24:19Z,3,"Oh this is a song you sing in mood lighting with rain in the background. So calming, her voice is so smooth. You have been saved from the downvote because I like this song enough to not downvote.",1c0cc43161384762bc14cef69def1643
spotify:track:49OMJ1prsRA7ZYgrAjz70c,de798b3b84024cd6bf18356ecbc8d1a5,2025-08-29T22:24:19Z,4,"Oh I mean this is classic bee gees. I think this is my favorite bee gees songs (close second obviously stayin' alive). Grew up with this as well, so thumbs up.",1c0cc43161384762bc14cef69def1643
spotify:track:4MR6PGC6LHMSXbK8iCfpug,de798b3b84024cd6bf18356ecbc8d1a5,2025-08-29T22:24:19Z,2,"You're sister Scarlett???? MIRANDA perhaps? 👀 (unless we got another sister Scarlett, then my bad). Super emotional. I like how the vocals are a great blend of soft in the verses and powerful and gritty in the choruses.",1c0cc43161384762bc14cef69def1643
spotify:track:4WFOa9eNljjtX7E4AK50qM,de798b3b84024cd6bf18356ecbc8d1a5,2025-08-29T22:24:19Z,3,"Oh, I looooovvvee the harmonies in the chorus. This is like a coming-of-age type song. Vocals are not my favorite at times, but waiting for that chorus is worth it.",1c0cc43161384762bc14cef69def1643
spotify:track:5FjDeEUW1Vp4KJsFHT99Ur,de798b3b84024cd6bf18356ecbc8d1a5,2025-08-29T22:24:19Z,-2,"I can appreciate this song and its feel good nature, it's just not sticking with me.",1c0cc43161384762bc14cef69def1643
spotify:track:6NHTCTVhJVHCiozax9Uwjy,de798b3b84024cd6bf18356ecbc8d1a5,2025-08-29T22:24:19Z,4,"Magdalena Bay!!! Win! I haven't heard this one before, but it's so groovy. Added to my library, I gotta listen to this EP.",1c0cc43161384762bc14cef69def1643
spotify:track:6pdyvJQkPkwo2WoDH7tFHO,de798b3b84024cd6bf18356ecbc8d1a5,2025-08-29T22:24:19Z,4,Back to back Magdalena! I prefer the OG to the slowed and reverb (don't know if that was intentional). You were saved from getting a thumbs down because you have no story only because I love this song. Let this be a warning 👀.,1c0cc43161384762bc14cef69def1643
spotify:track:7DeR4JkyfQHmUja3XC5oR9,de798b3b84024cd6bf18356ecbc8d1a5,2025-08-29T22:24:19Z,-3,"Wait TWO cinnamon girls?? Craaazzyyy. Is this rick astley because the lead singer sounds exactly like him lol. I'm sorry, I don't like this more than the other cinnamon girl :( it's giving salty boy.",1c0cc43161384762bc14cef69def1643
spotify:track:0GO8y8jQk1PkHzS31d699N,bb9998daa35440aea3b29123cc71985c,2025-08-30T00:26:19Z,-1,,1c0cc43161384762bc14cef69def1643
spotify:track:0s9aeZriwqyBYfxFzsd20R,bb9998daa35440aea3b29123cc71985c,2025-08-30T00:26:19Z,-2,,1c0cc43161384762bc14cef69def1643
spotify:track:0Sn2f5MBmqBGVgKsZJjp8l,bb9998daa35440aea3b29123cc71985c,2025-08-30T00:26:19Z,3,,1c0cc43161384762bc14cef69def1643
spotify:track:2KgCPRTAECwNbJG1uYdfjl,bb9998daa35440aea3b29123cc71985c,2025-08-30T00:26:19Z,-3,,1c0cc43161384762bc14cef69def1643
spotify:track:2mdEsXPu8ZmkHRRtAdC09e,bb9998daa35440aea3b29123cc71985c,2025-08-30T00:26:19Z,-1,,1c0cc43161384762bc14cef69def1643
spotify:track:30yn7KuCLbXGCXxjsB0C8K,bb9998daa35440aea3b29123cc71985c,2025-08-30T00:26:19Z,-1,,1c0cc43161384762bc14cef69def1643
spotify:track:3XF5xLJHOQQRbWya6hBp7d,bb9998daa35440aea3b29123cc71985c,2025-08-30T00:26:19Z,4,,1c0cc43161384762bc14cef69def1643
spotify:track:40ZMTM45lMMhm1vBf7YMFK,bb9998daa35440aea3b29123cc71985c,2025-08-30T00:26:19Z,4,,1c0cc43161384762bc14cef69def1643
spotify:track:44Ljlpy44mHvLJxcYUvTK0,bb9998daa35440aea3b29123cc71985c,2025-08-30T00:26:19Z,5,Hi Scarlett:),1c0cc43161384762bc14cef69def1643
spotify:track:48lN7wiled8DXlTIwlpUCV,bb9998daa35440aea3b29123cc71985c,2025-08-30T00:26:19Z,-1,,1c0cc43161384762bc14cef69def1643
spotify:track:49OMJ1prsRA7ZYgrAjz70c,bb9998daa35440aea3b29123cc71985c,2025-08-30T00:26:19Z,4,,1c0cc43161384762bc14cef69def1643
spotify:track:4WFOa9eNljjtX7E4AK50qM,bb9998daa35440aea3b29123cc71985c,2025-08-30T00:26:19Z,4,,1c0cc43161384762bc14cef69def1643
spotify:track:5FjDeEUW1Vp4KJsFHT99Ur,bb9998daa35440aea3b29123cc71985c,2025-08-30T00:26:19Z,1,,1c0cc43161384762bc14cef69def1643
spotify:track:6NHTCTVhJVHCiozax9Uwjy,bb9998daa35440aea3b29123cc71985c,2025-08-30T00:26:19Z,3,,1c0cc43161384762bc14cef69def1643
spotify:track:6pdyvJQkPkwo2WoDH7tFHO,bb9998daa35440aea3b29123cc71985c,2025-08-30T00:26:19Z,-1,,1c0cc43161384762bc14cef69def1643
spotify:track:7DeR4JkyfQHmUja3XC5oR9,bb9998daa35440aea3b29123cc71985c,2025-08-30T00:26:19Z,2,,1c0cc43161384762bc14cef69def1643
spotify:track:0s9aeZriwqyBYfxFzsd20R,09d7b2211f8d45b9a19b66c646fff9df,2025-08-30T02:21:48Z,-2,,1c0cc43161384762bc14cef69def1643
spotify:track:0Sn2f5MBmqBGVgKsZJjp8l,09d7b2211f8d45b9a19b66c646fff9df,2025-08-30T02:21:48Z,-2,,1c0cc43161384762bc14cef69def1643
spotify:track:2KgCPRTAECwNbJG1uYdfjl,09d7b2211f8d45b9a19b66c646fff9df,2025-08-30T02:21:48Z,-2,,1c0cc43161384762bc14cef69def1643
spotify:track:2mdEsXPu8ZmkHRRtAdC09e,09d7b2211f8d45b9a19b66c646fff9df,2025-08-30T02:21:48Z,5,,1c0cc43161384762bc14cef69def1643
spotify:track:30yn7KuCLbXGCXxjsB0C8K,09d7b2211f8d45b9a19b66c646fff9df,2025-08-30T02:21:48Z,-2,,1c0cc43161384762bc14cef69def1643
spotify:track:3XF5xLJHOQQRbWya6hBp7d,09d7b2211f8d45b9a19b66c646fff9df,2025-08-30T02:21:48Z,2,,1c0cc43161384762bc14cef69def1643
spotify:track:40ZMTM45lMMhm1vBf7YMFK,09d7b2211f8d45b9a19b66c646fff9df,2025-08-30T02:21:48Z,3,,1c0cc43161384762bc14cef69def1643
spotify:track:44Ljlpy44mHvLJxcYUvTK0,09d7b2211f8d45b9a19b66c646fff9df,2025-08-30T02:21:48Z,5,,1c0cc43161384762bc14cef69def1643
spotify:track:49OMJ1prsRA7ZYgrAjz70c,09d7b2211f8d45b9a19b66c646fff9df,2025-08-30T02:21:48Z,5,,1c0cc43161384762bc14cef69def1643
spotify:track:4WFOa9eNljjtX7E4AK50qM,09d7b2211f8d45b9a19b66c646fff9df,2025-08-30T02:21:48Z,1,,1c0cc43161384762bc14cef69def1643
spotify:track:5FjDeEUW1Vp4KJsFHT99Ur,09d7b2211f8d45b9a19b66c646fff9df,2025-08-30T02:21:48Z,1,,1c0cc43161384762bc14cef69def1643
spotify:track:6NHTCTVhJVHCiozax9Uwjy,09d7b2211f8d45b9a19b66c646fff9df,2025-08-30T02:21:48Z,3,,1c0cc43161384762bc14cef69def1643
spotify:track:6pdyvJQkPkwo2WoDH7tFHO,09d7b2211f8d45b9a19b66c646fff9df,2025-08-30T02:21:48Z,5,,1c0cc43161384762bc14cef69def1643
spotify:track:7DeR4JkyfQHmUja3XC5oR9,09d7b2211f8d45b9a19b66c646fff9df,2025-08-30T02:21:48Z,-2,,1c0cc43161384762bc14cef69def1643
spotify:track:5FjDeEUW1Vp4KJsFHT99Ur,4a705869f6d84f0584387a24c37b961a,2025-08-30T02:58:44Z,4,Omg what a slay🤏🏼 love the song,1c0cc43161384762bc14cef69def1643
spotify:track:6NHTCTVhJVHCiozax9Uwjy,4a705869f6d84f0584387a24c37b961a,2025-08-30T02:58:44Z,3,,1c0cc43161384762bc14cef69def1643
spotify:track:6pdyvJQkPkwo2WoDH7tFHO,4a705869f6d84f0584387a24c37b961a,2025-08-30T02:58:44Z,-2,,1c0cc43161384762bc14cef69def1643
spotify:track:7DeR4JkyfQHmUja3XC5oR9,4a705869f6d84f0584387a24c37b961a,2025-08-30T02:58:44Z,-2,,1c0cc43161384762bc14cef69def1643
spotify:track:0GO8y8jQk1PkHzS31d699N,4a705869f6d84f0584387a24c37b961a,2025-08-30T02:58:44Z,-1,,1c0cc43161384762bc14cef69def1643
spotify:track:0s9aeZriwqyBYfxFzsd20R,4a705869f6d84f0584387a24c37b961a,2025-08-30T02:58:44Z,2,,1c0cc43161384762bc14cef69def1643
spotify:track:0Sn2f5MBmqBGVgKsZJjp8l,4a705869f6d84f0584387a24c37b961a,2025-08-30T02:58:44Z,3,Love her voice omg,1c0cc43161384762bc14cef69def1643
spotify:track:2KgCPRTAECwNbJG1uYdfjl,4a705869f6d84f0584387a24c37b961a,2025-08-30T02:58:44Z,2,,1c0cc43161384762bc14cef69def1643
spotify:track:2mdEsXPu8ZmkHRRtAdC09e,4a705869f6d84f0584387a24c37b961a,2025-08-30T02:58:44Z,-1,,1c0cc43161384762bc14cef69def1643
spotify:track:30yn7KuCLbXGCXxjsB0C8K,4a705869f6d84f0584387a24c37b961a,2025-08-30T02:58:44Z,-2,,1c0cc43161384762bc14cef69def1643
spotify:track:3XF5xLJHOQQRbWya6hBp7d,4a705869f6d84f0584387a24c37b961a,2025-08-30T02:58:44Z,2,,1c0cc43161384762bc14cef69def1643
spotify:track:40ZMTM45lMMhm1vBf7YMFK,4a705869f6d84f0584387a24c37b961a,2025-08-30T02:58:44Z,3,,1c0cc43161384762bc14cef69def1643
spotify:track:48lN7wiled8DXlTIwlpUCV,4a705869f6d84f0584387a24c37b961a,2025-08-30T02:58:44Z,-2,,1c0cc43161384762bc14cef69def1643
spotify:track:49OMJ1prsRA7ZYgrAjz70c,4a705869f6d84f0584387a24c37b961a,2025-08-30T02:58:44Z,3,,1c0cc43161384762bc14cef69def1643
spotify:track:4MR6PGC6LHMSXbK8iCfpug,4a705869f6d84f0584387a24c37b961a,2025-08-30T02:58:44Z,5,Not me making an impact :’),1c0cc43161384762bc14cef69def1643
spotify:track:4WFOa9eNljjtX7E4AK50qM,4a705869f6d84f0584387a24c37b961a,2025-08-30T02:58:44Z,3,Aw I loved reading the reason you chose this🥹,1c0cc43161384762bc14cef69def1643
spotify:track:0s9aeZriwqyBYfxFzsd20R,6ea8c1e02d584ed69ae4fae4a396a4fe,2025-08-30T03:30:31Z,3,,1c0cc43161384762bc14cef69def1643
spotify:track:0Sn2f5MBmqBGVgKsZJjp8l,6ea8c1e02d584ed69ae4fae4a396a4fe,2025-08-30T03:30:31Z,5,,1c0cc43161384762bc14cef69def1643
spotify:track:2KgCPRTAECwNbJG1uYdfjl,6ea8c1e02d584ed69ae4fae4a396a4fe,2025-08-30T03:30:31Z,2,,1c0cc43161384762bc14cef69def1643
spotify:track:2mdEsXPu8ZmkHRRtAdC09e,6ea8c1e02d584ed69ae4fae4a396a4fe,2025-08-30T03:30:31Z,-3,,1c0cc43161384762bc14cef69def1643
spotify:track:30yn7KuCLbXGCXxjsB0C8K,6ea8c1e02d584ed69ae4fae4a396a4fe,2025-08-30T03:30:31Z,5,,1c0cc43161384762bc14cef69def1643
spotify:track:40ZMTM45lMMhm1vBf7YMFK,6ea8c1e02d584ed69ae4fae4a396a4fe,2025-08-30T03:30:31Z,1,,1c0cc43161384762bc14cef69def1643
spotify:track:44Ljlpy44mHvLJxcYUvTK0,6ea8c1e02d584ed69ae4fae4a396a4fe,2025-08-30T03:30:31Z,3,,1c0cc43161384762bc14cef69def1643
spotify:track:48lN7wiled8DXlTIwlpUCV,6ea8c1e02d584ed69ae4fae4a396a4fe,2025-08-30T03:30:31Z,-2,,1c0cc43161384762bc14cef69def1643
spotify:track:49OMJ1prsRA7ZYgrAjz70c,6ea8c1e02d584ed69ae4fae4a396a4fe,2025-08-30T03:30:31Z,4,,1c0cc43161384762bc14cef69def1643
spotify:track:4MR6PGC6LHMSXbK8iCfpug,6ea8c1e02d584ed69ae4fae4a396a4fe,2025-08-30T03:30:31Z,2,,1c0cc43161384762bc14cef69def1643
spotify:track:4WFOa9eNljjtX7E4AK50qM,6ea8c1e02d584ed69ae4fae4a396a4fe,2025-08-30T03:30:31Z,-2,,1c0cc43161384762bc14cef69def1643
spotify:track:5FjDeEUW1Vp4KJsFHT99Ur,6ea8c1e02d584ed69ae4fae4a396a4fe,2025-08-30T03:30:31Z,2,,1c0cc43161384762bc14cef69def1643
spotify:track:6pdyvJQkPkwo2WoDH7tFHO,6ea8c1e02d584ed69ae4fae4a396a4fe,2025-08-30T03:30:31Z,3,,1c0cc43161384762bc14cef69def1643
spotify:track:7DeR4JkyfQHmUja3XC5oR9,6ea8c1e02d584ed69ae4fae4a396a4fe,2025-08-30T03:30:31Z,-3,,1c0cc43161384762bc14cef69def1643
spotify:track:7uKcScNXuO3MWw6LowBjW1,3381f2b8e5a74019b7f93a802001397a,2025-09-01T05:39:48Z,4,Supersonic hypnotic funky fresh !!!,a714f14c09784a4ea20def13dd616779
spotify:track:7BKLCZ1jbUBVqRi2FVlTVw,3381f2b8e5a74019b7f93a802001397a,2025-09-01T05:39:48Z,1,,a714f14c09784a4ea20def13dd616779
spotify:track:6WpZwkzyjINc6wDghg8Gzv,3381f2b8e5a74019b7f93a802001397a,2025-09-01T05:39:48Z,-3,,a714f14c09784a4ea20def13dd616779
spotify:track:6jszq1eOfkoGeiNOFfA8ma,3381f2b8e5a74019b7f93a802001397a,2025-09-01T05:39:48Z,-3,,a714f14c09784a4ea20def13dd616779
spotify:track:5u9y2b9gOiY0cdz0snlMb8,3381f2b8e5a74019b7f93a802001397a,2025-09-01T05:39:48Z,2,"Hadn’t heard this before, it’s a vibe ",a714f14c09784a4ea20def13dd616779
spotify:track:5rb9QrpfcKFHM1EUbSIurX,3381f2b8e5a74019b7f93a802001397a,2025-09-01T05:39:48Z,2,You just have 2,a714f14c09784a4ea20def13dd616779
spotify:track:4Y7XAxTANhu3lmnLAzhWJW,3381f2b8e5a74019b7f93a802001397a,2025-09-01T05:39:48Z,4,Anything Pitbull immediate PLUS,a714f14c09784a4ea20def13dd616779
spotify:track:4pmc2AxSEq6g7hPVlJCPyP,3381f2b8e5a74019b7f93a802001397a,2025-09-01T05:39:48Z,5,Personally THRILLED with this one. Whoever did this ily,a714f14c09784a4ea20def13dd616779
spotify:track:1pbHy9VBpSyZh56xuujZz0,3381f2b8e5a74019b7f93a802001397a,2025-09-01T05:39:48Z,-2,,a714f14c09784a4ea20def13dd616779
spotify:track:1D066zixBwqFYqBhKgdPzp,3381f2b8e5a74019b7f93a802001397a,2025-09-01T05:39:48Z,3,HIT IT FERGIEEEE,a714f14c09784a4ea20def13dd616779
spotify:track:0r2Bul2NuCViraT2zX1l5j,3381f2b8e5a74019b7f93a802001397a,2025-09-01T05:39:48Z,4,Yeaaaahhhh !!! 369 DAMN U FINE,a714f14c09784a4ea20def13dd616779
spotify:track:0IkKz2J93C94Ei4BvDop7P,3381f2b8e5a74019b7f93a802001397a,2025-09-01T05:39:48Z,-2,We need to progress past this as a society ,a714f14c09784a4ea20def13dd616779
spotify:track:0gFB5H3pHN13ERt2FyMuWi,3381f2b8e5a74019b7f93a802001397a,2025-09-01T05:39:48Z,2,Thank u for reminding me about this ,a714f14c09784a4ea20def13dd616779
spotify:track:0CAfXk7DXMnon4gLudAp7J,3381f2b8e5a74019b7f93a802001397a,2025-09-01T05:39:48Z,3,DUUUHHH ,a714f14c09784a4ea20def13dd616779
spotify:track:03tqyYWC9Um2ZqU0ZN849H,a0672a3d11374827b1e2754a53877112,2025-09-01T06:20:01Z,4,my ass was THRUST backwards immediately,a714f14c09784a4ea20def13dd616779
spotify:track:7uKcScNXuO3MWw6LowBjW1,a0672a3d11374827b1e2754a53877112,2025-09-01T06:20:01Z,5,my ass is still shaking 30 minutes later,a714f14c09784a4ea20def13dd616779
spotify:track:7BKLCZ1jbUBVqRi2FVlTVw,a0672a3d11374827b1e2754a53877112,2025-09-01T06:20:01Z,-3,i could never shake it to chainsmokers im so sorry,a714f14c09784a4ea20def13dd616779
spotify:track:6WpZwkzyjINc6wDghg8Gzv,a0672a3d11374827b1e2754a53877112,2025-09-01T06:20:01Z,-3,ive always had a vendetta against this song. it's so cu,a714f14c09784a4ea20def13dd616779
spotify:track:6jszq1eOfkoGeiNOFfA8ma,a0672a3d11374827b1e2754a53877112,2025-09-01T06:20:01Z,-2,this was heattttt... but it felt a little too mellow for my club vibes,a714f14c09784a4ea20def13dd616779
spotify:track:5rb9QrpfcKFHM1EUbSIurX,a0672a3d11374827b1e2754a53877112,2025-09-01T06:20:01Z,3,it's so basic... and so peak,a714f14c09784a4ea20def13dd616779
spotify:track:4Y7XAxTANhu3lmnLAzhWJW,a0672a3d11374827b1e2754a53877112,2025-09-01T06:20:01Z,-1,definitely not my favorite pitbull to shake ass too ngl,a714f14c09784a4ea20def13dd616779
spotify:track:4pmc2AxSEq6g7hPVlJCPyP,a0672a3d11374827b1e2754a53877112,2025-09-01T06:20:01Z,5,AND I EAT THIS UP EVERY TIME ,a714f14c09784a4ea20def13dd616779
spotify:track:1pbHy9VBpSyZh56xuujZz0,a0672a3d11374827b1e2754a53877112,2025-09-01T06:20:01Z,3,turned my lights off just to get in the club vibe 🙂‍↕️,a714f14c09784a4ea20def13dd616779
spotify:track:1D066zixBwqFYqBhKgdPzp,a0672a3d11374827b1e2754a53877112,2025-09-01T06:20:01Z,3,them boys went loco lemme tell ya,a714f14c09784a4ea20def13dd616779
spotify:track:0r2Bul2NuCViraT2zX1l5j,a0672a3d11374827b1e2754a53877112,2025-09-01T06:20:01Z,2,goes on a little long when you're sober in an apartment lmao ,a714f14c09784a4ea20def13dd616779
spotify:track:0IkKz2J93C94Ei4BvDop7P,a0672a3d11374827b1e2754a53877112,2025-09-01T06:20:01Z,3,it is such a relic of its time and still always gets a lil shake from me,a714f14c09784a4ea20def13dd616779
spotify:track:0gFB5H3pHN13ERt2FyMuWi,a0672a3d11374827b1e2754a53877112,2025-09-01T06:20:01Z,-1,i like it... but not enough relative to everythint else,a714f14c09784a4ea20def13dd616779
spotify:track:0CAfXk7DXMnon4gLudAp7J,a0672a3d11374827b1e2754a53877112,2025-09-01T06:20:01Z,2,a classic but not my favorite ,a714f14c09784a4ea20def13dd616779
spotify:track:7uKcScNXuO3MWw6LowBjW1,de798b3b84024cd6bf18356ecbc8d1a5,2025-09-01T08:00:57Z,-1,"I am so sorry…if I am ass quaking, I want to do it to “goodies” 🫣 as much as I don’t wanna downvote this, that was my only caveat 3/5 ass quakes 🍑",a714f14c09784a4ea20def13dd616779
spotify:track:7BKLCZ1jbUBVqRi2FVlTVw,de798b3b84024cd6bf18356ecbc8d1a5,2025-09-01T08:00:57Z,-3,"I will move, I will sing along, I am not moving booty to closer I’m so sorry 0/5 ass quakes 🍑",a714f14c09784a4ea20def13dd616779
spotify:track:6WpZwkzyjINc6wDghg8Gzv,de798b3b84024cd6bf18356ecbc8d1a5,2025-09-01T08:00:57Z,-3,"Listen I’m moving, I’m grooving, but I’m not shaking ass. I also feel like this is a lil to straight for me… 1/5 ass quakes 🍑",a714f14c09784a4ea20def13dd616779
spotify:track:5u9y2b9gOiY0cdz0snlMb8,de798b3b84024cd6bf18356ecbc8d1a5,2025-09-01T08:00:57Z,5,"“I need to talk to a gay person” ahh vibes, therefore, it has been added to the playlist 5/5 ass quakes 🍑",a714f14c09784a4ea20def13dd616779
spotify:track:5rb9QrpfcKFHM1EUbSIurX,de798b3b84024cd6bf18356ecbc8d1a5,2025-09-01T08:00:57Z,4,Yeah…5/5 ass quakes 🍑,a714f14c09784a4ea20def13dd616779
spotify:track:4Y7XAxTANhu3lmnLAzhWJW,de798b3b84024cd6bf18356ecbc8d1a5,2025-09-01T08:00:57Z,2,"So you know how gay people have gay icons, I feel like pitbull is the equivalent of that to straight people. He’s a straight icon, but gay people love him too so…3/5 ass quakes 🍑",a714f14c09784a4ea20def13dd616779
spotify:track:4pmc2AxSEq6g7hPVlJCPyP,de798b3b84024cd6bf18356ecbc8d1a5,2025-09-01T08:00:57Z,1,It would feel illegal of me to downvote this…luckily I don’t have to 3/5 ass quakes 🍑,a714f14c09784a4ea20def13dd616779
spotify:track:1pbHy9VBpSyZh56xuujZz0,de798b3b84024cd6bf18356ecbc8d1a5,2025-09-01T08:00:57Z,2,"Sweaty club, sweaty booty cheeks 3/5 ass quakes 🍑",a714f14c09784a4ea20def13dd616779
spotify:track:1D066zixBwqFYqBhKgdPzp,de798b3b84024cd6bf18356ecbc8d1a5,2025-09-01T08:00:57Z,2,Fergie PRIME 4/5 ass quakes,a714f14c09784a4ea20def13dd616779
spotify:track:0r2Bul2NuCViraT2zX1l5j,de798b3b84024cd6bf18356ecbc8d1a5,2025-09-01T08:00:57Z,5,"When that BRRR DUM DUM DUM hits, it’s go time 5/5 ass quakes 🍑",a714f14c09784a4ea20def13dd616779
spotify:track:0IkKz2J93C94Ei4BvDop7P,de798b3b84024cd6bf18356ecbc8d1a5,2025-09-01T08:00:57Z,1,This song made got me to learn the SpongeBob dance move 💃 3/5 ass quakes,a714f14c09784a4ea20def13dd616779
spotify:track:0gFB5H3pHN13ERt2FyMuWi,de798b3b84024cd6bf18356ecbc8d1a5,2025-09-01T08:00:57Z,-3,"Old school jam. Would boogie, but would not shake ass to this unfortunately 1/5 ass quakes 🍑",a714f14c09784a4ea20def13dd616779
spotify:track:0CAfXk7DXMnon4gLudAp7J,de798b3b84024cd6bf18356ecbc8d1a5,2025-09-01T08:00:57Z,5,Quintessential booty drop song 5/5 ass quakes 🍑,a714f14c09784a4ea20def13dd616779
spotify:track:03tqyYWC9Um2ZqU0ZN849H,de798b3b84024cd6bf18356ecbc8d1a5,2025-09-01T08:00:57Z,3,Giiirrlll drop it to the flaaauuurrr 4/5 ass quakes 🍑,a714f14c09784a4ea20def13dd616779
spotify:track:0IkKz2J93C94Ei4BvDop7P,78e7775bd32b4b4ebaf5be442a27e180,2025-09-01T20:21:55Z,-2,I would only judge someone for throwing ass to this song since you should be shuffling your heart out ,a714f14c09784a4ea20def13dd616779
spotify:track:7BKLCZ1jbUBVqRi2FVlTVw,78e7775bd32b4b4ebaf5be442a27e180,2025-09-01T20:21:55Z,-3,Who would guess this song being released and only a few months later trump was elected. I don’t believe in coincides. Ass was sitting unmoved I’m sorry. Love Halsey tho,a714f14c09784a4ea20def13dd616779
spotify:track:6WpZwkzyjINc6wDghg8Gzv,78e7775bd32b4b4ebaf5be442a27e180,2025-09-01T20:21:55Z,-3,More head banging for me so I can’t say my flat ass was moving to this as much as the others. And again I’m sorry but I have to downvote! Good song still!,a714f14c09784a4ea20def13dd616779
spotify:track:6jszq1eOfkoGeiNOFfA8ma,78e7775bd32b4b4ebaf5be442a27e180,2025-09-01T20:21:55Z,5,Ass was in zero gravity. I blacked out listening to this and got a noise complaint from my neighbor. Amazing!,a714f14c09784a4ea20def13dd616779
spotify:track:5u9y2b9gOiY0cdz0snlMb8,78e7775bd32b4b4ebaf5be442a27e180,2025-09-01T20:21:55Z,-2,This song was great but it is a hard week to downvote. I’m sorry. If it makes it better I’m ,a714f14c09784a4ea20def13dd616779
spotify:track:5rb9QrpfcKFHM1EUbSIurX,78e7775bd32b4b4ebaf5be442a27e180,2025-09-01T20:21:55Z,2,I only take a point off for Madison’s lobbying efforts but I do love this song. Ass was movin/ groovin,a714f14c09784a4ea20def13dd616779
spotify:track:4pmc2AxSEq6g7hPVlJCPyP,78e7775bd32b4b4ebaf5be442a27e180,2025-09-01T20:21:55Z,2,I’d be scared to not shake ass to destinys child. I think it induces bad luck. Love the song!,a714f14c09784a4ea20def13dd616779
spotify:track:1pbHy9VBpSyZh56xuujZz0,78e7775bd32b4b4ebaf5be442a27e180,2025-09-01T20:21:55Z,2,Didn’t know this song tbh (or at least I haven’t listened to the whole song) but ass was moving for sure!,a714f14c09784a4ea20def13dd616779
spotify:track:1D066zixBwqFYqBhKgdPzp,78e7775bd32b4b4ebaf5be442a27e180,2025-09-01T20:21:55Z,3,Ass is in a full split shaking it to this one ,a714f14c09784a4ea20def13dd616779
spotify:track:0r2Bul2NuCViraT2zX1l5j,78e7775bd32b4b4ebaf5be442a27e180,2025-09-01T20:21:55Z,2,Underrated line dance when you are like me and love following instructions. Throwing ass to the windows and the walls ,a714f14c09784a4ea20def13dd616779
spotify:track:7uKcScNXuO3MWw6LowBjW1,78e7775bd32b4b4ebaf5be442a27e180,2025-09-01T20:21:55Z,5,"Ass was moving on its own for this song. Love missy Elliot and was possessed by the 1,2 step. One point off for the r word (Srry)",a714f14c09784a4ea20def13dd616779
spotify:track:0gFB5H3pHN13ERt2FyMuWi,78e7775bd32b4b4ebaf5be442a27e180,2025-09-01T20:21:55Z,2,Classic. Ass is going in circles but maybe not shaking it like an 8.0. I like the song tho!,a714f14c09784a4ea20def13dd616779
spotify:track:0CAfXk7DXMnon4gLudAp7J,78e7775bd32b4b4ebaf5be442a27e180,2025-09-01T20:21:55Z,2,Don’t know if I’m throwing ass as much as I’d like tbh. Also it was a meme for my students so it takes a hit there ,a714f14c09784a4ea20def13dd616779
spotify:track:03tqyYWC9Um2ZqU0ZN849H,78e7775bd32b4b4ebaf5be442a27e180,2025-09-01T20:21:55Z,5,I think if you’re not shaking ass to this song you get escorted out of the building ,a714f14c09784a4ea20def13dd616779
spotify:track:0CAfXk7DXMnon4gLudAp7J,d332f483f6794cb7b5e19a4df770f1ac,2025-09-02T18:40:05Z,-1,this wasn’t around when my parents got married so no wonder they’re divorced. easy choice imo.,a714f14c09784a4ea20def13dd616779
spotify:track:0gFB5H3pHN13ERt2FyMuWi,d332f483f6794cb7b5e19a4df770f1ac,2025-09-02T18:40:05Z,2,,a714f14c09784a4ea20def13dd616779
spotify:track:0IkKz2J93C94Ei4BvDop7P,d332f483f6794cb7b5e19a4df770f1ac,2025-09-02T18:40:05Z,5,,a714f14c09784a4ea20def13dd616779
spotify:track:0r2Bul2NuCViraT2zX1l5j,d332f483f6794cb7b5e19a4df770f1ac,2025-09-02T18:40:05Z,-3,🫣,a714f14c09784a4ea20def13dd616779
spotify:track:1D066zixBwqFYqBhKgdPzp,d332f483f6794cb7b5e19a4df770f1ac,2025-09-02T18:40:05Z,-1,,a714f14c09784a4ea20def13dd616779
spotify:track:1pbHy9VBpSyZh56xuujZz0,d332f483f6794cb7b5e19a4df770f1ac,2025-09-02T18:40:05Z,-2,,a714f14c09784a4ea20def13dd616779
spotify:track:4pmc2AxSEq6g7hPVlJCPyP,d332f483f6794cb7b5e19a4df770f1ac,2025-09-02T18:40:05Z,2,,a714f14c09784a4ea20def13dd616779
spotify:track:4Y7XAxTANhu3lmnLAzhWJW,d332f483f6794cb7b5e19a4df770f1ac,2025-09-02T18:40:05Z,3,,a714f14c09784a4ea20def13dd616779
spotify:track:5rb9QrpfcKFHM1EUbSIurX,d332f483f6794cb7b5e19a4df770f1ac,2025-09-02T18:40:05Z,5,,a714f14c09784a4ea20def13dd616779
spotify:track:5u9y2b9gOiY0cdz0snlMb8,d332f483f6794cb7b5e19a4df770f1ac,2025-09-02T18:40:05Z,-3,,a714f14c09784a4ea20def13dd616779
spotify:track:03tqyYWC9Um2ZqU0ZN849H,d332f483f6794cb7b5e19a4df770f1ac,2025-09-02T18:40:05Z,2,,a714f14c09784a4ea20def13dd616779
spotify:track:6jszq1eOfkoGeiNOFfA8ma,d332f483f6794cb7b5e19a4df770f1ac,2025-09-02T18:40:05Z,3,doctor who themed cover?!?,a714f14c09784a4ea20def13dd616779
spotify:track:6WpZwkzyjINc6wDghg8Gzv,d332f483f6794cb7b5e19a4df770f1ac,2025-09-02T18:40:05Z,5,waited too long for this rsd exclusive,a714f14c09784a4ea20def13dd616779
spotify:track:7uKcScNXuO3MWw6LowBjW1,d332f483f6794cb7b5e19a4df770f1ac,2025-09-02T18:40:05Z,3,,a714f14c09784a4ea20def13dd616779
spotify:track:6jszq1eOfkoGeiNOFfA8ma,01d0fcb93151477b842d0ee8fe6510e3,2025-09-04T15:33:57Z,-3,WHAT IS THE ALBUM COVER,a714f14c09784a4ea20def13dd616779
spotify:track:03tqyYWC9Um2ZqU0ZN849H,01d0fcb93151477b842d0ee8fe6510e3,2025-09-04T15:33:57Z,3,This song would make me run to the dance floor,a714f14c09784a4ea20def13dd616779
spotify:track:0CAfXk7DXMnon4gLudAp7J,01d0fcb93151477b842d0ee8fe6510e3,2025-09-04T15:33:57Z,3,There’s not enough T-Pain on this playlist,a714f14c09784a4ea20def13dd616779
spotify:track:0gFB5H3pHN13ERt2FyMuWi,01d0fcb93151477b842d0ee8fe6510e3,2025-09-04T15:33:57Z,3,,a714f14c09784a4ea20def13dd616779
spotify:track:0IkKz2J93C94Ei4BvDop7P,01d0fcb93151477b842d0ee8fe6510e3,2025-09-04T15:33:57Z,3,Someone from my school did the party rock house synced lights and we all thought he was the coolest,a714f14c09784a4ea20def13dd616779
spotify:track:1D066zixBwqFYqBhKgdPzp,01d0fcb93151477b842d0ee8fe6510e3,2025-09-04T15:33:57Z,3,We used to be a country 😔,a714f14c09784a4ea20def13dd616779
spotify:track:1pbHy9VBpSyZh56xuujZz0,01d0fcb93151477b842d0ee8fe6510e3,2025-09-04T15:33:57Z,-1,I have to downvote I’m sorry ,a714f14c09784a4ea20def13dd616779
spotify:track:4pmc2AxSEq6g7hPVlJCPyP,01d0fcb93151477b842d0ee8fe6510e3,2025-09-04T15:33:57Z,3,JUMPIN JUMPIN,a714f14c09784a4ea20def13dd616779
spotify:track:4Y7XAxTANhu3lmnLAzhWJW,01d0fcb93151477b842d0ee8fe6510e3,2025-09-04T15:33:57Z,3,DALE,a714f14c09784a4ea20def13dd616779
spotify:track:5rb9QrpfcKFHM1EUbSIurX,01d0fcb93151477b842d0ee8fe6510e3,2025-09-04T15:33:57Z,2,LIL JON,a714f14c09784a4ea20def13dd616779
spotify:track:5u9y2b9gOiY0cdz0snlMb8,01d0fcb93151477b842d0ee8fe6510e3,2025-09-04T15:33:57Z,3,,a714f14c09784a4ea20def13dd616779
spotify:track:6WpZwkzyjINc6wDghg8Gzv,01d0fcb93151477b842d0ee8fe6510e3,2025-09-04T15:33:57Z,-3,He scares me,a714f14c09784a4ea20def13dd616779
spotify:track:7BKLCZ1jbUBVqRi2FVlTVw,01d0fcb93151477b842d0ee8fe6510e3,2025-09-04T15:33:57Z,-3,There’s too many heavy hitters this round for chainsmokers to win I’m so sorry,a714f14c09784a4ea20def13dd616779
spotify:track:7uKcScNXuO3MWw6LowBjW1,01d0fcb93151477b842d0ee8fe6510e3,2025-09-04T15:33:57Z,4,CEEEE AIRAAAAAAAAA,a714f14c09784a4ea20def13dd616779
spotify:track:7uKcScNXuO3MWw6LowBjW1,4f168741900f4f19979a06dcbd50e408,2025-09-04T16:40:17Z,-2,Annoys me every time I hear it so sorry ,a714f14c09784a4ea20def13dd616779
spotify:track:03tqyYWC9Um2ZqU0ZN849H,4f168741900f4f19979a06dcbd50e408,2025-09-04T16:40:17Z,3,It’s not necessarily a must for me but a banger for sure ,a714f14c09784a4ea20def13dd616779
spotify:track:0gFB5H3pHN13ERt2FyMuWi,4f168741900f4f19979a06dcbd50e408,2025-09-04T16:40:17Z,-2,I am sorry I have always had beef w this one ,a714f14c09784a4ea20def13dd616779
spotify:track:0r2Bul2NuCViraT2zX1l5j,4f168741900f4f19979a06dcbd50e408,2025-09-04T16:40:17Z,3,YEAYAH!!!!!!!,a714f14c09784a4ea20def13dd616779
spotify:track:1D066zixBwqFYqBhKgdPzp,4f168741900f4f19979a06dcbd50e408,2025-09-04T16:40:17Z,4,Absolutely. ,a714f14c09784a4ea20def13dd616779
spotify:track:1pbHy9VBpSyZh56xuujZz0,4f168741900f4f19979a06dcbd50e408,2025-09-04T16:40:17Z,2,"Omg I forgot about this song, I lovee",a714f14c09784a4ea20def13dd616779
spotify:track:4pmc2AxSEq6g7hPVlJCPyP,4f168741900f4f19979a06dcbd50e408,2025-09-04T16:40:17Z,2,DID U HEAR THEM. LADIES LEAVE UR MEN AT HOME ,a714f14c09784a4ea20def13dd616779
spotify:track:4Y7XAxTANhu3lmnLAzhWJW,4f168741900f4f19979a06dcbd50e408,2025-09-04T16:40:17Z,5,WHEN PITBULL COMES ON THE VIBE SKYROCKETS EVERY TIME,a714f14c09784a4ea20def13dd616779
spotify:track:5rb9QrpfcKFHM1EUbSIurX,4f168741900f4f19979a06dcbd50e408,2025-09-04T16:40:17Z,5,Almost submitted this myself and I believe this is the clear winner ,a714f14c09784a4ea20def13dd616779
spotify:track:5u9y2b9gOiY0cdz0snlMb8,4f168741900f4f19979a06dcbd50e408,2025-09-04T16:40:17Z,-3,Well it’s true. I’m not a hot gay 😪,a714f14c09784a4ea20def13dd616779
spotify:track:6jszq1eOfkoGeiNOFfA8ma,4f168741900f4f19979a06dcbd50e408,2025-09-04T16:40:17Z,-3,I don’t think I’m gonna get into it ,a714f14c09784a4ea20def13dd616779
spotify:track:6WpZwkzyjINc6wDghg8Gzv,4f168741900f4f19979a06dcbd50e408,2025-09-04T16:40:17Z,4,I remember the first time I heard this song my world rocked ,a714f14c09784a4ea20def13dd616779
spotify:track:7BKLCZ1jbUBVqRi2FVlTVw,4f168741900f4f19979a06dcbd50e408,2025-09-04T16:40:17Z,2,I can get behind this a little ,a714f14c09784a4ea20def13dd616779
spotify:track:6jszq1eOfkoGeiNOFfA8ma,4a705869f6d84f0584387a24c37b961a,2025-09-05T06:18:40Z,1,,a714f14c09784a4ea20def13dd616779
spotify:track:03tqyYWC9Um2ZqU0ZN849H,4a705869f6d84f0584387a24c37b961a,2025-09-05T06:18:40Z,5,"Flashbacks to this playing while I’m drunk off of UV Blue Raspberry during my senior year of high school, what a timeless BOP",a714f14c09784a4ea20def13dd616779
spotify:track:0CAfXk7DXMnon4gLudAp7J,4a705869f6d84f0584387a24c37b961a,2025-09-05T06:18:40Z,3,,a714f14c09784a4ea20def13dd616779
spotify:track:0gFB5H3pHN13ERt2FyMuWi,4a705869f6d84f0584387a24c37b961a,2025-09-05T06:18:40Z,3,,a714f14c09784a4ea20def13dd616779
spotify:track:0IkKz2J93C94Ei4BvDop7P,4a705869f6d84f0584387a24c37b961a,2025-09-05T06:18:40Z,-2,,a714f14c09784a4ea20def13dd616779
spotify:track:0r2Bul2NuCViraT2zX1l5j,4a705869f6d84f0584387a24c37b961a,2025-09-05T06:18:40Z,4,I remember hearing the uncensored version of this for the first time at church camp lol,a714f14c09784a4ea20def13dd616779
spotify:track:1D066zixBwqFYqBhKgdPzp,4a705869f6d84f0584387a24c37b961a,2025-09-05T06:18:40Z,2,,a714f14c09784a4ea20def13dd616779
spotify:track:1pbHy9VBpSyZh56xuujZz0,4a705869f6d84f0584387a24c37b961a,2025-09-05T06:18:40Z,-3,,a714f14c09784a4ea20def13dd616779
spotify:track:4pmc2AxSEq6g7hPVlJCPyP,4a705869f6d84f0584387a24c37b961a,2025-09-05T06:18:40Z,2,,a714f14c09784a4ea20def13dd616779
spotify:track:4Y7XAxTANhu3lmnLAzhWJW,4a705869f6d84f0584387a24c37b961a,2025-09-05T06:18:40Z,-3,,a714f14c09784a4ea20def13dd616779
spotify:track:5rb9QrpfcKFHM1EUbSIurX,4a705869f6d84f0584387a24c37b961a,2025-09-05T06:18:40Z,4,,a714f14c09784a4ea20def13dd616779
spotify:track:5u9y2b9gOiY0cdz0snlMb8,4a705869f6d84f0584387a24c37b961a,2025-09-05T06:18:40Z,3,Oh period this goes tf offff🤏🏼,a714f14c09784a4ea20def13dd616779
spotify:track:6WpZwkzyjINc6wDghg8Gzv,4a705869f6d84f0584387a24c37b961a,2025-09-05T06:18:40Z,3,,a714f14c09784a4ea20def13dd616779
spotify:track:7BKLCZ1jbUBVqRi2FVlTVw,4a705869f6d84f0584387a24c37b961a,2025-09-05T06:18:40Z,-2,,a714f14c09784a4ea20def13dd616779
spotify:track:7BKLCZ1jbUBVqRi2FVlTVw,09d7b2211f8d45b9a19b66c646fff9df,2025-09-05T14:53:25Z,-3,,a714f14c09784a4ea20def13dd616779
spotify:track:03tqyYWC9Um2ZqU0ZN849H,09d7b2211f8d45b9a19b66c646fff9df,2025-09-05T14:53:25Z,5,,a714f14c09784a4ea20def13dd616779
spotify:track:0CAfXk7DXMnon4gLudAp7J,09d7b2211f8d45b9a19b66c646fff9df,2025-09-05T14:53:25Z,5,,a714f14c09784a4ea20def13dd616779
spotify:track:0gFB5H3pHN13ERt2FyMuWi,09d7b2211f8d45b9a19b66c646fff9df,2025-09-05T14:53:25Z,1,,a714f14c09784a4ea20def13dd616779
spotify:track:0IkKz2J93C94Ei4BvDop7P,09d7b2211f8d45b9a19b66c646fff9df,2025-09-05T14:53:25Z,-1,,a714f14c09784a4ea20def13dd616779
spotify:track:0r2Bul2NuCViraT2zX1l5j,09d7b2211f8d45b9a19b66c646fff9df,2025-09-05T14:53:25Z,5,,a714f14c09784a4ea20def13dd616779
spotify:track:1D066zixBwqFYqBhKgdPzp,09d7b2211f8d45b9a19b66c646fff9df,2025-09-05T14:53:25Z,5,,a714f14c09784a4ea20def13dd616779
spotify:track:1pbHy9VBpSyZh56xuujZz0,09d7b2211f8d45b9a19b66c646fff9df,2025-09-05T14:53:25Z,-1,,a714f14c09784a4ea20def13dd616779
spotify:track:4Y7XAxTANhu3lmnLAzhWJW,09d7b2211f8d45b9a19b66c646fff9df,2025-09-05T14:53:25Z,-3,,a714f14c09784a4ea20def13dd616779
spotify:track:5rb9QrpfcKFHM1EUbSIurX,09d7b2211f8d45b9a19b66c646fff9df,2025-09-05T14:53:25Z,2,,a714f14c09784a4ea20def13dd616779
spotify:track:5u9y2b9gOiY0cdz0snlMb8,09d7b2211f8d45b9a19b66c646fff9df,2025-09-05T14:53:25Z,-1,,a714f14c09784a4ea20def13dd616779
spotify:track:6jszq1eOfkoGeiNOFfA8ma,09d7b2211f8d45b9a19b66c646fff9df,2025-09-05T14:53:25Z,-1,,a714f14c09784a4ea20def13dd616779
spotify:track:7uKcScNXuO3MWw6LowBjW1,09d7b2211f8d45b9a19b66c646fff9df,2025-09-05T14:53:25Z,5,,a714f14c09784a4ea20def13dd616779
spotify:track:6WpZwkzyjINc6wDghg8Gzv,09d7b2211f8d45b9a19b66c646fff9df,2025-09-05T14:53:25Z,2,This at a wedding would be hilarious ,a714f14c09784a4ea20def13dd616779
spotify:track:03tqyYWC9Um2ZqU0ZN849H,2a199944cf5a418ba77e17380f808df7,2025-09-05T17:00:30Z,-3,I HATE THIS SONG! Everytime I hear this song I immediately take another shot so I can forget where I am.... bad vibes... gives frat boy energy... but the kind of frat boy who will roofie you. It literally wouldnt play on my phone because I have the song BLOCKED dsjkkjdsjksd  (Theme: 0/5 | Personal: 0/5),a714f14c09784a4ea20def13dd616779
spotify:track:7uKcScNXuO3MWw6LowBjW1,2a199944cf5a418ba77e17380f808df7,2025-09-05T17:00:30Z,3,"i mean, obviously! its always on my clerb playlist! (Theme: 4/5 | Personal: 5/5)",a714f14c09784a4ea20def13dd616779
spotify:track:7BKLCZ1jbUBVqRi2FVlTVw,2a199944cf5a418ba77e17380f808df7,2025-09-05T17:00:30Z,-2,when this song came out i was 100% a HATER but now its grown a bit on me... however this is not what i think of when i think of clerb... this is what i think of when i think of a mall... or like .... just generic pop or whatever... sorry djskjksdkjsd this song is part of the reason i started hating american music and went more kpop / eurodance  (Theme: 0/5 | Personal: 2.5/5),a714f14c09784a4ea20def13dd616779
spotify:track:6WpZwkzyjINc6wDghg8Gzv,2a199944cf5a418ba77e17380f808df7,2025-09-05T17:00:30Z,-1,Not really what I would expect to hear but I think that if i did hear this... i'd have a fun time,a714f14c09784a4ea20def13dd616779
spotify:track:6jszq1eOfkoGeiNOFfA8ma,2a199944cf5a418ba77e17380f808df7,2025-09-05T17:00:30Z,-1,kinda giving me romanian dance-pop vibes which i love!!!  (Theme: 3/5 | Personal: 4/5),a714f14c09784a4ea20def13dd616779
spotify:track:5u9y2b9gOiY0cdz0snlMb8,2a199944cf5a418ba77e17380f808df7,2025-09-05T17:00:30Z,1,I've never heard of this artist but IM NOW A STAN! this is soooo good... it's giving some of my favs like Natti Natasha or Becky G mixed with Italian cunt artists like Alexx iStar.... ADDED to PLAYLIST  (Theme: 4/5 | Personal: 4.5/5),a714f14c09784a4ea20def13dd616779
spotify:track:5rb9QrpfcKFHM1EUbSIurX,2a199944cf5a418ba77e17380f808df7,2025-09-05T17:00:30Z,5,11/10... CLUB CLASSIC! I need this PLAYED EVERYWHERE.... i want to rap every word.... so good (Theme: 5/5 | Personal: 6/5),a714f14c09784a4ea20def13dd616779
spotify:track:4Y7XAxTANhu3lmnLAzhWJW,2a199944cf5a418ba77e17380f808df7,2025-09-05T17:00:30Z,4,Pitbull... stan... a classic! (Theme: 5/5 | Personal: 5/5),a714f14c09784a4ea20def13dd616779
spotify:track:4pmc2AxSEq6g7hPVlJCPyP,2a199944cf5a418ba77e17380f808df7,2025-09-05T17:00:30Z,5,11/10 OMGGGGGG YOU GOT TASTE YO! I've always been so obsessed with this song but i never hear it at the club ;-;  (Theme: 5/5 | Personal: 6/5),a714f14c09784a4ea20def13dd616779
spotify:track:1D066zixBwqFYqBhKgdPzp,2a199944cf5a418ba77e17380f808df7,2025-09-05T17:00:30Z,-1,I respect this one! I lowkey think its overplayed sometimes but I do GET DOWN.. ok it totally doesn't deserve a downvote but i did the math... sorry  (Theme: 4/5 | Personal: 3/5),a714f14c09784a4ea20def13dd616779
spotify:track:0r2Bul2NuCViraT2zX1l5j,2a199944cf5a418ba77e17380f808df7,2025-09-05T17:00:30Z,3,Literally so iconic.... this is a HIT! Need at every club (Theme: 5/5 | Personal: 5/5),a714f14c09784a4ea20def13dd616779
spotify:track:0IkKz2J93C94Ei4BvDop7P,2a199944cf5a418ba77e17380f808df7,2025-09-05T17:00:30Z,5,11/10 THIS NEEDS TO PLAY EVERYWHERE ALL THE TIME!!!! Like this is one of the most iconic club songs EVERRRRRR People sleep on it....  (Theme: 5/5 | Personal: 6/5),a714f14c09784a4ea20def13dd616779
spotify:track:0gFB5H3pHN13ERt2FyMuWi,2a199944cf5a418ba77e17380f808df7,2025-09-05T17:00:30Z,-2,This fine I guess. I get it. Not what I want to hear at the club but maybe a family wedding.  (Theme: 2.5/5 | Personal: 2/5),a714f14c09784a4ea20def13dd616779
spotify:track:0CAfXk7DXMnon4gLudAp7J,2a199944cf5a418ba77e17380f808df7,2025-09-05T17:00:30Z,4,I mean... club classic! gets the crowd GOING fer sure (Theme: 5/5 | Personal: 5/5),a714f14c09784a4ea20def13dd616779
spotify:track:0CAfXk7DXMnon4gLudAp7J,37a75c8d587f4075b2d0640f244d891c,2025-09-05T19:32:52Z,-1,Good but basic ,a714f14c09784a4ea20def13dd616779
spotify:track:03tqyYWC9Um2ZqU0ZN849H,37a75c8d587f4075b2d0640f244d891c,2025-09-05T19:32:52Z,5,Will always make me throw ass ,a714f14c09784a4ea20def13dd616779
spotify:track:7uKcScNXuO3MWw6LowBjW1,37a75c8d587f4075b2d0640f244d891c,2025-09-05T19:32:52Z,4,Ready to shake my goodies ,a714f14c09784a4ea20def13dd616779
spotify:track:7BKLCZ1jbUBVqRi2FVlTVw,37a75c8d587f4075b2d0640f244d891c,2025-09-05T19:32:52Z,-3,Ewwwwwwwww,a714f14c09784a4ea20def13dd616779
spotify:track:6WpZwkzyjINc6wDghg8Gzv,37a75c8d587f4075b2d0640f244d891c,2025-09-05T19:32:52Z,5,Bop ,a714f14c09784a4ea20def13dd616779
spotify:track:6jszq1eOfkoGeiNOFfA8ma,37a75c8d587f4075b2d0640f244d891c,2025-09-05T19:32:52Z,4,Love my fellow thicc baddy ,a714f14c09784a4ea20def13dd616779
spotify:track:5u9y2b9gOiY0cdz0snlMb8,37a75c8d587f4075b2d0640f244d891c,2025-09-05T19:32:52Z,-2,Sorry I don’t speak Italian ,a714f14c09784a4ea20def13dd616779
spotify:track:5rb9QrpfcKFHM1EUbSIurX,37a75c8d587f4075b2d0640f244d891c,2025-09-05T19:32:52Z,-2,Good but basic ,a714f14c09784a4ea20def13dd616779
spotify:track:4Y7XAxTANhu3lmnLAzhWJW,37a75c8d587f4075b2d0640f244d891c,2025-09-05T19:32:52Z,3,Love pitbull…. He has better songs ,a714f14c09784a4ea20def13dd616779
spotify:track:4pmc2AxSEq6g7hPVlJCPyP,37a75c8d587f4075b2d0640f244d891c,2025-09-05T19:32:52Z,3,I will be leaving my man at home to shake ass to this one ,a714f14c09784a4ea20def13dd616779
spotify:track:1pbHy9VBpSyZh56xuujZz0,37a75c8d587f4075b2d0640f244d891c,2025-09-05T19:32:52Z,3,Middle school me had no business listening to this one ,a714f14c09784a4ea20def13dd616779
spotify:track:1D066zixBwqFYqBhKgdPzp,37a75c8d587f4075b2d0640f244d891c,2025-09-05T19:32:52Z,3,Made me the women I am today ,a714f14c09784a4ea20def13dd616779
spotify:track:0r2Bul2NuCViraT2zX1l5j,37a75c8d587f4075b2d0640f244d891c,2025-09-05T19:32:52Z,-1,Good but basic ,a714f14c09784a4ea20def13dd616779
spotify:track:0IkKz2J93C94Ei4BvDop7P,37a75c8d587f4075b2d0640f244d891c,2025-09-05T19:32:52Z,-1,Middle school crunk ,a714f14c09784a4ea20def13dd616779
spotify:track:03tqyYWC9Um2ZqU0ZN849H,bb9998daa35440aea3b29123cc71985c,2025-09-05T23:22:57Z,2,,a714f14c09784a4ea20def13dd616779
spotify:track:7uKcScNXuO3MWw6LowBjW1,bb9998daa35440aea3b29123cc71985c,2025-09-05T23:22:57Z,4,,a714f14c09784a4ea20def13dd616779
spotify:track:7BKLCZ1jbUBVqRi2FVlTVw,bb9998daa35440aea3b29123cc71985c,2025-09-05T23:22:57Z,-2,,a714f14c09784a4ea20def13dd616779
spotify:track:6jszq1eOfkoGeiNOFfA8ma,bb9998daa35440aea3b29123cc71985c,2025-09-05T23:22:57Z,-2,,a714f14c09784a4ea20def13dd616779
spotify:track:5u9y2b9gOiY0cdz0snlMb8,bb9998daa35440aea3b29123cc71985c,2025-09-05T23:22:57Z,2,,a714f14c09784a4ea20def13dd616779
spotify:track:5rb9QrpfcKFHM1EUbSIurX,bb9998daa35440aea3b29123cc71985c,2025-09-05T23:22:57Z,5,,a714f14c09784a4ea20def13dd616779
spotify:track:4Y7XAxTANhu3lmnLAzhWJW,bb9998daa35440aea3b29123cc71985c,2025-09-05T23:22:57Z,-2,This Pitbull song does NOTHING for me,a714f14c09784a4ea20def13dd616779
spotify:track:4pmc2AxSEq6g7hPVlJCPyP,bb9998daa35440aea3b29123cc71985c,2025-09-05T23:22:57Z,-1,,a714f14c09784a4ea20def13dd616779
spotify:track:1pbHy9VBpSyZh56xuujZz0,bb9998daa35440aea3b29123cc71985c,2025-09-05T23:22:57Z,3,We love DEV!!!,a714f14c09784a4ea20def13dd616779
spotify:track:1D066zixBwqFYqBhKgdPzp,bb9998daa35440aea3b29123cc71985c,2025-09-05T23:22:57Z,5,,a714f14c09784a4ea20def13dd616779
spotify:track:0r2Bul2NuCViraT2zX1l5j,bb9998daa35440aea3b29123cc71985c,2025-09-05T23:22:57Z,4,,a714f14c09784a4ea20def13dd616779
spotify:track:0IkKz2J93C94Ei4BvDop7P,bb9998daa35440aea3b29123cc71985c,2025-09-05T23:22:57Z,-1,,a714f14c09784a4ea20def13dd616779
spotify:track:0gFB5H3pHN13ERt2FyMuWi,bb9998daa35440aea3b29123cc71985c,2025-09-05T23:22:57Z,-2,,a714f14c09784a4ea20def13dd616779
spotify:track:0CAfXk7DXMnon4gLudAp7J,bb9998daa35440aea3b29123cc71985c,2025-09-05T23:22:57Z,5,,a714f14c09784a4ea20def13dd616779
spotify:track:0CAfXk7DXMnon4gLudAp7J,cad5f43ca24d41e49a7b941d99009666,2025-09-06T00:16:08Z,5,,a714f14c09784a4ea20def13dd616779
spotify:track:7uKcScNXuO3MWw6LowBjW1,cad5f43ca24d41e49a7b941d99009666,2025-09-06T00:16:08Z,-2,,a714f14c09784a4ea20def13dd616779
spotify:track:7BKLCZ1jbUBVqRi2FVlTVw,cad5f43ca24d41e49a7b941d99009666,2025-09-06T00:16:08Z,-2,,a714f14c09784a4ea20def13dd616779
spotify:track:6WpZwkzyjINc6wDghg8Gzv,cad5f43ca24d41e49a7b941d99009666,2025-09-06T00:16:08Z,-1,,a714f14c09784a4ea20def13dd616779
spotify:track:6jszq1eOfkoGeiNOFfA8ma,cad5f43ca24d41e49a7b941d99009666,2025-09-06T00:16:08Z,-1,,a714f14c09784a4ea20def13dd616779
spotify:track:5u9y2b9gOiY0cdz0snlMb8,cad5f43ca24d41e49a7b941d99009666,2025-09-06T00:16:08Z,-1,,a714f14c09784a4ea20def13dd616779
spotify:track:4Y7XAxTANhu3lmnLAzhWJW,cad5f43ca24d41e49a7b941d99009666,2025-09-06T00:16:08Z,5,,a714f14c09784a4ea20def13dd616779
spotify:track:4pmc2AxSEq6g7hPVlJCPyP,cad5f43ca24d41e49a7b941d99009666,2025-09-06T00:16:08Z,-1,,a714f14c09784a4ea20def13dd616779
spotify:track:1pbHy9VBpSyZh56xuujZz0,cad5f43ca24d41e49a7b941d99009666,2025-09-06T00:16:08Z,-1,,a714f14c09784a4ea20def13dd616779
spotify:track:1D066zixBwqFYqBhKgdPzp,cad5f43ca24d41e49a7b941d99009666,2025-09-06T00:16:08Z,5,,a714f14c09784a4ea20def13dd616779
spotify:track:0r2Bul2NuCViraT2zX1l5j,cad5f43ca24d41e49a7b941d99009666,2025-09-06T00:16:08Z,5,,a714f14c09784a4ea20def13dd616779
spotify:track:0IkKz2J93C94Ei4BvDop7P,cad5f43ca24d41e49a7b941d99009666,2025-09-06T00:16:08Z,5,this reminds me of my middle school boyfriend. Not in a bad way. Just very charged with middle school men’s,a714f14c09784a4ea20def13dd616779
spotify:track:0gFB5H3pHN13ERt2FyMuWi,cad5f43ca24d41e49a7b941d99009666,2025-09-06T00:16:08Z,-1,,a714f14c09784a4ea20def13dd616779
spotify:track:03tqyYWC9Um2ZqU0ZN849H,cad5f43ca24d41e49a7b941d99009666,2025-09-06T00:16:08Z,5,,a714f14c09784a4ea20def13dd616779
spotify:track:0CAfXk7DXMnon4gLudAp7J,6ea8c1e02d584ed69ae4fae4a396a4fe,2025-09-06T03:02:22Z,5,Yeah,a714f14c09784a4ea20def13dd616779
spotify:track:0gFB5H3pHN13ERt2FyMuWi,6ea8c1e02d584ed69ae4fae4a396a4fe,2025-09-06T03:02:22Z,2,,a714f14c09784a4ea20def13dd616779
spotify:track:0IkKz2J93C94Ei4BvDop7P,6ea8c1e02d584ed69ae4fae4a396a4fe,2025-09-06T03:02:22Z,5,,a714f14c09784a4ea20def13dd616779
spotify:track:0r2Bul2NuCViraT2zX1l5j,6ea8c1e02d584ed69ae4fae4a396a4fe,2025-09-06T03:02:22Z,5,,a714f14c09784a4ea20def13dd616779
spotify:track:1pbHy9VBpSyZh56xuujZz0,6ea8c1e02d584ed69ae4fae4a396a4fe,2025-09-06T03:02:22Z,-2,,a714f14c09784a4ea20def13dd616779
spotify:track:4pmc2AxSEq6g7hPVlJCPyP,6ea8c1e02d584ed69ae4fae4a396a4fe,2025-09-06T03:02:22Z,-1,,a714f14c09784a4ea20def13dd616779
spotify:track:4Y7XAxTANhu3lmnLAzhWJW,6ea8c1e02d584ed69ae4fae4a396a4fe,2025-09-06T03:02:22Z,5,,a714f14c09784a4ea20def13dd616779
spotify:track:5rb9QrpfcKFHM1EUbSIurX,6ea8c1e02d584ed69ae4fae4a396a4fe,2025-09-06T03:02:22Z,5,,a714f14c09784a4ea20def13dd616779
spotify:track:5u9y2b9gOiY0cdz0snlMb8,6ea8c1e02d584ed69ae4fae4a396a4fe,2025-09-06T03:02:22Z,-2,,a714f14c09784a4ea20def13dd616779
spotify:track:6jszq1eOfkoGeiNOFfA8ma,6ea8c1e02d584ed69ae4fae4a396a4fe,2025-09-06T03:02:22Z,-2,,a714f14c09784a4ea20def13dd616779
spotify:track:6WpZwkzyjINc6wDghg8Gzv,6ea8c1e02d584ed69ae4fae4a396a4fe,2025-09-06T03:02:22Z,-2,,a714f14c09784a4ea20def13dd616779
spotify:track:7BKLCZ1jbUBVqRi2FVlTVw,6ea8c1e02d584ed69ae4fae4a396a4fe,2025-09-06T03:02:22Z,-1,,a714f14c09784a4ea20def13dd616779
spotify:track:03tqyYWC9Um2ZqU0ZN849H,6ea8c1e02d584ed69ae4fae4a396a4fe,2025-09-06T03:02:22Z,3,,a714f14c09784a4ea20def13dd616779
spotify:track:150oCxP7slbU48qYS8ez78,a0672a3d11374827b1e2754a53877112,2025-09-08T14:29:55Z,4,all rise for the national anthem 🫡,cc4f1a88a76d4486b4f148c7ee07cd47
spotify:track:16Fp67kTFhH0XK5Cl6Oz7r,a0672a3d11374827b1e2754a53877112,2025-09-08T14:29:55Z,3,first time hearing and i loved it,cc4f1a88a76d4486b4f148c7ee07cd47
spotify:track:1hYXuCb1EMgwfl3QHUeTfM,a0672a3d11374827b1e2754a53877112,2025-09-08T14:29:55Z,5,this was absolutely my favorite. i adore everything about this,cc4f1a88a76d4486b4f148c7ee07cd47
spotify:track:1ni8ZTAY1GHXEFOGHl7fdg,a0672a3d11374827b1e2754a53877112,2025-09-08T14:29:55Z,3,billie never misses,cc4f1a88a76d4486b4f148c7ee07cd47
spotify:track:1nrsFfACPG4Hnw5AuOpCND,a0672a3d11374827b1e2754a53877112,2025-09-08T14:29:55Z,-2,downvote compared to the rest of the submissions but upvote in my heart for Rico ,cc4f1a88a76d4486b4f148c7ee07cd47
spotify:track:1VJ82z9vp7hvBzthdGWtNa,a0672a3d11374827b1e2754a53877112,2025-09-08T14:29:55Z,2,jessie j died for this,cc4f1a88a76d4486b4f148c7ee07cd47
spotify:track:28Tmk14BdrfaV2YzxpB35c,a0672a3d11374827b1e2754a53877112,2025-09-08T14:29:55Z,3,SHEcago ,cc4f1a88a76d4486b4f148c7ee07cd47
spotify:track:2AKOOhml62GZNFWDN7VqzT,a0672a3d11374827b1e2754a53877112,2025-09-08T14:29:55Z,3,yassss Queen,cc4f1a88a76d4486b4f148c7ee07cd47
spotify:track:2S8xyNRJX1XQdo3qnTuovI,a0672a3d11374827b1e2754a53877112,2025-09-08T14:29:55Z,2,never been the biggest Beatles fan but this sure is about murder 🙂‍↕️,cc4f1a88a76d4486b4f148c7ee07cd47
spotify:track:30FURVTCpbKyykjSEQzGkH,a0672a3d11374827b1e2754a53877112,2025-09-08T14:29:55Z,1,it's hard for me to envision myself murdering someone to this song 😮‍💨 pls forgive me Amy...,cc4f1a88a76d4486b4f148c7ee07cd47
spotify:track:4Ne4UbfqgXcBdIsYHjvR6y,a0672a3d11374827b1e2754a53877112,2025-09-08T14:29:55Z,2,got me in my Abigail Williams era 🤭,cc4f1a88a76d4486b4f148c7ee07cd47
spotify:track:58cgDwfYZmRDBFq61zFZbS,a0672a3d11374827b1e2754a53877112,2025-09-08T14:29:55Z,-3,this song made me feel like i was having a panic attack ,cc4f1a88a76d4486b4f148c7ee07cd47
spotify:track:7jNf4cQOXGYqpsvm1iGsqP,a0672a3d11374827b1e2754a53877112,2025-09-08T14:29:55Z,2,ahhh yes a classic tale of murder,cc4f1a88a76d4486b4f148c7ee07cd47
spotify:track:7rqaqQurHzR5xHAhdm1gmM,a0672a3d11374827b1e2754a53877112,2025-09-08T14:29:55Z,-2,just not a huge personal fan of this one  ,cc4f1a88a76d4486b4f148c7ee07cd47
spotify:track:7w87IxuO7BDcJ3YUqCyMTT,a0672a3d11374827b1e2754a53877112,2025-09-08T14:29:55Z,-3,i house an unmatched vitriol for this song that has only grown in recent years,cc4f1a88a76d4486b4f148c7ee07cd47
spotify:track:150oCxP7slbU48qYS8ez78,de798b3b84024cd6bf18356ecbc8d1a5,2025-09-08T18:20:43Z,3,Ashnikko def fits the vibe of murder and I think this song is KILLER.,cc4f1a88a76d4486b4f148c7ee07cd47
spotify:track:16Fp67kTFhH0XK5Cl6Oz7r,de798b3b84024cd6bf18356ecbc8d1a5,2025-09-08T18:20:43Z,-1,"I’m sorry to MCR this does fit the theme well, I kinda got bored listening halfway through and I wish it was heavier 😭.",cc4f1a88a76d4486b4f148c7ee07cd47
spotify:track:1hYXuCb1EMgwfl3QHUeTfM,de798b3b84024cd6bf18356ecbc8d1a5,2025-09-08T18:20:43Z,3,I watched IDKHBTFM and they were amazing! I love the soaring vocals and fits the theme well.,cc4f1a88a76d4486b4f148c7ee07cd47
spotify:track:1ni8ZTAY1GHXEFOGHl7fdg,de798b3b84024cd6bf18356ecbc8d1a5,2025-09-08T18:20:43Z,3,I looooove this Billy song and it’s about murder plus it goes hard.,cc4f1a88a76d4486b4f148c7ee07cd47
spotify:track:1nrsFfACPG4Hnw5AuOpCND,de798b3b84024cd6bf18356ecbc8d1a5,2025-09-08T18:20:43Z,-2,"Although I love Rico and this song, I just don’t think it fits the vibe of murder, but rather getting into a fight with someone.",cc4f1a88a76d4486b4f148c7ee07cd47
spotify:track:1VJ82z9vp7hvBzthdGWtNa,de798b3b84024cd6bf18356ecbc8d1a5,2025-09-08T18:20:43Z,5,I had to confirm that this was in kill bill and it is!! This is perfect it makes me think of the movie immediately.,cc4f1a88a76d4486b4f148c7ee07cd47
spotify:track:28Tmk14BdrfaV2YzxpB35c,de798b3b84024cd6bf18356ecbc8d1a5,2025-09-08T18:20:43Z,5,*stabs in theater kid*,cc4f1a88a76d4486b4f148c7ee07cd47
spotify:track:2AKOOhml62GZNFWDN7VqzT,de798b3b84024cd6bf18356ecbc8d1a5,2025-09-08T18:20:43Z,-2,"Although I loooooove this song, I just don’t see this as “murderous” vibes. Yeah, it’s got killer in the title, but that’s it.",cc4f1a88a76d4486b4f148c7ee07cd47
spotify:track:2S8xyNRJX1XQdo3qnTuovI,de798b3b84024cd6bf18356ecbc8d1a5,2025-09-08T18:20:43Z,5,"Considering this song is literally about a student committing murder, it does fit the theme. I can also see this in like a campy-murder scene.",cc4f1a88a76d4486b4f148c7ee07cd47
spotify:track:30FURVTCpbKyykjSEQzGkH,de798b3b84024cd6bf18356ecbc8d1a5,2025-09-08T18:20:43Z,-1,"This was hard to decipher, but I ultimately think that song gives me spy vibes rather than murderous vibes. Sorry Amy!",cc4f1a88a76d4486b4f148c7ee07cd47
spotify:track:58cgDwfYZmRDBFq61zFZbS,de798b3b84024cd6bf18356ecbc8d1a5,2025-09-08T18:20:43Z,3,Yes!! I was hoping for screamo on this playlistttt. Song bangs too.,cc4f1a88a76d4486b4f148c7ee07cd47
spotify:track:6Y6JWIlvKoxfoUQWaVTmCX,de798b3b84024cd6bf18356ecbc8d1a5,2025-09-08T18:20:43Z,-2,"Yeah it fits the theme lyrically, I think the song is a little boring tbh.",cc4f1a88a76d4486b4f148c7ee07cd47
spotify:track:7jNf4cQOXGYqpsvm1iGsqP,de798b3b84024cd6bf18356ecbc8d1a5,2025-09-08T18:20:43Z,-2,"Same sentiment as the above song, it definitely fits the theme lyrically, I just don’t feel anything with this song unfortunately.",cc4f1a88a76d4486b4f148c7ee07cd47
spotify:track:7rqaqQurHzR5xHAhdm1gmM,de798b3b84024cd6bf18356ecbc8d1a5,2025-09-08T18:20:43Z,2,I do like this song and it didn’t register that this is about murder lol. Also I think Miranda submitted this because Earl lol.,cc4f1a88a76d4486b4f148c7ee07cd47
spotify:track:7w87IxuO7BDcJ3YUqCyMTT,de798b3b84024cd6bf18356ecbc8d1a5,2025-09-08T18:20:43Z,1,Pumped up kicks is a classic tale of murder and I do enjoy it a little so it gets a thumbs up.,cc4f1a88a76d4486b4f148c7ee07cd47
spotify:track:150oCxP7slbU48qYS8ez78,78e7775bd32b4b4ebaf5be442a27e180,2025-09-09T13:40:04Z,1,Totally works for the theme and very fun!,cc4f1a88a76d4486b4f148c7ee07cd47
spotify:track:1hYXuCb1EMgwfl3QHUeTfM,78e7775bd32b4b4ebaf5be442a27e180,2025-09-09T13:40:04Z,2,Haunting. Can see this being Dexter dancing around the table with his silly little knife about to kill some shitty car salesman ,cc4f1a88a76d4486b4f148c7ee07cd47
spotify:track:1ni8ZTAY1GHXEFOGHl7fdg,78e7775bd32b4b4ebaf5be442a27e180,2025-09-09T13:40:04Z,1,About death. Can see this being Dexter driving to his boat being sad about killing the ice truck killer lol,cc4f1a88a76d4486b4f148c7ee07cd47
spotify:track:1nrsFfACPG4Hnw5AuOpCND,78e7775bd32b4b4ebaf5be442a27e180,2025-09-09T13:40:04Z,-2,Not about death necessarily but it makes me want to kill a bitch! I do have to downvote something though I’m sorry!,cc4f1a88a76d4486b4f148c7ee07cd47
spotify:track:1VJ82z9vp7hvBzthdGWtNa,78e7775bd32b4b4ebaf5be442a27e180,2025-09-09T13:40:04Z,3,Very haunting with the guitar reverb!,cc4f1a88a76d4486b4f148c7ee07cd47
spotify:track:28Tmk14BdrfaV2YzxpB35c,78e7775bd32b4b4ebaf5be442a27e180,2025-09-09T13:40:04Z,-2,About death but I feel like this killer would have to be Neil Patrick Harris or Matthew Morrison to make it work… and I have to downvote something I’m sorry!,cc4f1a88a76d4486b4f148c7ee07cd47
spotify:track:2AKOOhml62GZNFWDN7VqzT,78e7775bd32b4b4ebaf5be442a27e180,2025-09-09T13:40:04Z,-2,A classic but idk if it’s about death other than the title. Love the song but idk if it works for the theme… and I have to downvote something,cc4f1a88a76d4486b4f148c7ee07cd47
spotify:track:2S8xyNRJX1XQdo3qnTuovI,78e7775bd32b4b4ebaf5be442a27e180,2025-09-09T13:40:04Z,-2,About death and I can see some creepy ass clown killer type to use this … but I have to downvote something I’m sorry!,cc4f1a88a76d4486b4f148c7ee07cd47
spotify:track:30FURVTCpbKyykjSEQzGkH,78e7775bd32b4b4ebaf5be442a27e180,2025-09-09T13:40:04Z,3,"Haunting, beautiful, about death. Definitely can see this in the divorce hearing playlist for a lot of people lol",cc4f1a88a76d4486b4f148c7ee07cd47
spotify:track:4Ne4UbfqgXcBdIsYHjvR6y,78e7775bd32b4b4ebaf5be442a27e180,2025-09-09T13:40:04Z,5,YES!!! Would kill or be killed to this song happily ,cc4f1a88a76d4486b4f148c7ee07cd47
spotify:track:58cgDwfYZmRDBFq61zFZbS,78e7775bd32b4b4ebaf5be442a27e180,2025-09-09T13:40:04Z,4,RAGE!!! Pure rage. This isn’t murder it’s an act of passion your honor!,cc4f1a88a76d4486b4f148c7ee07cd47
spotify:track:6Y6JWIlvKoxfoUQWaVTmCX,78e7775bd32b4b4ebaf5be442a27e180,2025-09-09T13:40:04Z,4,Another haunting song that I loved! Eerie and I’d be so scared if I heard this come on in a dark alley or the woods ,cc4f1a88a76d4486b4f148c7ee07cd47
spotify:track:7jNf4cQOXGYqpsvm1iGsqP,78e7775bd32b4b4ebaf5be442a27e180,2025-09-09T13:40:04Z,5,"I feel like this has the rage, the lyrics, and energy for murder … not that I… wait don’t call the cops hold on ",cc4f1a88a76d4486b4f148c7ee07cd47
spotify:track:7rqaqQurHzR5xHAhdm1gmM,78e7775bd32b4b4ebaf5be442a27e180,2025-09-09T13:40:04Z,-2,I love the chicks and this is about a very justifiable death but idk if you could murder someone to this. More reflective while you’re on the farm with your new lover (and I have to downvote something I’m sorry) ,cc4f1a88a76d4486b4f148c7ee07cd47
spotify:track:7w87IxuO7BDcJ3YUqCyMTT,78e7775bd32b4b4ebaf5be442a27e180,2025-09-09T13:40:04Z,2,About death and definitely not what you want to hear down the halls as a teacher.,cc4f1a88a76d4486b4f148c7ee07cd47
spotify:track:150oCxP7slbU48qYS8ez78,d332f483f6794cb7b5e19a4df770f1ac,2025-09-09T18:41:02Z,-1,,cc4f1a88a76d4486b4f148c7ee07cd47
spotify:track:16Fp67kTFhH0XK5Cl6Oz7r,d332f483f6794cb7b5e19a4df770f1ac,2025-09-09T18:41:02Z,1,always support a mid-song vibe shift,cc4f1a88a76d4486b4f148c7ee07cd47
spotify:track:1hYXuCb1EMgwfl3QHUeTfM,d332f483f6794cb7b5e19a4df770f1ac,2025-09-09T18:41:02Z,3,"LOVE this cover art, can definitely see this as background to a passionate murder",cc4f1a88a76d4486b4f148c7ee07cd47
spotify:track:1nrsFfACPG4Hnw5AuOpCND,d332f483f6794cb7b5e19a4df770f1ac,2025-09-09T18:41:02Z,4,"this has to be madison, i heard this so much in college",cc4f1a88a76d4486b4f148c7ee07cd47
spotify:track:1VJ82z9vp7hvBzthdGWtNa,d332f483f6794cb7b5e19a4df770f1ac,2025-09-09T18:41:02Z,-2,"not a bad song, personally wouldn’t murder to tho",cc4f1a88a76d4486b4f148c7ee07cd47
spotify:track:28Tmk14BdrfaV2YzxpB35c,d332f483f6794cb7b5e19a4df770f1ac,2025-09-09T18:41:02Z,-1,another fantastic song but not my murder vibe,cc4f1a88a76d4486b4f148c7ee07cd47
spotify:track:2AKOOhml62GZNFWDN7VqzT,d332f483f6794cb7b5e19a4df770f1ac,2025-09-09T18:41:02Z,1,,cc4f1a88a76d4486b4f148c7ee07cd47
spotify:track:2S8xyNRJX1XQdo3qnTuovI,d332f483f6794cb7b5e19a4df770f1ac,2025-09-09T18:41:02Z,5,,cc4f1a88a76d4486b4f148c7ee07cd47
spotify:track:30FURVTCpbKyykjSEQzGkH,d332f483f6794cb7b5e19a4df770f1ac,2025-09-09T18:41:02Z,5,,cc4f1a88a76d4486b4f148c7ee07cd47
spotify:track:4Ne4UbfqgXcBdIsYHjvR6y,d332f483f6794cb7b5e19a4df770f1ac,2025-09-09T18:41:02Z,1,,cc4f1a88a76d4486b4f148c7ee07cd47
spotify:track:58cgDwfYZmRDBFq61zFZbS,d332f483f6794cb7b5e19a4df770f1ac,2025-09-09T18:41:02Z,-3,,cc4f1a88a76d4486b4f148c7ee07cd47
spotify:track:6Y6JWIlvKoxfoUQWaVTmCX,d332f483f6794cb7b5e19a4df770f1ac,2025-09-09T18:41:02Z,-2,,cc4f1a88a76d4486b4f148c7ee07cd47
spotify:track:7jNf4cQOXGYqpsvm1iGsqP,d332f483f6794cb7b5e19a4df770f1ac,2025-09-09T18:41:02Z,-1,,cc4f1a88a76d4486b4f148c7ee07cd47
spotify:track:7rqaqQurHzR5xHAhdm1gmM,d332f483f6794cb7b5e19a4df770f1ac,2025-09-09T18:41:02Z,5,,cc4f1a88a76d4486b4f148c7ee07cd47
spotify:track:7w87IxuO7BDcJ3YUqCyMTT,d332f483f6794cb7b5e19a4df770f1ac,2025-09-09T18:41:02Z,5,i almost picked this !!,cc4f1a88a76d4486b4f148c7ee07cd47
spotify:track:150oCxP7slbU48qYS8ez78,3381f2b8e5a74019b7f93a802001397a,2025-09-09T22:46:16Z,-2,,cc4f1a88a76d4486b4f148c7ee07cd47
spotify:track:16Fp67kTFhH0XK5Cl6Oz7r,3381f2b8e5a74019b7f93a802001397a,2025-09-09T22:46:16Z,-2,,cc4f1a88a76d4486b4f148c7ee07cd47
spotify:track:1hYXuCb1EMgwfl3QHUeTfM,3381f2b8e5a74019b7f93a802001397a,2025-09-09T22:46:16Z,1,,cc4f1a88a76d4486b4f148c7ee07cd47
spotify:track:1ni8ZTAY1GHXEFOGHl7fdg,3381f2b8e5a74019b7f93a802001397a,2025-09-09T22:46:16Z,3,,cc4f1a88a76d4486b4f148c7ee07cd47
spotify:track:1nrsFfACPG4Hnw5AuOpCND,3381f2b8e5a74019b7f93a802001397a,2025-09-09T22:46:16Z,4,,cc4f1a88a76d4486b4f148c7ee07cd47
spotify:track:1VJ82z9vp7hvBzthdGWtNa,3381f2b8e5a74019b7f93a802001397a,2025-09-09T22:46:16Z,4,,cc4f1a88a76d4486b4f148c7ee07cd47
spotify:track:28Tmk14BdrfaV2YzxpB35c,3381f2b8e5a74019b7f93a802001397a,2025-09-09T22:46:16Z,4,,cc4f1a88a76d4486b4f148c7ee07cd47
spotify:track:2AKOOhml62GZNFWDN7VqzT,3381f2b8e5a74019b7f93a802001397a,2025-09-09T22:46:16Z,3,,cc4f1a88a76d4486b4f148c7ee07cd47
spotify:track:2S8xyNRJX1XQdo3qnTuovI,3381f2b8e5a74019b7f93a802001397a,2025-09-09T22:46:16Z,5,,cc4f1a88a76d4486b4f148c7ee07cd47
spotify:track:4Ne4UbfqgXcBdIsYHjvR6y,3381f2b8e5a74019b7f93a802001397a,2025-09-09T22:46:16Z,3,,cc4f1a88a76d4486b4f148c7ee07cd47
spotify:track:58cgDwfYZmRDBFq61zFZbS,3381f2b8e5a74019b7f93a802001397a,2025-09-09T22:46:16Z,-3,,cc4f1a88a76d4486b4f148c7ee07cd47
spotify:track:6Y6JWIlvKoxfoUQWaVTmCX,3381f2b8e5a74019b7f93a802001397a,2025-09-09T22:46:16Z,-1,,cc4f1a88a76d4486b4f148c7ee07cd47
spotify:track:7jNf4cQOXGYqpsvm1iGsqP,3381f2b8e5a74019b7f93a802001397a,2025-09-09T22:46:16Z,-1,,cc4f1a88a76d4486b4f148c7ee07cd47
spotify:track:7rqaqQurHzR5xHAhdm1gmM,3381f2b8e5a74019b7f93a802001397a,2025-09-09T22:46:16Z,3,,cc4f1a88a76d4486b4f148c7ee07cd47
spotify:track:7w87IxuO7BDcJ3YUqCyMTT,3381f2b8e5a74019b7f93a802001397a,2025-09-09T22:46:16Z,-1,I always forget about the meaning of this song lmao,cc4f1a88a76d4486b4f148c7ee07cd47
spotify:track:150oCxP7slbU48qYS8ez78,4f168741900f4f19979a06dcbd50e408,2025-09-10T23:29:35Z,-2,I like this song but after a while I’m like GIRL WE GET IT CHEERLEADER,cc4f1a88a76d4486b4f148c7ee07cd47
spotify:track:16Fp67kTFhH0XK5Cl6Oz7r,4f168741900f4f19979a06dcbd50e408,2025-09-10T23:29:35Z,1,Fits the theme well but this is a competitive round!!,cc4f1a88a76d4486b4f148c7ee07cd47
spotify:track:1hYXuCb1EMgwfl3QHUeTfM,4f168741900f4f19979a06dcbd50e408,2025-09-10T23:29:35Z,5,"I DIDNT KNOW THE BROBECKS GUY HAD THIS ACT TOO! Love him and loved this, thank u",cc4f1a88a76d4486b4f148c7ee07cd47
spotify:track:1ni8ZTAY1GHXEFOGHl7fdg,4f168741900f4f19979a06dcbd50e408,2025-09-10T23:29:35Z,1,Some parts of the song yes some parts eh ,cc4f1a88a76d4486b4f148c7ee07cd47
spotify:track:1nrsFfACPG4Hnw5AuOpCND,4f168741900f4f19979a06dcbd50e408,2025-09-10T23:29:35Z,3,Would def smack a bitch to death on this ,cc4f1a88a76d4486b4f148c7ee07cd47
spotify:track:1VJ82z9vp7hvBzthdGWtNa,4f168741900f4f19979a06dcbd50e408,2025-09-10T23:29:35Z,2,Idk if I’d kill to it but I looooove this song ,cc4f1a88a76d4486b4f148c7ee07cd47
spotify:track:28Tmk14BdrfaV2YzxpB35c,4f168741900f4f19979a06dcbd50e408,2025-09-10T23:29:35Z,-3,I can’t kill to a musical I’m sorry ,cc4f1a88a76d4486b4f148c7ee07cd47
spotify:track:2S8xyNRJX1XQdo3qnTuovI,4f168741900f4f19979a06dcbd50e408,2025-09-10T23:29:35Z,3,Imagine smacking someone over the head to the chorus ,cc4f1a88a76d4486b4f148c7ee07cd47
spotify:track:30FURVTCpbKyykjSEQzGkH,4f168741900f4f19979a06dcbd50e408,2025-09-10T23:29:35Z,5,Ugh yes ,cc4f1a88a76d4486b4f148c7ee07cd47
spotify:track:4Ne4UbfqgXcBdIsYHjvR6y,4f168741900f4f19979a06dcbd50e408,2025-09-10T23:29:35Z,3,Loved this ,cc4f1a88a76d4486b4f148c7ee07cd47
spotify:track:58cgDwfYZmRDBFq61zFZbS,4f168741900f4f19979a06dcbd50e408,2025-09-10T23:29:35Z,2,✌️🤘😛,cc4f1a88a76d4486b4f148c7ee07cd47
spotify:track:6Y6JWIlvKoxfoUQWaVTmCX,4f168741900f4f19979a06dcbd50e408,2025-09-10T23:29:35Z,-2,Wasn’t super into this ,cc4f1a88a76d4486b4f148c7ee07cd47
spotify:track:7jNf4cQOXGYqpsvm1iGsqP,4f168741900f4f19979a06dcbd50e408,2025-09-10T23:29:35Z,2,I see the vision ,cc4f1a88a76d4486b4f148c7ee07cd47
spotify:track:7rqaqQurHzR5xHAhdm1gmM,4f168741900f4f19979a06dcbd50e408,2025-09-10T23:29:35Z,3,Me and my besties ending a man to this. Yes ,cc4f1a88a76d4486b4f148c7ee07cd47
spotify:track:7w87IxuO7BDcJ3YUqCyMTT,4f168741900f4f19979a06dcbd50e408,2025-09-10T23:29:35Z,-3,The death part of this song makes me like it less but I do like this song. But I have to downvote ,cc4f1a88a76d4486b4f148c7ee07cd47
spotify:track:150oCxP7slbU48qYS8ez78,67ba17e18a3a415abbe4060f1d4e6b77,2025-09-11T04:04:13Z,-1,I didn’t want to downvote this one but the game forced me to,cc4f1a88a76d4486b4f148c7ee07cd47
spotify:track:16Fp67kTFhH0XK5Cl6Oz7r,67ba17e18a3a415abbe4060f1d4e6b77,2025-09-11T04:04:13Z,3,,cc4f1a88a76d4486b4f148c7ee07cd47
spotify:track:1hYXuCb1EMgwfl3QHUeTfM,67ba17e18a3a415abbe4060f1d4e6b77,2025-09-11T04:04:13Z,3,,cc4f1a88a76d4486b4f148c7ee07cd47
spotify:track:1nrsFfACPG4Hnw5AuOpCND,67ba17e18a3a415abbe4060f1d4e6b77,2025-09-11T04:04:13Z,-3,Not my vibe. Wouldn’t commit murder to this song,cc4f1a88a76d4486b4f148c7ee07cd47
spotify:track:1VJ82z9vp7hvBzthdGWtNa,67ba17e18a3a415abbe4060f1d4e6b77,2025-09-11T04:04:13Z,3,Great song. About murder and would go on my committing murder playlist,cc4f1a88a76d4486b4f148c7ee07cd47
spotify:track:2AKOOhml62GZNFWDN7VqzT,67ba17e18a3a415abbe4060f1d4e6b77,2025-09-11T04:04:13Z,5,"Not about murder, but would be on my committing murder playlist. Glad a Queen song made it here.  ",cc4f1a88a76d4486b4f148c7ee07cd47
spotify:track:2S8xyNRJX1XQdo3qnTuovI,67ba17e18a3a415abbe4060f1d4e6b77,2025-09-11T04:04:13Z,5,Can’t believe I forgot about this one! One of my favorite murder songs. ,cc4f1a88a76d4486b4f148c7ee07cd47
spotify:track:30FURVTCpbKyykjSEQzGkH,67ba17e18a3a415abbe4060f1d4e6b77,2025-09-11T04:04:13Z,3,"Don’t think this is about murder?and not my vibe for if I were to commit murder, but Amy Winehouse is always amazing",cc4f1a88a76d4486b4f148c7ee07cd47
spotify:track:4Ne4UbfqgXcBdIsYHjvR6y,67ba17e18a3a415abbe4060f1d4e6b77,2025-09-11T04:04:13Z,-3,,cc4f1a88a76d4486b4f148c7ee07cd47
spotify:track:58cgDwfYZmRDBFq61zFZbS,67ba17e18a3a415abbe4060f1d4e6b77,2025-09-11T04:04:13Z,-3,No thanks,cc4f1a88a76d4486b4f148c7ee07cd47
spotify:track:7rqaqQurHzR5xHAhdm1gmM,67ba17e18a3a415abbe4060f1d4e6b77,2025-09-11T04:04:13Z,3,Country song about women murdering their abuser? Yes please,cc4f1a88a76d4486b4f148c7ee07cd47
spotify:track:7w87IxuO7BDcJ3YUqCyMTT,67ba17e18a3a415abbe4060f1d4e6b77,2025-09-11T04:04:13Z,5,I wanted to put this one! It’s America’s theme song 10/10 ,cc4f1a88a76d4486b4f148c7ee07cd47
spotify:track:150oCxP7slbU48qYS8ez78,01d0fcb93151477b842d0ee8fe6510e3,2025-09-11T16:18:20Z,-2,“Tell me how my ass tastes little bottom feeder” 😭,cc4f1a88a76d4486b4f148c7ee07cd47
spotify:track:16Fp67kTFhH0XK5Cl6Oz7r,01d0fcb93151477b842d0ee8fe6510e3,2025-09-11T16:18:20Z,4,"You submitted this for me, I know it 🤭",cc4f1a88a76d4486b4f148c7ee07cd47
spotify:track:1ni8ZTAY1GHXEFOGHl7fdg,01d0fcb93151477b842d0ee8fe6510e3,2025-09-11T16:18:20Z,3,,cc4f1a88a76d4486b4f148c7ee07cd47
spotify:track:1nrsFfACPG4Hnw5AuOpCND,01d0fcb93151477b842d0ee8fe6510e3,2025-09-11T16:18:20Z,2,Seeing this live is freeing,cc4f1a88a76d4486b4f148c7ee07cd47
spotify:track:1VJ82z9vp7hvBzthdGWtNa,01d0fcb93151477b842d0ee8fe6510e3,2025-09-11T16:18:20Z,4,Vibey,cc4f1a88a76d4486b4f148c7ee07cd47
spotify:track:28Tmk14BdrfaV2YzxpB35c,01d0fcb93151477b842d0ee8fe6510e3,2025-09-11T16:18:20Z,3,Listening to this after 9/10/25 in America is amazing btw,cc4f1a88a76d4486b4f148c7ee07cd47
spotify:track:2AKOOhml62GZNFWDN7VqzT,01d0fcb93151477b842d0ee8fe6510e3,2025-09-11T16:18:20Z,-2,Ok but it’s not about murder?  Is it not a metaphor 🚬,cc4f1a88a76d4486b4f148c7ee07cd47
spotify:track:2S8xyNRJX1XQdo3qnTuovI,01d0fcb93151477b842d0ee8fe6510e3,2025-09-11T16:18:20Z,-2,,cc4f1a88a76d4486b4f148c7ee07cd47
spotify:track:30FURVTCpbKyykjSEQzGkH,01d0fcb93151477b842d0ee8fe6510e3,2025-09-11T16:18:20Z,-2,,cc4f1a88a76d4486b4f148c7ee07cd47
spotify:track:4Ne4UbfqgXcBdIsYHjvR6y,01d0fcb93151477b842d0ee8fe6510e3,2025-09-11T16:18:20Z,3,Well yes,cc4f1a88a76d4486b4f148c7ee07cd47
spotify:track:58cgDwfYZmRDBFq61zFZbS,01d0fcb93151477b842d0ee8fe6510e3,2025-09-11T16:18:20Z,4,You understood the assignment ,cc4f1a88a76d4486b4f148c7ee07cd47
spotify:track:6Y6JWIlvKoxfoUQWaVTmCX,01d0fcb93151477b842d0ee8fe6510e3,2025-09-11T16:18:20Z,2,This song is lowkey cunty,cc4f1a88a76d4486b4f148c7ee07cd47
spotify:track:7jNf4cQOXGYqpsvm1iGsqP,01d0fcb93151477b842d0ee8fe6510e3,2025-09-11T16:18:20Z,2,Yea this would be good to murk someone to,cc4f1a88a76d4486b4f148c7ee07cd47
spotify:track:7rqaqQurHzR5xHAhdm1gmM,01d0fcb93151477b842d0ee8fe6510e3,2025-09-11T16:18:20Z,3,Hell yea MaryAnn,cc4f1a88a76d4486b4f148c7ee07cd47
spotify:track:7w87IxuO7BDcJ3YUqCyMTT,01d0fcb93151477b842d0ee8fe6510e3,2025-09-11T16:18:20Z,-2,You’re not wrong but uh school shootings … ,cc4f1a88a76d4486b4f148c7ee07cd47
spotify:track:150oCxP7slbU48qYS8ez78,37a75c8d587f4075b2d0640f244d891c,2025-09-11T17:18:59Z,3,Perfect for the theme.. bonus points because I do like some of her other songs too ,cc4f1a88a76d4486b4f148c7ee07cd47
spotify:track:16Fp67kTFhH0XK5Cl6Oz7r,37a75c8d587f4075b2d0640f244d891c,2025-09-11T17:18:59Z,1,Good match for the theme& points for mcr… ,cc4f1a88a76d4486b4f148c7ee07cd47
spotify:track:1hYXuCb1EMgwfl3QHUeTfM,37a75c8d587f4075b2d0640f244d891c,2025-09-11T17:18:59Z,2,Murder but make it sexy ,cc4f1a88a76d4486b4f148c7ee07cd47
spotify:track:1ni8ZTAY1GHXEFOGHl7fdg,37a75c8d587f4075b2d0640f244d891c,2025-09-11T17:18:59Z,-3,Didn’t make me want to commit a crime ,cc4f1a88a76d4486b4f148c7ee07cd47
spotify:track:1nrsFfACPG4Hnw5AuOpCND,37a75c8d587f4075b2d0640f244d891c,2025-09-11T17:18:59Z,4,This song always makes me ready to smack a bitch ,cc4f1a88a76d4486b4f148c7ee07cd47
spotify:track:1VJ82z9vp7hvBzthdGWtNa,37a75c8d587f4075b2d0640f244d891c,2025-09-11T17:18:59Z,1,Classic,cc4f1a88a76d4486b4f148c7ee07cd47
spotify:track:28Tmk14BdrfaV2YzxpB35c,37a75c8d587f4075b2d0640f244d891c,2025-09-11T17:18:59Z,3,I hear no crimes committed. They all had it coming ,cc4f1a88a76d4486b4f148c7ee07cd47
spotify:track:2AKOOhml62GZNFWDN7VqzT,37a75c8d587f4075b2d0640f244d891c,2025-09-11T17:18:59Z,1,Catchy but I would get distracted dancing if I had to kill to this song ,cc4f1a88a76d4486b4f148c7ee07cd47
spotify:track:2S8xyNRJX1XQdo3qnTuovI,37a75c8d587f4075b2d0640f244d891c,2025-09-11T17:18:59Z,-3,Too upbeat to make me think of murder ,cc4f1a88a76d4486b4f148c7ee07cd47
spotify:track:30FURVTCpbKyykjSEQzGkH,37a75c8d587f4075b2d0640f244d891c,2025-09-11T17:18:59Z,-1,Great song… doesn’t make me want to murder ,cc4f1a88a76d4486b4f148c7ee07cd47
spotify:track:4Ne4UbfqgXcBdIsYHjvR6y,37a75c8d587f4075b2d0640f244d891c,2025-09-11T17:18:59Z,3,Thank you to whoever put this one… immediately added to my collection ,cc4f1a88a76d4486b4f148c7ee07cd47
spotify:track:58cgDwfYZmRDBFq61zFZbS,37a75c8d587f4075b2d0640f244d891c,2025-09-11T17:18:59Z,5,"Now THIS is some killing music!!!! 🤘🏼🔪🤪
*arf arf* ",cc4f1a88a76d4486b4f148c7ee07cd47
spotify:track:6Y6JWIlvKoxfoUQWaVTmCX,37a75c8d587f4075b2d0640f244d891c,2025-09-11T17:18:59Z,3,Spooky & scary ,cc4f1a88a76d4486b4f148c7ee07cd47
spotify:track:7jNf4cQOXGYqpsvm1iGsqP,37a75c8d587f4075b2d0640f244d891c,2025-09-11T17:18:59Z,-3,Didn’t make me want to murder. Too mellow ,cc4f1a88a76d4486b4f148c7ee07cd47
spotify:track:7rqaqQurHzR5xHAhdm1gmM,37a75c8d587f4075b2d0640f244d891c,2025-09-11T17:18:59Z,4,Earl had to die!!!!!,cc4f1a88a76d4486b4f148c7ee07cd47
spotify:track:150oCxP7slbU48qYS8ez78,09d7b2211f8d45b9a19b66c646fff9df,2025-09-12T22:22:05Z,-2,,cc4f1a88a76d4486b4f148c7ee07cd47
spotify:track:16Fp67kTFhH0XK5Cl6Oz7r,09d7b2211f8d45b9a19b66c646fff9df,2025-09-12T22:22:05Z,1,,cc4f1a88a76d4486b4f148c7ee07cd47
spotify:track:1hYXuCb1EMgwfl3QHUeTfM,09d7b2211f8d45b9a19b66c646fff9df,2025-09-12T22:22:05Z,-2,,cc4f1a88a76d4486b4f148c7ee07cd47
spotify:track:1ni8ZTAY1GHXEFOGHl7fdg,09d7b2211f8d45b9a19b66c646fff9df,2025-09-12T22:22:05Z,5,,cc4f1a88a76d4486b4f148c7ee07cd47
spotify:track:1nrsFfACPG4Hnw5AuOpCND,09d7b2211f8d45b9a19b66c646fff9df,2025-09-12T22:22:05Z,2,,cc4f1a88a76d4486b4f148c7ee07cd47
spotify:track:28Tmk14BdrfaV2YzxpB35c,09d7b2211f8d45b9a19b66c646fff9df,2025-09-12T22:22:05Z,5,,cc4f1a88a76d4486b4f148c7ee07cd47
spotify:track:2AKOOhml62GZNFWDN7VqzT,09d7b2211f8d45b9a19b66c646fff9df,2025-09-12T22:22:05Z,5,,cc4f1a88a76d4486b4f148c7ee07cd47
spotify:track:2S8xyNRJX1XQdo3qnTuovI,09d7b2211f8d45b9a19b66c646fff9df,2025-09-12T22:22:05Z,5,,cc4f1a88a76d4486b4f148c7ee07cd47
spotify:track:30FURVTCpbKyykjSEQzGkH,09d7b2211f8d45b9a19b66c646fff9df,2025-09-12T22:22:05Z,5,,cc4f1a88a76d4486b4f148c7ee07cd47
spotify:track:4Ne4UbfqgXcBdIsYHjvR6y,09d7b2211f8d45b9a19b66c646fff9df,2025-09-12T22:22:05Z,-2,,cc4f1a88a76d4486b4f148c7ee07cd47
spotify:track:58cgDwfYZmRDBFq61zFZbS,09d7b2211f8d45b9a19b66c646fff9df,2025-09-12T22:22:05Z,-2,,cc4f1a88a76d4486b4f148c7ee07cd47
spotify:track:6Y6JWIlvKoxfoUQWaVTmCX,09d7b2211f8d45b9a19b66c646fff9df,2025-09-12T22:22:05Z,-1,,cc4f1a88a76d4486b4f148c7ee07cd47
spotify:track:7jNf4cQOXGYqpsvm1iGsqP,09d7b2211f8d45b9a19b66c646fff9df,2025-09-12T22:22:05Z,-1,,cc4f1a88a76d4486b4f148c7ee07cd47
spotify:track:7rqaqQurHzR5xHAhdm1gmM,09d7b2211f8d45b9a19b66c646fff9df,2025-09-12T22:22:05Z,1,,cc4f1a88a76d4486b4f148c7ee07cd47
spotify:track:7w87IxuO7BDcJ3YUqCyMTT,09d7b2211f8d45b9a19b66c646fff9df,2025-09-12T22:22:05Z,1,,cc4f1a88a76d4486b4f148c7ee07cd47
spotify:track:16Fp67kTFhH0XK5Cl6Oz7r,2a199944cf5a418ba77e17380f808df7,2025-09-13T01:49:38Z,4,very 2000s rock vibe... i enjoy it and i feel the murder through my veins. i will be adding to halloween playlist! (+2 bonus points) (theme: 3/5 | personal: 4/5),cc4f1a88a76d4486b4f148c7ee07cd47
spotify:track:1hYXuCb1EMgwfl3QHUeTfM,2a199944cf5a418ba77e17380f808df7,2025-09-13T01:49:38Z,2,oh i really dig this.. it reminds me of the chilling adventures of sabrina... adding to halloween playlist (+2 bonus points) (theme: 2/5 | personal: 3.5/5),cc4f1a88a76d4486b4f148c7ee07cd47
spotify:track:1ni8ZTAY1GHXEFOGHl7fdg,2a199944cf5a418ba77e17380f808df7,2025-09-13T01:49:38Z,-3,this did not make me want to murder anyone... it didnt feel violent or murderous... but i did actually like it a lot. it may be my fav billie song tbh (theme: 0/5 | personal: 3/5),cc4f1a88a76d4486b4f148c7ee07cd47
spotify:track:1nrsFfACPG4Hnw5AuOpCND,2a199944cf5a418ba77e17380f808df7,2025-09-13T01:49:38Z,4,this just gives me college flashback! really like this one LOL queen! would def listen to this to murder someone (theme: 4/5 | personal: 4/5),cc4f1a88a76d4486b4f148c7ee07cd47
spotify:track:1VJ82z9vp7hvBzthdGWtNa,2a199944cf5a418ba77e17380f808df7,2025-09-13T01:49:38Z,-2,lmfao plz i only ever heard the david guetta and sia version of this... so this was an interesting one... however... it does not make me feel murderous. i do enjoy it (theme: 2/5 | personal: 2.5/5),cc4f1a88a76d4486b4f148c7ee07cd47
spotify:track:28Tmk14BdrfaV2YzxpB35c,2a199944cf5a418ba77e17380f808df7,2025-09-13T01:49:38Z,2,LOL this is very fun... omg trina vega... (theme: 3/5 | personal: 3/5),cc4f1a88a76d4486b4f148c7ee07cd47
spotify:track:2AKOOhml62GZNFWDN7VqzT,2a199944cf5a418ba77e17380f808df7,2025-09-13T01:49:38Z,-1,what a throwback sdjdkskjs um yeah it doesnt make me super in a murderous mood.... but i appreaciate the murder lyrics (theme: 2/5 | personal: 3/5),cc4f1a88a76d4486b4f148c7ee07cd47
spotify:track:2S8xyNRJX1XQdo3qnTuovI,2a199944cf5a418ba77e17380f808df7,2025-09-13T01:49:38Z,-1,this is fun but it doesnt make me want to kill someone... it is a compelling story of murder though! (theme: 2.5/5 | personal: 2.5/5),cc4f1a88a76d4486b4f148c7ee07cd47
spotify:track:30FURVTCpbKyykjSEQzGkH,2a199944cf5a418ba77e17380f808df7,2025-09-13T01:49:38Z,-2,i dont know if i get the connection to the theme... but its a cool song (theme: 1/5 | personal: 2.5/5),cc4f1a88a76d4486b4f148c7ee07cd47
spotify:track:4Ne4UbfqgXcBdIsYHjvR6y,2a199944cf5a418ba77e17380f808df7,2025-09-13T01:49:38Z,5,oh hell yeah... YOU GOT THE THEME! now this makes me want to murder.... adding to halloween playlist! so good! (+2 bonus points) (theme: 5/5 | personal: 5/5),cc4f1a88a76d4486b4f148c7ee07cd47
spotify:track:58cgDwfYZmRDBFq61zFZbS,2a199944cf5a418ba77e17380f808df7,2025-09-13T01:49:38Z,5,very murderous... very good indeed! also a fun song! (theme: 5/5 | personal: 3.5/5),cc4f1a88a76d4486b4f148c7ee07cd47
spotify:track:6Y6JWIlvKoxfoUQWaVTmCX,2a199944cf5a418ba77e17380f808df7,2025-09-13T01:49:38Z,2,this song scares me lowkey KKJJSKKJSJK like what the fuck.. who is this diva???? since im scared... ranking high. (theme: 4/5 | personal: 3.5/5),cc4f1a88a76d4486b4f148c7ee07cd47
spotify:track:7jNf4cQOXGYqpsvm1iGsqP,2a199944cf5a418ba77e17380f808df7,2025-09-13T01:49:38Z,2,this is the kinda rock i love.... the chorus eats.... its kinda creepy but this works out! (theme: 3/5 | personal: 4/5),cc4f1a88a76d4486b4f148c7ee07cd47
spotify:track:7rqaqQurHzR5xHAhdm1gmM,2a199944cf5a418ba77e17380f808df7,2025-09-13T01:49:38Z,4,very real. very real. fuck earl (derogatory) this gives me ayesha erotica... on her song NGSUNC. (theme: 4/5 | personal: 4/5),cc4f1a88a76d4486b4f148c7ee07cd47
spotify:track:7w87IxuO7BDcJ3YUqCyMTT,2a199944cf5a418ba77e17380f808df7,2025-09-13T01:49:38Z,-1,girl wtf is this song about i thought it was just a silly little song before reading the lyrics. IVE BEEN LIED TOO. i wouldnt say it makes me want to kill anyone tho (theme: 2/5 | personal: 2.5/5),cc4f1a88a76d4486b4f148c7ee07cd47
spotify:track:150oCxP7slbU48qYS8ez78,6ea8c1e02d584ed69ae4fae4a396a4fe,2025-09-13T05:06:41Z,-2,,cc4f1a88a76d4486b4f148c7ee07cd47
spotify:track:16Fp67kTFhH0XK5Cl6Oz7r,6ea8c1e02d584ed69ae4fae4a396a4fe,2025-09-13T05:06:41Z,-1,,cc4f1a88a76d4486b4f148c7ee07cd47
spotify:track:1hYXuCb1EMgwfl3QHUeTfM,6ea8c1e02d584ed69ae4fae4a396a4fe,2025-09-13T05:06:41Z,-1,,cc4f1a88a76d4486b4f148c7ee07cd47
spotify:track:1ni8ZTAY1GHXEFOGHl7fdg,6ea8c1e02d584ed69ae4fae4a396a4fe,2025-09-13T05:06:41Z,2,,cc4f1a88a76d4486b4f148c7ee07cd47
spotify:track:1nrsFfACPG4Hnw5AuOpCND,6ea8c1e02d584ed69ae4fae4a396a4fe,2025-09-13T05:06:41Z,-2,,cc4f1a88a76d4486b4f148c7ee07cd47
spotify:track:1VJ82z9vp7hvBzthdGWtNa,6ea8c1e02d584ed69ae4fae4a396a4fe,2025-09-13T05:06:41Z,5,,cc4f1a88a76d4486b4f148c7ee07cd47
spotify:track:2AKOOhml62GZNFWDN7VqzT,6ea8c1e02d584ed69ae4fae4a396a4fe,2025-09-13T05:06:41Z,5,,cc4f1a88a76d4486b4f148c7ee07cd47
spotify:track:30FURVTCpbKyykjSEQzGkH,6ea8c1e02d584ed69ae4fae4a396a4fe,2025-09-13T05:06:41Z,5,,cc4f1a88a76d4486b4f148c7ee07cd47
spotify:track:4Ne4UbfqgXcBdIsYHjvR6y,6ea8c1e02d584ed69ae4fae4a396a4fe,2025-09-13T05:06:41Z,-2,,cc4f1a88a76d4486b4f148c7ee07cd47
spotify:track:58cgDwfYZmRDBFq61zFZbS,6ea8c1e02d584ed69ae4fae4a396a4fe,2025-09-13T05:06:41Z,3,,cc4f1a88a76d4486b4f148c7ee07cd47
spotify:track:6Y6JWIlvKoxfoUQWaVTmCX,6ea8c1e02d584ed69ae4fae4a396a4fe,2025-09-13T05:06:41Z,2,,cc4f1a88a76d4486b4f148c7ee07cd47
spotify:track:7jNf4cQOXGYqpsvm1iGsqP,6ea8c1e02d584ed69ae4fae4a396a4fe,2025-09-13T05:06:41Z,3,,cc4f1a88a76d4486b4f148c7ee07cd47
spotify:track:7rqaqQurHzR5xHAhdm1gmM,6ea8c1e02d584ed69ae4fae4a396a4fe,2025-09-13T05:06:41Z,-2,,cc4f1a88a76d4486b4f148c7ee07cd47
spotify:track:7w87IxuO7BDcJ3YUqCyMTT,6ea8c1e02d584ed69ae4fae4a396a4fe,2025-09-13T05:06:41Z,5,,cc4f1a88a76d4486b4f148c7ee07cd47
spotify:track:00Mb3DuaIH1kjrwOku9CGU,3381f2b8e5a74019b7f93a802001397a,2025-09-15T06:44:03Z,3,FIRE choice ,1bd717f3628844578ebc3fabd852ea5d
spotify:track:0n2SEXB2qoRQg171q7XqeW,3381f2b8e5a74019b7f93a802001397a,2025-09-15T06:44:03Z,2,Omg I love to see Santana on this ,1bd717f3628844578ebc3fabd852ea5d
spotify:track:11dxtPJKR4E0wlSr0A0t47,3381f2b8e5a74019b7f93a802001397a,2025-09-15T06:44:03Z,3,Incredible choice ,1bd717f3628844578ebc3fabd852ea5d
spotify:track:6wOYnPq1hPihRepcDClPUw,3381f2b8e5a74019b7f93a802001397a,2025-09-15T06:44:03Z,2,Wowww great throwback ,1bd717f3628844578ebc3fabd852ea5d
spotify:track:6jyXQ8HGI7ikECGA0670uo,3381f2b8e5a74019b7f93a802001397a,2025-09-15T06:44:03Z,2,Out with the old and in with the neww,1bd717f3628844578ebc3fabd852ea5d
spotify:track:6I9VzXrHxO9rA9A5euc8Ak,3381f2b8e5a74019b7f93a802001397a,2025-09-15T06:44:03Z,5,OMG I ALMOST PUT THIS,1bd717f3628844578ebc3fabd852ea5d
spotify:track:66ZcOcouenzZEnzTJvoFmH,3381f2b8e5a74019b7f93a802001397a,2025-09-15T06:44:03Z,5,WOWWW ANOTHER GREAT CHOICE ,1bd717f3628844578ebc3fabd852ea5d
spotify:track:5qaxeIJLARExwa34d9TuYp,3381f2b8e5a74019b7f93a802001397a,2025-09-15T06:44:03Z,1,Deepcut… respect,1bd717f3628844578ebc3fabd852ea5d
spotify:track:4e9eGQYsOiBcftrWXwsVco,3381f2b8e5a74019b7f93a802001397a,2025-09-15T06:44:03Z,-3,,1bd717f3628844578ebc3fabd852ea5d
spotify:track:47BBI51FKFwOMlIiX6m8ya,3381f2b8e5a74019b7f93a802001397a,2025-09-15T06:44:03Z,0,I mean COME ON!! A true classic ,1bd717f3628844578ebc3fabd852ea5d
spotify:track:3K4HG9evC7dg3N0R9cYqk4,3381f2b8e5a74019b7f93a802001397a,2025-09-15T06:44:03Z,-3,,1bd717f3628844578ebc3fabd852ea5d
spotify:track:3iDJKJL82KPArsgWQYfgts,3381f2b8e5a74019b7f93a802001397a,2025-09-15T06:44:03Z,0,omg never heard this ,1bd717f3628844578ebc3fabd852ea5d
spotify:track:3AjyOYxBv8bByfBtG5o9dP,3381f2b8e5a74019b7f93a802001397a,2025-09-15T06:44:03Z,3,Ugh yes I loved my Miley CDs!!,1bd717f3628844578ebc3fabd852ea5d
spotify:track:1JURww012QnWAw0zZXi6Aa,3381f2b8e5a74019b7f93a802001397a,2025-09-15T06:44:03Z,-2,Idk this one,1bd717f3628844578ebc3fabd852ea5d
spotify:track:2AW37v0bDyuOzGP3XnmFuA,3381f2b8e5a74019b7f93a802001397a,2025-09-15T06:44:03Z,1,Ok another boy band !! ,1bd717f3628844578ebc3fabd852ea5d
spotify:track:2VOomzT6VavJOGBeySqaMc,3381f2b8e5a74019b7f93a802001397a,2025-09-15T06:44:03Z,3,YESSS RIRI,1bd717f3628844578ebc3fabd852ea5d
spotify:track:003vvx7Niy0yvhvHt4a68B,3381f2b8e5a74019b7f93a802001397a,2025-09-15T06:44:03Z,-2,ugh I know unpopular opinion but this song always feels overplayed I’m srry,1bd717f3628844578ebc3fabd852ea5d
spotify:track:1JURww012QnWAw0zZXi6Aa,a0672a3d11374827b1e2754a53877112,2025-09-15T07:02:46Z,-2,not the girl i was looking for 😫,1bd717f3628844578ebc3fabd852ea5d
spotify:track:00Mb3DuaIH1kjrwOku9CGU,a0672a3d11374827b1e2754a53877112,2025-09-15T07:02:46Z,2,the chorus is a CLASSIC,1bd717f3628844578ebc3fabd852ea5d
spotify:track:003vvx7Niy0yvhvHt4a68B,a0672a3d11374827b1e2754a53877112,2025-09-15T07:02:46Z,1,remains the best way to invoke a Pavlovian response from a white person,1bd717f3628844578ebc3fabd852ea5d
spotify:track:6wOYnPq1hPihRepcDClPUw,a0672a3d11374827b1e2754a53877112,2025-09-15T07:02:46Z,4,dare i say this is the best black eyed peas song...,1bd717f3628844578ebc3fabd852ea5d
spotify:track:6jyXQ8HGI7ikECGA0670uo,a0672a3d11374827b1e2754a53877112,2025-09-15T07:02:46Z,2,sharpay was the blueprint,1bd717f3628844578ebc3fabd852ea5d
spotify:track:6I9VzXrHxO9rA9A5euc8Ak,a0672a3d11374827b1e2754a53877112,2025-09-15T07:02:46Z,4,one of the catchiest songs of ALL TIME ‼️‼️,1bd717f3628844578ebc3fabd852ea5d
spotify:track:66ZcOcouenzZEnzTJvoFmH,a0672a3d11374827b1e2754a53877112,2025-09-15T07:02:46Z,3,anytime Akon shows up you KNOW it was a 2000s BANGER,1bd717f3628844578ebc3fabd852ea5d
spotify:track:5qaxeIJLARExwa34d9TuYp,a0672a3d11374827b1e2754a53877112,2025-09-15T07:02:46Z,2,🏕🏕🏕🏕,1bd717f3628844578ebc3fabd852ea5d
spotify:track:4e9eGQYsOiBcftrWXwsVco,a0672a3d11374827b1e2754a53877112,2025-09-15T07:02:46Z,2,some of the best vocals in the game and ik they ATE on a CD ,1bd717f3628844578ebc3fabd852ea5d
spotify:track:47BBI51FKFwOMlIiX6m8ya,a0672a3d11374827b1e2754a53877112,2025-09-15T07:02:46Z,-1,this song makes me angry ,1bd717f3628844578ebc3fabd852ea5d
spotify:track:3K4HG9evC7dg3N0R9cYqk4,a0672a3d11374827b1e2754a53877112,2025-09-15T07:02:46Z,-3,i prefer a lot of their other disco over this 🫣,1bd717f3628844578ebc3fabd852ea5d
spotify:track:3iDJKJL82KPArsgWQYfgts,a0672a3d11374827b1e2754a53877112,2025-09-15T07:02:46Z,-3,the mix on this sounds so messy?? ,1bd717f3628844578ebc3fabd852ea5d
spotify:track:3AjyOYxBv8bByfBtG5o9dP,a0672a3d11374827b1e2754a53877112,2025-09-15T07:02:46Z,3,there was a time in my life where this is the only song my sister would let anyone play. then? i was furious. now? i see the vision,1bd717f3628844578ebc3fabd852ea5d
spotify:track:2VOomzT6VavJOGBeySqaMc,a0672a3d11374827b1e2754a53877112,2025-09-15T07:02:46Z,5,made *my* BUM BUM go BE DUM BUM ,1bd717f3628844578ebc3fabd852ea5d
spotify:track:2AW37v0bDyuOzGP3XnmFuA,a0672a3d11374827b1e2754a53877112,2025-09-15T07:02:46Z,-1,i hate how they pronounce words ,1bd717f3628844578ebc3fabd852ea5d
spotify:track:11dxtPJKR4E0wlSr0A0t47,a0672a3d11374827b1e2754a53877112,2025-09-15T07:02:46Z,2,the fourth wall break?? only these icons could pull it off,1bd717f3628844578ebc3fabd852ea5d
spotify:track:6jyXQ8HGI7ikECGA0670uo,4a705869f6d84f0584387a24c37b961a,2025-09-15T08:14:28Z,-3,,1bd717f3628844578ebc3fabd852ea5d
spotify:track:66ZcOcouenzZEnzTJvoFmH,4a705869f6d84f0584387a24c37b961a,2025-09-15T08:14:28Z,2,,1bd717f3628844578ebc3fabd852ea5d
spotify:track:5qaxeIJLARExwa34d9TuYp,4a705869f6d84f0584387a24c37b961a,2025-09-15T08:14:28Z,-3,,1bd717f3628844578ebc3fabd852ea5d
spotify:track:47BBI51FKFwOMlIiX6m8ya,4a705869f6d84f0584387a24c37b961a,2025-09-15T08:14:28Z,4,,1bd717f3628844578ebc3fabd852ea5d
spotify:track:3K4HG9evC7dg3N0R9cYqk4,4a705869f6d84f0584387a24c37b961a,2025-09-15T08:14:28Z,2,,1bd717f3628844578ebc3fabd852ea5d
spotify:track:3iDJKJL82KPArsgWQYfgts,4a705869f6d84f0584387a24c37b961a,2025-09-15T08:14:28Z,-1,,1bd717f3628844578ebc3fabd852ea5d
spotify:track:3AjyOYxBv8bByfBtG5o9dP,4a705869f6d84f0584387a24c37b961a,2025-09-15T08:14:28Z,1,,1bd717f3628844578ebc3fabd852ea5d
spotify:track:2VOomzT6VavJOGBeySqaMc,4a705869f6d84f0584387a24c37b961a,2025-09-15T08:14:28Z,1,,1bd717f3628844578ebc3fabd852ea5d
spotify:track:1JURww012QnWAw0zZXi6Aa,4a705869f6d84f0584387a24c37b961a,2025-09-15T08:14:28Z,3,,1bd717f3628844578ebc3fabd852ea5d
spotify:track:11dxtPJKR4E0wlSr0A0t47,4a705869f6d84f0584387a24c37b961a,2025-09-15T08:14:28Z,2,,1bd717f3628844578ebc3fabd852ea5d
spotify:track:0n2SEXB2qoRQg171q7XqeW,4a705869f6d84f0584387a24c37b961a,2025-09-15T08:14:28Z,3,,1bd717f3628844578ebc3fabd852ea5d
spotify:track:00Mb3DuaIH1kjrwOku9CGU,4a705869f6d84f0584387a24c37b961a,2025-09-15T08:14:28Z,4,,1bd717f3628844578ebc3fabd852ea5d
spotify:track:003vvx7Niy0yvhvHt4a68B,4a705869f6d84f0584387a24c37b961a,2025-09-15T08:14:28Z,4,,1bd717f3628844578ebc3fabd852ea5d
spotify:track:6wOYnPq1hPihRepcDClPUw,4a705869f6d84f0584387a24c37b961a,2025-09-15T08:14:28Z,-3,,1bd717f3628844578ebc3fabd852ea5d
spotify:track:6I9VzXrHxO9rA9A5euc8Ak,4a705869f6d84f0584387a24c37b961a,2025-09-15T08:14:28Z,4,,1bd717f3628844578ebc3fabd852ea5d
spotify:track:11dxtPJKR4E0wlSr0A0t47,67ba17e18a3a415abbe4060f1d4e6b77,2025-09-15T23:23:15Z,2,"I never listened to Aly & AJ, I just know them from Cow Belles 😂. But I liked this song and I thinking about them is nostalgic ",1bd717f3628844578ebc3fabd852ea5d
spotify:track:0n2SEXB2qoRQg171q7XqeW,67ba17e18a3a415abbe4060f1d4e6b77,2025-09-15T23:23:15Z,2,"Not my favorite song, but I heard it all the time as a kid so definitely nostalgic",1bd717f3628844578ebc3fabd852ea5d
spotify:track:00Mb3DuaIH1kjrwOku9CGU,67ba17e18a3a415abbe4060f1d4e6b77,2025-09-15T23:23:15Z,5,This was the song I wanted to do!!!!!!!,1bd717f3628844578ebc3fabd852ea5d
spotify:track:003vvx7Niy0yvhvHt4a68B,67ba17e18a3a415abbe4060f1d4e6b77,2025-09-15T23:23:15Z,-3,"I’m sorry, I love this song but personally I didn’t listen to it til highschool so it’s not 2000s nostalgia for me. Plus it’s timeless so I don’t feel like it belongs to any one decade",1bd717f3628844578ebc3fabd852ea5d
spotify:track:66ZcOcouenzZEnzTJvoFmH,67ba17e18a3a415abbe4060f1d4e6b77,2025-09-15T23:23:15Z,2,,1bd717f3628844578ebc3fabd852ea5d
spotify:track:1JURww012QnWAw0zZXi6Aa,67ba17e18a3a415abbe4060f1d4e6b77,2025-09-15T23:23:15Z,3,Quintessential 2000s vibe. ,1bd717f3628844578ebc3fabd852ea5d
spotify:track:2AW37v0bDyuOzGP3XnmFuA,67ba17e18a3a415abbe4060f1d4e6b77,2025-09-15T23:23:15Z,2,Obviously,1bd717f3628844578ebc3fabd852ea5d
spotify:track:2VOomzT6VavJOGBeySqaMc,67ba17e18a3a415abbe4060f1d4e6b77,2025-09-15T23:23:15Z,4,I feel like I heard this song constantly at one point in my life. Now I haven’t heard it in years. Very nostalgic ,1bd717f3628844578ebc3fabd852ea5d
spotify:track:3K4HG9evC7dg3N0R9cYqk4,67ba17e18a3a415abbe4060f1d4e6b77,2025-09-15T23:23:15Z,-3,"I’m just not into Linkin Park, and this is not one of the songs I’ve heard so many times that I now like it",1bd717f3628844578ebc3fabd852ea5d
spotify:track:47BBI51FKFwOMlIiX6m8ya,67ba17e18a3a415abbe4060f1d4e6b77,2025-09-15T23:23:15Z,2,No nostalgic playlist would be complete without,1bd717f3628844578ebc3fabd852ea5d
spotify:track:4e9eGQYsOiBcftrWXwsVco,67ba17e18a3a415abbe4060f1d4e6b77,2025-09-15T23:23:15Z,-2,I don’t know this song so not personally nostalgic for me. I wouldn’t downvote if I didn’t have to,1bd717f3628844578ebc3fabd852ea5d
spotify:track:5qaxeIJLARExwa34d9TuYp,67ba17e18a3a415abbe4060f1d4e6b77,2025-09-15T23:23:15Z,-2,I never listened to Vanessa Hudgens outside of high school musical so not my fav and not nostalgic for me personally,1bd717f3628844578ebc3fabd852ea5d
spotify:track:6I9VzXrHxO9rA9A5euc8Ak,67ba17e18a3a415abbe4060f1d4e6b77,2025-09-15T23:23:15Z,3,Also thought of putting this song! Obviously nostalgic! ,1bd717f3628844578ebc3fabd852ea5d
spotify:track:6jyXQ8HGI7ikECGA0670uo,67ba17e18a3a415abbe4060f1d4e6b77,2025-09-15T23:23:15Z,5,My best camp friend and I used to sing this song before every show we did for good luck. Unbeatable nostalgia ,1bd717f3628844578ebc3fabd852ea5d
spotify:track:3AjyOYxBv8bByfBtG5o9dP,d332f483f6794cb7b5e19a4df770f1ac,2025-09-17T19:43:31Z,3,SO BABY,1bd717f3628844578ebc3fabd852ea5d
spotify:track:6jyXQ8HGI7ikECGA0670uo,d332f483f6794cb7b5e19a4df770f1ac,2025-09-17T19:43:31Z,-1,i love sharpay i do …. ,1bd717f3628844578ebc3fabd852ea5d
spotify:track:6I9VzXrHxO9rA9A5euc8Ak,d332f483f6794cb7b5e19a4df770f1ac,2025-09-17T19:43:31Z,4,,1bd717f3628844578ebc3fabd852ea5d
spotify:track:66ZcOcouenzZEnzTJvoFmH,d332f483f6794cb7b5e19a4df770f1ac,2025-09-17T19:43:31Z,5,,1bd717f3628844578ebc3fabd852ea5d
spotify:track:5qaxeIJLARExwa34d9TuYp,d332f483f6794cb7b5e19a4df770f1ac,2025-09-17T19:43:31Z,-1,,1bd717f3628844578ebc3fabd852ea5d
spotify:track:4e9eGQYsOiBcftrWXwsVco,d332f483f6794cb7b5e19a4df770f1ac,2025-09-17T19:43:31Z,-1,,1bd717f3628844578ebc3fabd852ea5d
spotify:track:47BBI51FKFwOMlIiX6m8ya,d332f483f6794cb7b5e19a4df770f1ac,2025-09-17T19:43:31Z,1,,1bd717f3628844578ebc3fabd852ea5d
spotify:track:3K4HG9evC7dg3N0R9cYqk4,d332f483f6794cb7b5e19a4df770f1ac,2025-09-17T19:43:31Z,3,,1bd717f3628844578ebc3fabd852ea5d
spotify:track:3iDJKJL82KPArsgWQYfgts,d332f483f6794cb7b5e19a4df770f1ac,2025-09-17T19:43:31Z,-2,,1bd717f3628844578ebc3fabd852ea5d
spotify:track:2VOomzT6VavJOGBeySqaMc,d332f483f6794cb7b5e19a4df770f1ac,2025-09-17T19:43:31Z,-1,one of my teachers had this as her ringtone in elementary school,1bd717f3628844578ebc3fabd852ea5d
spotify:track:2AW37v0bDyuOzGP3XnmFuA,d332f483f6794cb7b5e19a4df770f1ac,2025-09-17T19:43:31Z,-2,,1bd717f3628844578ebc3fabd852ea5d
spotify:track:1JURww012QnWAw0zZXi6Aa,d332f483f6794cb7b5e19a4df770f1ac,2025-09-17T19:43:31Z,1,,1bd717f3628844578ebc3fabd852ea5d
spotify:track:11dxtPJKR4E0wlSr0A0t47,d332f483f6794cb7b5e19a4df770f1ac,2025-09-17T19:43:31Z,3,i used to watch the music video on my mint green ipod nano,1bd717f3628844578ebc3fabd852ea5d
spotify:track:0n2SEXB2qoRQg171q7XqeW,d332f483f6794cb7b5e19a4df770f1ac,2025-09-17T19:43:31Z,-2,,1bd717f3628844578ebc3fabd852ea5d
spotify:track:00Mb3DuaIH1kjrwOku9CGU,d332f483f6794cb7b5e19a4df770f1ac,2025-09-17T19:43:31Z,5,i remember hearing this for the first time on kids bop <3,1bd717f3628844578ebc3fabd852ea5d
spotify:track:003vvx7Niy0yvhvHt4a68B,d332f483f6794cb7b5e19a4df770f1ac,2025-09-17T19:43:31Z,5,the song continues to be ahead of its time,1bd717f3628844578ebc3fabd852ea5d
spotify:track:00Mb3DuaIH1kjrwOku9CGU,37a75c8d587f4075b2d0640f244d891c,2025-09-18T19:36:17Z,4,Avril was always in my cd player ,1bd717f3628844578ebc3fabd852ea5d
spotify:track:5qaxeIJLARExwa34d9TuYp,37a75c8d587f4075b2d0640f244d891c,2025-09-18T19:36:17Z,2,Love my messy queen ,1bd717f3628844578ebc3fabd852ea5d
spotify:track:4e9eGQYsOiBcftrWXwsVco,37a75c8d587f4075b2d0640f244d891c,2025-09-18T19:36:17Z,-2,Love SOAD… only downvoted because it wasn’t in my cd player ,1bd717f3628844578ebc3fabd852ea5d
spotify:track:47BBI51FKFwOMlIiX6m8ya,37a75c8d587f4075b2d0640f244d891c,2025-09-18T19:36:17Z,-2,Love this one but I was too young to listen to it in that era 🤪,1bd717f3628844578ebc3fabd852ea5d
spotify:track:3K4HG9evC7dg3N0R9cYqk4,37a75c8d587f4075b2d0640f244d891c,2025-09-18T19:36:17Z,-2,This is a BOP…. But not from my 2000s childhood ,1bd717f3628844578ebc3fabd852ea5d
spotify:track:3iDJKJL82KPArsgWQYfgts,37a75c8d587f4075b2d0640f244d891c,2025-09-18T19:36:17Z,2,Love this album!!! This song isn’t my top from it though 🫢,1bd717f3628844578ebc3fabd852ea5d
spotify:track:3AjyOYxBv8bByfBtG5o9dP,37a75c8d587f4075b2d0640f244d891c,2025-09-18T19:36:17Z,5,Words can’t describe what this album did for me ,1bd717f3628844578ebc3fabd852ea5d
spotify:track:2VOomzT6VavJOGBeySqaMc,37a75c8d587f4075b2d0640f244d891c,2025-09-18T19:36:17Z,2,This album fuled my 5th grade sleepover ,1bd717f3628844578ebc3fabd852ea5d
spotify:track:2AW37v0bDyuOzGP3XnmFuA,37a75c8d587f4075b2d0640f244d891c,2025-09-18T19:36:17Z,-1,Not my fav *NSYNC song and a little before my time ,1bd717f3628844578ebc3fabd852ea5d
spotify:track:1JURww012QnWAw0zZXi6Aa,37a75c8d587f4075b2d0640f244d891c,2025-09-18T19:36:17Z,5,"Thank you radio Disney for this bop 

Extra votes for being a hidden gem this round ",1bd717f3628844578ebc3fabd852ea5d
spotify:track:11dxtPJKR4E0wlSr0A0t47,37a75c8d587f4075b2d0640f244d891c,2025-09-18T19:36:17Z,3,It was her birthday!!!!!!,1bd717f3628844578ebc3fabd852ea5d
spotify:track:0n2SEXB2qoRQg171q7XqeW,37a75c8d587f4075b2d0640f244d891c,2025-09-18T19:36:17Z,-3,I HAD to use downvotes and this is my least fav sorry 🫣,1bd717f3628844578ebc3fabd852ea5d
spotify:track:003vvx7Niy0yvhvHt4a68B,37a75c8d587f4075b2d0640f244d891c,2025-09-18T19:36:17Z,1,Certified hood classic ,1bd717f3628844578ebc3fabd852ea5d
spotify:track:6wOYnPq1hPihRepcDClPUw,37a75c8d587f4075b2d0640f244d891c,2025-09-18T19:36:17Z,2,Middle school banger 🚨,1bd717f3628844578ebc3fabd852ea5d
spotify:track:6I9VzXrHxO9rA9A5euc8Ak,37a75c8d587f4075b2d0640f244d891c,2025-09-18T19:36:17Z,2,She is that bitch ,1bd717f3628844578ebc3fabd852ea5d
spotify:track:66ZcOcouenzZEnzTJvoFmH,37a75c8d587f4075b2d0640f244d891c,2025-09-18T19:36:17Z,2,My mom & I always sang this one together ,1bd717f3628844578ebc3fabd852ea5d
spotify:track:6wOYnPq1hPihRepcDClPUw,09d7b2211f8d45b9a19b66c646fff9df,2025-09-19T01:54:06Z,3,,1bd717f3628844578ebc3fabd852ea5d
spotify:track:6jyXQ8HGI7ikECGA0670uo,09d7b2211f8d45b9a19b66c646fff9df,2025-09-19T01:54:06Z,1,,1bd717f3628844578ebc3fabd852ea5d
spotify:track:6I9VzXrHxO9rA9A5euc8Ak,09d7b2211f8d45b9a19b66c646fff9df,2025-09-19T01:54:06Z,3,,1bd717f3628844578ebc3fabd852ea5d
spotify:track:66ZcOcouenzZEnzTJvoFmH,09d7b2211f8d45b9a19b66c646fff9df,2025-09-19T01:54:06Z,3,,1bd717f3628844578ebc3fabd852ea5d
spotify:track:5qaxeIJLARExwa34d9TuYp,09d7b2211f8d45b9a19b66c646fff9df,2025-09-19T01:54:06Z,5,,1bd717f3628844578ebc3fabd852ea5d
spotify:track:4e9eGQYsOiBcftrWXwsVco,09d7b2211f8d45b9a19b66c646fff9df,2025-09-19T01:54:06Z,-3,,1bd717f3628844578ebc3fabd852ea5d
spotify:track:3K4HG9evC7dg3N0R9cYqk4,09d7b2211f8d45b9a19b66c646fff9df,2025-09-19T01:54:06Z,-3,,1bd717f3628844578ebc3fabd852ea5d
spotify:track:3iDJKJL82KPArsgWQYfgts,09d7b2211f8d45b9a19b66c646fff9df,2025-09-19T01:54:06Z,-1,,1bd717f3628844578ebc3fabd852ea5d
spotify:track:3AjyOYxBv8bByfBtG5o9dP,09d7b2211f8d45b9a19b66c646fff9df,2025-09-19T01:54:06Z,5,,1bd717f3628844578ebc3fabd852ea5d
spotify:track:2VOomzT6VavJOGBeySqaMc,09d7b2211f8d45b9a19b66c646fff9df,2025-09-19T01:54:06Z,5,,1bd717f3628844578ebc3fabd852ea5d
spotify:track:1JURww012QnWAw0zZXi6Aa,09d7b2211f8d45b9a19b66c646fff9df,2025-09-19T01:54:06Z,-3,,1bd717f3628844578ebc3fabd852ea5d
spotify:track:00Mb3DuaIH1kjrwOku9CGU,09d7b2211f8d45b9a19b66c646fff9df,2025-09-19T01:54:06Z,5,,1bd717f3628844578ebc3fabd852ea5d
spotify:track:0n2SEXB2qoRQg171q7XqeW,4f168741900f4f19979a06dcbd50e408,2025-09-19T03:02:05Z,5,Honestly such a fucking banger ,1bd717f3628844578ebc3fabd852ea5d
spotify:track:6wOYnPq1hPihRepcDClPUw,4f168741900f4f19979a06dcbd50e408,2025-09-19T03:02:05Z,2,Ughhhhh yes ,1bd717f3628844578ebc3fabd852ea5d
spotify:track:6jyXQ8HGI7ikECGA0670uo,4f168741900f4f19979a06dcbd50e408,2025-09-19T03:02:05Z,-3,Overrated sorry,1bd717f3628844578ebc3fabd852ea5d
spotify:track:6I9VzXrHxO9rA9A5euc8Ak,4f168741900f4f19979a06dcbd50e408,2025-09-19T03:02:05Z,2,,1bd717f3628844578ebc3fabd852ea5d
spotify:track:66ZcOcouenzZEnzTJvoFmH,4f168741900f4f19979a06dcbd50e408,2025-09-19T03:02:05Z,4,WEEEE WOOOOO,1bd717f3628844578ebc3fabd852ea5d
spotify:track:5qaxeIJLARExwa34d9TuYp,4f168741900f4f19979a06dcbd50e408,2025-09-19T03:02:05Z,3,This was my recital dance when I was in middle school ,1bd717f3628844578ebc3fabd852ea5d
spotify:track:4e9eGQYsOiBcftrWXwsVco,4f168741900f4f19979a06dcbd50e408,2025-09-19T03:02:05Z,-1,,1bd717f3628844578ebc3fabd852ea5d
spotify:track:47BBI51FKFwOMlIiX6m8ya,4f168741900f4f19979a06dcbd50e408,2025-09-19T03:02:05Z,4,Yup ,1bd717f3628844578ebc3fabd852ea5d
spotify:track:3iDJKJL82KPArsgWQYfgts,4f168741900f4f19979a06dcbd50e408,2025-09-19T03:02:05Z,-3,Not the Ashley song I would’ve picked!! ,1bd717f3628844578ebc3fabd852ea5d
spotify:track:3AjyOYxBv8bByfBtG5o9dP,4f168741900f4f19979a06dcbd50e408,2025-09-19T03:02:05Z,3,I was trying to submit this. ,1bd717f3628844578ebc3fabd852ea5d
spotify:track:2AW37v0bDyuOzGP3XnmFuA,4f168741900f4f19979a06dcbd50e408,2025-09-19T03:02:05Z,-3,BYE BYE BYE WAS RIGHT THERE….,1bd717f3628844578ebc3fabd852ea5d
spotify:track:1JURww012QnWAw0zZXi6Aa,4f168741900f4f19979a06dcbd50e408,2025-09-19T03:02:05Z,2,,1bd717f3628844578ebc3fabd852ea5d
spotify:track:003vvx7Niy0yvhvHt4a68B,4f168741900f4f19979a06dcbd50e408,2025-09-19T03:02:05Z,1,,1bd717f3628844578ebc3fabd852ea5d
spotify:track:00Mb3DuaIH1kjrwOku9CGU,4f168741900f4f19979a06dcbd50e408,2025-09-19T03:02:05Z,1,,1bd717f3628844578ebc3fabd852ea5d
spotify:track:11dxtPJKR4E0wlSr0A0t47,4f168741900f4f19979a06dcbd50e408,2025-09-19T03:02:05Z,3,"NOW ALL I WANT 
IS JUST MY SHIT BACK",1bd717f3628844578ebc3fabd852ea5d
spotify:track:0n2SEXB2qoRQg171q7XqeW,78e7775bd32b4b4ebaf5be442a27e180,2025-09-19T05:04:41Z,3,Very nostalgic for this white boy that loves Santana ,1bd717f3628844578ebc3fabd852ea5d
spotify:track:00Mb3DuaIH1kjrwOku9CGU,78e7775bd32b4b4ebaf5be442a27e180,2025-09-19T05:04:41Z,1,Honestly… not as nostalgic for me personally but I love Avril ,1bd717f3628844578ebc3fabd852ea5d
spotify:track:6wOYnPq1hPihRepcDClPUw,78e7775bd32b4b4ebaf5be442a27e180,2025-09-19T05:04:41Z,-2,I ask why no boom boom pow and that makes me boo boo sad. But love my peas with black eyes and I have to downvote something! Sorry!,1bd717f3628844578ebc3fabd852ea5d
spotify:track:003vvx7Niy0yvhvHt4a68B,78e7775bd32b4b4ebaf5be442a27e180,2025-09-19T05:04:41Z,1,A classic. Can’t argue ,1bd717f3628844578ebc3fabd852ea5d
spotify:track:6jyXQ8HGI7ikECGA0670uo,78e7775bd32b4b4ebaf5be442a27e180,2025-09-19T05:04:41Z,2,Personally idk how you can’t choose I can’t dance from this movie but yes very nostalgic ,1bd717f3628844578ebc3fabd852ea5d
spotify:track:6I9VzXrHxO9rA9A5euc8Ak,78e7775bd32b4b4ebaf5be442a27e180,2025-09-19T05:04:41Z,5,Classic and I think couldn’t fit the category better ,1bd717f3628844578ebc3fabd852ea5d
spotify:track:5qaxeIJLARExwa34d9TuYp,78e7775bd32b4b4ebaf5be442a27e180,2025-09-19T05:04:41Z,4,Didn’t know this song… but love it! Basically what I’m gonna do is dance ,1bd717f3628844578ebc3fabd852ea5d
spotify:track:4e9eGQYsOiBcftrWXwsVco,78e7775bd32b4b4ebaf5be442a27e180,2025-09-19T05:04:41Z,3,This song makes me float so I have to give it love,1bd717f3628844578ebc3fabd852ea5d
spotify:track:47BBI51FKFwOMlIiX6m8ya,78e7775bd32b4b4ebaf5be442a27e180,2025-09-19T05:04:41Z,-2,A classic… but this is technically 90s and it’s a hard category to downvote… so I have to. Sorry! ,1bd717f3628844578ebc3fabd852ea5d
spotify:track:3K4HG9evC7dg3N0R9cYqk4,78e7775bd32b4b4ebaf5be442a27e180,2025-09-19T05:04:41Z,2,On my “I struck out in little league” playlist. So I have to give it some love ,1bd717f3628844578ebc3fabd852ea5d
spotify:track:3iDJKJL82KPArsgWQYfgts,78e7775bd32b4b4ebaf5be442a27e180,2025-09-19T05:04:41Z,-2,Didn’t know this song and it’s solid. But the… bass line??? gave me a headache and it’s hard to downvote this week. Sorry!!,1bd717f3628844578ebc3fabd852ea5d
spotify:track:3AjyOYxBv8bByfBtG5o9dP,78e7775bd32b4b4ebaf5be442a27e180,2025-09-19T05:04:41Z,1,I’m realizing there’s a lot of Disney nostalgia that I was not aware of … but I do know the chorus kinda. Solid!,1bd717f3628844578ebc3fabd852ea5d
spotify:track:2VOomzT6VavJOGBeySqaMc,78e7775bd32b4b4ebaf5be442a27e180,2025-09-19T05:04:41Z,5,Literally can envision this on my iPod nano so YES,1bd717f3628844578ebc3fabd852ea5d
spotify:track:2AW37v0bDyuOzGP3XnmFuA,78e7775bd32b4b4ebaf5be442a27e180,2025-09-19T05:04:41Z,-2,Solid but I do have to downvote and … this is less nostalgic for me personally even though the hand movement is iconic ,1bd717f3628844578ebc3fabd852ea5d
spotify:track:1JURww012QnWAw0zZXi6Aa,78e7775bd32b4b4ebaf5be442a27e180,2025-09-19T05:04:41Z,3,Not a part of my personal nostalgia but I loved it!!,1bd717f3628844578ebc3fabd852ea5d
spotify:track:11dxtPJKR4E0wlSr0A0t47,78e7775bd32b4b4ebaf5be442a27e180,2025-09-19T05:04:41Z,-2,Not my preference for nostalgia and it’s hard to downvote this week! I’m sorry!,1bd717f3628844578ebc3fabd852ea5d
spotify:track:6jyXQ8HGI7ikECGA0670uo,78ae828b8faa43b69625e1d3cb1f173a,2025-09-19T17:54:52Z,2,,1bd717f3628844578ebc3fabd852ea5d
spotify:track:003vvx7Niy0yvhvHt4a68B,78ae828b8faa43b69625e1d3cb1f173a,2025-09-19T17:54:52Z,4,,1bd717f3628844578ebc3fabd852ea5d
spotify:track:0n2SEXB2qoRQg171q7XqeW,78ae828b8faa43b69625e1d3cb1f173a,2025-09-19T17:54:52Z,2,,1bd717f3628844578ebc3fabd852ea5d
spotify:track:11dxtPJKR4E0wlSr0A0t47,78ae828b8faa43b69625e1d3cb1f173a,2025-09-19T17:54:52Z,-1,,1bd717f3628844578ebc3fabd852ea5d
spotify:track:1JURww012QnWAw0zZXi6Aa,78ae828b8faa43b69625e1d3cb1f173a,2025-09-19T17:54:52Z,-2,,1bd717f3628844578ebc3fabd852ea5d
spotify:track:2AW37v0bDyuOzGP3XnmFuA,78ae828b8faa43b69625e1d3cb1f173a,2025-09-19T17:54:52Z,1,,1bd717f3628844578ebc3fabd852ea5d
spotify:track:2VOomzT6VavJOGBeySqaMc,78ae828b8faa43b69625e1d3cb1f173a,2025-09-19T17:54:52Z,2,,1bd717f3628844578ebc3fabd852ea5d
spotify:track:3AjyOYxBv8bByfBtG5o9dP,78ae828b8faa43b69625e1d3cb1f173a,2025-09-19T17:54:52Z,-1,,1bd717f3628844578ebc3fabd852ea5d
spotify:track:3iDJKJL82KPArsgWQYfgts,78ae828b8faa43b69625e1d3cb1f173a,2025-09-19T17:54:52Z,-3,,1bd717f3628844578ebc3fabd852ea5d
spotify:track:3K4HG9evC7dg3N0R9cYqk4,78ae828b8faa43b69625e1d3cb1f173a,2025-09-19T17:54:52Z,3,,1bd717f3628844578ebc3fabd852ea5d
spotify:track:47BBI51FKFwOMlIiX6m8ya,78ae828b8faa43b69625e1d3cb1f173a,2025-09-19T17:54:52Z,1,,1bd717f3628844578ebc3fabd852ea5d
spotify:track:4e9eGQYsOiBcftrWXwsVco,78ae828b8faa43b69625e1d3cb1f173a,2025-09-19T17:54:52Z,5,,1bd717f3628844578ebc3fabd852ea5d
spotify:track:5qaxeIJLARExwa34d9TuYp,78ae828b8faa43b69625e1d3cb1f173a,2025-09-19T17:54:52Z,-3,,1bd717f3628844578ebc3fabd852ea5d
spotify:track:66ZcOcouenzZEnzTJvoFmH,78ae828b8faa43b69625e1d3cb1f173a,2025-09-19T17:54:52Z,4,,1bd717f3628844578ebc3fabd852ea5d
spotify:track:6I9VzXrHxO9rA9A5euc8Ak,78ae828b8faa43b69625e1d3cb1f173a,2025-09-19T17:54:52Z,2,,1bd717f3628844578ebc3fabd852ea5d
spotify:track:6wOYnPq1hPihRepcDClPUw,78ae828b8faa43b69625e1d3cb1f173a,2025-09-19T17:54:52Z,4,,1bd717f3628844578ebc3fabd852ea5d
spotify:track:2VOomzT6VavJOGBeySqaMc,bb9998daa35440aea3b29123cc71985c,2025-09-19T17:56:19Z,-1,,1bd717f3628844578ebc3fabd852ea5d
spotify:track:66ZcOcouenzZEnzTJvoFmH,bb9998daa35440aea3b29123cc71985c,2025-09-19T17:56:19Z,5,,1bd717f3628844578ebc3fabd852ea5d
spotify:track:6I9VzXrHxO9rA9A5euc8Ak,bb9998daa35440aea3b29123cc71985c,2025-09-19T17:56:19Z,2,,1bd717f3628844578ebc3fabd852ea5d
spotify:track:6jyXQ8HGI7ikECGA0670uo,bb9998daa35440aea3b29123cc71985c,2025-09-19T17:56:19Z,-1,,1bd717f3628844578ebc3fabd852ea5d
spotify:track:6wOYnPq1hPihRepcDClPUw,bb9998daa35440aea3b29123cc71985c,2025-09-19T17:56:19Z,5,The black eyed peas were my favvvv,1bd717f3628844578ebc3fabd852ea5d
spotify:track:003vvx7Niy0yvhvHt4a68B,bb9998daa35440aea3b29123cc71985c,2025-09-19T17:56:19Z,2,,1bd717f3628844578ebc3fabd852ea5d
spotify:track:00Mb3DuaIH1kjrwOku9CGU,bb9998daa35440aea3b29123cc71985c,2025-09-19T17:56:19Z,5,,1bd717f3628844578ebc3fabd852ea5d
spotify:track:0n2SEXB2qoRQg171q7XqeW,bb9998daa35440aea3b29123cc71985c,2025-09-19T17:56:19Z,-2,,1bd717f3628844578ebc3fabd852ea5d
spotify:track:11dxtPJKR4E0wlSr0A0t47,bb9998daa35440aea3b29123cc71985c,2025-09-19T17:56:19Z,5,,1bd717f3628844578ebc3fabd852ea5d
spotify:track:2AW37v0bDyuOzGP3XnmFuA,bb9998daa35440aea3b29123cc71985c,2025-09-19T17:56:19Z,2,,1bd717f3628844578ebc3fabd852ea5d
spotify:track:5qaxeIJLARExwa34d9TuYp,bb9998daa35440aea3b29123cc71985c,2025-09-19T17:56:19Z,3,,1bd717f3628844578ebc3fabd852ea5d
spotify:track:4e9eGQYsOiBcftrWXwsVco,bb9998daa35440aea3b29123cc71985c,2025-09-19T17:56:19Z,-1,,1bd717f3628844578ebc3fabd852ea5d
spotify:track:47BBI51FKFwOMlIiX6m8ya,bb9998daa35440aea3b29123cc71985c,2025-09-19T17:56:19Z,1,,1bd717f3628844578ebc3fabd852ea5d
spotify:track:3K4HG9evC7dg3N0R9cYqk4,bb9998daa35440aea3b29123cc71985c,2025-09-19T17:56:19Z,-3,Me and LP have beef,1bd717f3628844578ebc3fabd852ea5d
spotify:track:3iDJKJL82KPArsgWQYfgts,bb9998daa35440aea3b29123cc71985c,2025-09-19T17:56:19Z,-1,,1bd717f3628844578ebc3fabd852ea5d
spotify:track:3AjyOYxBv8bByfBtG5o9dP,bb9998daa35440aea3b29123cc71985c,2025-09-19T17:56:19Z,-1,,1bd717f3628844578ebc3fabd852ea5d
spotify:track:00Mb3DuaIH1kjrwOku9CGU,01d0fcb93151477b842d0ee8fe6510e3,2025-09-19T22:25:14Z,2,This was blasted on my princess radio ,1bd717f3628844578ebc3fabd852ea5d
spotify:track:6wOYnPq1hPihRepcDClPUw,01d0fcb93151477b842d0ee8fe6510e3,2025-09-19T22:25:14Z,-2,Picking this song out of the entire catalog just doesn’t seem right,1bd717f3628844578ebc3fabd852ea5d
spotify:track:6jyXQ8HGI7ikECGA0670uo,01d0fcb93151477b842d0ee8fe6510e3,2025-09-19T22:25:14Z,2,High school musical 2 is the best of the trilogy ,1bd717f3628844578ebc3fabd852ea5d
spotify:track:66ZcOcouenzZEnzTJvoFmH,01d0fcb93151477b842d0ee8fe6510e3,2025-09-19T22:25:14Z,-1,Yes but I’m sad she’s a creep now :(,1bd717f3628844578ebc3fabd852ea5d
spotify:track:5qaxeIJLARExwa34d9TuYp,01d0fcb93151477b842d0ee8fe6510e3,2025-09-19T22:25:14Z,-1,,1bd717f3628844578ebc3fabd852ea5d
spotify:track:4e9eGQYsOiBcftrWXwsVco,01d0fcb93151477b842d0ee8fe6510e3,2025-09-19T22:25:14Z,5,TAKE ME HOME SURGE,1bd717f3628844578ebc3fabd852ea5d
spotify:track:47BBI51FKFwOMlIiX6m8ya,01d0fcb93151477b842d0ee8fe6510e3,2025-09-19T22:25:14Z,-1,One direction could do it better,1bd717f3628844578ebc3fabd852ea5d
spotify:track:3K4HG9evC7dg3N0R9cYqk4,01d0fcb93151477b842d0ee8fe6510e3,2025-09-19T22:25:14Z,4,Well yes,1bd717f3628844578ebc3fabd852ea5d
spotify:track:3iDJKJL82KPArsgWQYfgts,01d0fcb93151477b842d0ee8fe6510e3,2025-09-19T22:25:14Z,1,,1bd717f3628844578ebc3fabd852ea5d
spotify:track:3AjyOYxBv8bByfBtG5o9dP,01d0fcb93151477b842d0ee8fe6510e3,2025-09-19T22:25:14Z,4,YES,1bd717f3628844578ebc3fabd852ea5d
spotify:track:2VOomzT6VavJOGBeySqaMc,01d0fcb93151477b842d0ee8fe6510e3,2025-09-19T22:25:14Z,3,Happy Halloween ,1bd717f3628844578ebc3fabd852ea5d
spotify:track:2AW37v0bDyuOzGP3XnmFuA,01d0fcb93151477b842d0ee8fe6510e3,2025-09-19T22:25:14Z,-2,One direction could do it better,1bd717f3628844578ebc3fabd852ea5d
spotify:track:1JURww012QnWAw0zZXi6Aa,01d0fcb93151477b842d0ee8fe6510e3,2025-09-19T22:25:14Z,3,CLICK 5 MENTIONED,1bd717f3628844578ebc3fabd852ea5d
spotify:track:11dxtPJKR4E0wlSr0A0t47,01d0fcb93151477b842d0ee8fe6510e3,2025-09-19T22:25:14Z,4,HELL YEa,1bd717f3628844578ebc3fabd852ea5d
spotify:track:0n2SEXB2qoRQg171q7XqeW,01d0fcb93151477b842d0ee8fe6510e3,2025-09-19T22:25:14Z,2,😛,1bd717f3628844578ebc3fabd852ea5d
spotify:track:003vvx7Niy0yvhvHt4a68B,01d0fcb93151477b842d0ee8fe6510e3,2025-09-19T22:25:14Z,-3,"Every time I hear this song, I lose 3 months off my life",1bd717f3628844578ebc3fabd852ea5d
spotify:track:47BBI51FKFwOMlIiX6m8ya,de798b3b84024cd6bf18356ecbc8d1a5,2025-09-19T22:47:37Z,3,TELL ME WHY,1bd717f3628844578ebc3fabd852ea5d
spotify:track:3K4HG9evC7dg3N0R9cYqk4,de798b3b84024cd6bf18356ecbc8d1a5,2025-09-19T22:47:37Z,-3,I do not know this Linkin Park song so unfortunately this one does not bring any nostalgia to me,1bd717f3628844578ebc3fabd852ea5d
spotify:track:3iDJKJL82KPArsgWQYfgts,de798b3b84024cd6bf18356ecbc8d1a5,2025-09-19T22:47:37Z,-2,"I only knew about Ashley tisdale songs this year because of Shane, so unfortunately I don’t get any nostalgia from this song 😭",1bd717f3628844578ebc3fabd852ea5d
spotify:track:3AjyOYxBv8bByfBtG5o9dP,de798b3b84024cd6bf18356ecbc8d1a5,2025-09-19T22:47:37Z,3,This is such an iconic Miley song,1bd717f3628844578ebc3fabd852ea5d
spotify:track:2VOomzT6VavJOGBeySqaMc,de798b3b84024cd6bf18356ecbc8d1a5,2025-09-19T22:47:37Z,4,Ngl this is my all time favorite Rihanna song. Not to mention the music video EATS!,1bd717f3628844578ebc3fabd852ea5d
spotify:track:2AW37v0bDyuOzGP3XnmFuA,de798b3b84024cd6bf18356ecbc8d1a5,2025-09-19T22:47:37Z,4,Two *NSYNC songs in one round!,1bd717f3628844578ebc3fabd852ea5d
spotify:track:1JURww012QnWAw0zZXi6Aa,de798b3b84024cd6bf18356ecbc8d1a5,2025-09-19T22:47:37Z,-2,"Unfortunately, this one does not trigger any nostalgia for me although I do know this song.",1bd717f3628844578ebc3fabd852ea5d
spotify:track:11dxtPJKR4E0wlSr0A0t47,de798b3b84024cd6bf18356ecbc8d1a5,2025-09-19T22:47:37Z,2,"I like this song, I also came a little too late to the Aly & AJ train",1bd717f3628844578ebc3fabd852ea5d
spotify:track:0n2SEXB2qoRQg171q7XqeW,de798b3b84024cd6bf18356ecbc8d1a5,2025-09-19T22:47:37Z,1,I like this one! That’s all I can really say lol,1bd717f3628844578ebc3fabd852ea5d
spotify:track:00Mb3DuaIH1kjrwOku9CGU,de798b3b84024cd6bf18356ecbc8d1a5,2025-09-19T22:47:37Z,3,Avril on top,1bd717f3628844578ebc3fabd852ea5d
spotify:track:4e9eGQYsOiBcftrWXwsVco,de798b3b84024cd6bf18356ecbc8d1a5,2025-09-19T22:47:37Z,-3,I think this song is eh and I haven’t heard of this prior so no nostalgia for me,1bd717f3628844578ebc3fabd852ea5d
spotify:track:5qaxeIJLARExwa34d9TuYp,de798b3b84024cd6bf18356ecbc8d1a5,2025-09-19T22:47:37Z,2,BASICALLY WHAT WE’RE GONNA DO IS DANCE what is UP with these chords it’s so weird I love it,1bd717f3628844578ebc3fabd852ea5d
spotify:track:66ZcOcouenzZEnzTJvoFmH,de798b3b84024cd6bf18356ecbc8d1a5,2025-09-19T22:47:37Z,3,Omg how did I forget this song?? 😭 this literally did bring me back so thumbs up,1bd717f3628844578ebc3fabd852ea5d
spotify:track:6I9VzXrHxO9rA9A5euc8Ak,de798b3b84024cd6bf18356ecbc8d1a5,2025-09-19T22:47:37Z,4,This is a top tier pop song I’m so glad she’s a free woman.,1bd717f3628844578ebc3fabd852ea5d
spotify:track:6jyXQ8HGI7ikECGA0670uo,de798b3b84024cd6bf18356ecbc8d1a5,2025-09-19T22:47:37Z,0,(Don’t hurt me pls) … I’ve never seen HSM 😖 but I have heard this song so I’m gonna just leave this be….,1bd717f3628844578ebc3fabd852ea5d
spotify:track:6wOYnPq1hPihRepcDClPUw,de798b3b84024cd6bf18356ecbc8d1a5,2025-09-19T22:47:37Z,1,I will give you a thumbs up because it’s black eyed peas but NO I GOTTA FEELING OR BOOM BOOM POW?!!,1bd717f3628844578ebc3fabd852ea5d
spotify:track:3K4HG9evC7dg3N0R9cYqk4,cad5f43ca24d41e49a7b941d99009666,2025-09-20T01:59:32Z,-2,,1bd717f3628844578ebc3fabd852ea5d
spotify:track:00Mb3DuaIH1kjrwOku9CGU,cad5f43ca24d41e49a7b941d99009666,2025-09-20T01:59:32Z,5,,1bd717f3628844578ebc3fabd852ea5d
spotify:track:11dxtPJKR4E0wlSr0A0t47,cad5f43ca24d41e49a7b941d99009666,2025-09-20T01:59:32Z,3,,1bd717f3628844578ebc3fabd852ea5d
spotify:track:2VOomzT6VavJOGBeySqaMc,cad5f43ca24d41e49a7b941d99009666,2025-09-20T01:59:32Z,5,,1bd717f3628844578ebc3fabd852ea5d
spotify:track:3AjyOYxBv8bByfBtG5o9dP,cad5f43ca24d41e49a7b941d99009666,2025-09-20T01:59:32Z,5,,1bd717f3628844578ebc3fabd852ea5d
spotify:track:3iDJKJL82KPArsgWQYfgts,cad5f43ca24d41e49a7b941d99009666,2025-09-20T01:59:32Z,-2,,1bd717f3628844578ebc3fabd852ea5d
spotify:track:6wOYnPq1hPihRepcDClPUw,cad5f43ca24d41e49a7b941d99009666,2025-09-20T01:59:32Z,-2,,1bd717f3628844578ebc3fabd852ea5d
spotify:track:6jyXQ8HGI7ikECGA0670uo,cad5f43ca24d41e49a7b941d99009666,2025-09-20T01:59:32Z,5,,1bd717f3628844578ebc3fabd852ea5d
spotify:track:6I9VzXrHxO9rA9A5euc8Ak,cad5f43ca24d41e49a7b941d99009666,2025-09-20T01:59:32Z,5,,1bd717f3628844578ebc3fabd852ea5d
spotify:track:66ZcOcouenzZEnzTJvoFmH,cad5f43ca24d41e49a7b941d99009666,2025-09-20T01:59:32Z,-2,,1bd717f3628844578ebc3fabd852ea5d
spotify:track:4e9eGQYsOiBcftrWXwsVco,cad5f43ca24d41e49a7b941d99009666,2025-09-20T01:59:32Z,-2,,1bd717f3628844578ebc3fabd852ea5d
spotify:track:47BBI51FKFwOMlIiX6m8ya,cad5f43ca24d41e49a7b941d99009666,2025-09-20T01:59:32Z,2,,1bd717f3628844578ebc3fabd852ea5d
spotify:track:003vvx7Niy0yvhvHt4a68B,2a199944cf5a418ba77e17380f808df7,2025-09-20T02:50:46Z,0,A classic! I enjoy this one. (Theme: 5/5 | Personal: 3.5/5) +1 Nostalgia Points,1bd717f3628844578ebc3fabd852ea5d
spotify:track:00Mb3DuaIH1kjrwOku9CGU,2a199944cf5a418ba77e17380f808df7,2025-09-20T02:50:46Z,3,I was obsessed with Avril & this song when I was younger... she was the moment! I adore this song and this is one of the greatest albums of all time! (Theme: 5/5 | Personal: 5/5) +2 Nostalgia Points,1bd717f3628844578ebc3fabd852ea5d
spotify:track:0n2SEXB2qoRQg171q7XqeW,2a199944cf5a418ba77e17380f808df7,2025-09-20T02:50:46Z,-3,I love this song but I only discovered it a few years ago tbh... PLUS its not from the 2000s so... (Theme: 2.5/5 | Personal: 4.5/5),1bd717f3628844578ebc3fabd852ea5d
spotify:track:11dxtPJKR4E0wlSr0A0t47,2a199944cf5a418ba77e17380f808df7,2025-09-20T02:50:46Z,5,fuck yes bitch! this is exactly the kinda shit i was boppin too in 2008... like YESSSS so good (Theme: 5/5 | Personal: 5/5) +2 Nostalgia Points,1bd717f3628844578ebc3fabd852ea5d
spotify:track:1JURww012QnWAw0zZXi6Aa,2a199944cf5a418ba77e17380f808df7,2025-09-20T02:50:46Z,5,FUCKKKKK YES! thank god someone knows this song... so underrated! so good! i listen to it weekly! its SOOOOO GOOOOOOD (Theme: 5/5 | Personal: 5/5) +2 Nostalgia Points,1bd717f3628844578ebc3fabd852ea5d
spotify:track:2AW37v0bDyuOzGP3XnmFuA,2a199944cf5a418ba77e17380f808df7,2025-09-20T02:50:46Z,4,obviously iconic (except justin timberlake is a whack ass bitch loser) but im obsessed w this song (Theme: 5/5 | Personal: 5/5) +1 Nostalgia Points,1bd717f3628844578ebc3fabd852ea5d
spotify:track:2VOomzT6VavJOGBeySqaMc,2a199944cf5a418ba77e17380f808df7,2025-09-20T02:50:46Z,2,a halloween classic! (Theme: 5/5 | Personal: 4/5) +1 Nostalgia Points,1bd717f3628844578ebc3fabd852ea5d
spotify:track:3AjyOYxBv8bByfBtG5o9dP,2a199944cf5a418ba77e17380f808df7,2025-09-20T02:50:46Z,-1,"tbh this song is fine, i enjoy it (Theme: 5/5 | Personal: 3.5/5) +1 Nostalgia Points",1bd717f3628844578ebc3fabd852ea5d
spotify:track:3iDJKJL82KPArsgWQYfgts,2a199944cf5a418ba77e17380f808df7,2025-09-20T02:50:46Z,0,get into ashley's world heffers! STREAM GUILTY PLEASURE BY ASHLEY TISDALE,1bd717f3628844578ebc3fabd852ea5d
spotify:track:3K4HG9evC7dg3N0R9cYqk4,2a199944cf5a418ba77e17380f808df7,2025-09-20T02:50:46Z,0,I've never heard this one! I really enjoy it though... I really enjoy this album so thank u for putting me on (my fav song is RUNAWAY) (Theme: 4/5 | Personal: 4/5),1bd717f3628844578ebc3fabd852ea5d
spotify:track:47BBI51FKFwOMlIiX6m8ya,2a199944cf5a418ba77e17380f808df7,2025-09-20T02:50:46Z,-3,a classic.... however i didnt hear this song until i got older and also this is from the 90s! (Theme: 2.5/5 | Personal: 3.5/5) -1 for being 90s,1bd717f3628844578ebc3fabd852ea5d
spotify:track:4e9eGQYsOiBcftrWXwsVco,2a199944cf5a418ba77e17380f808df7,2025-09-20T02:50:46Z,-3,ive never heard of this song or this group (which isnt bad! cuz girl i love new music!) i found it a bit.... boring? but i added it to my library anyways cuz i enjoyed it (Theme: 2.5/5 | Personal: 2.5/5),1bd717f3628844578ebc3fabd852ea5d
spotify:track:5qaxeIJLARExwa34d9TuYp,2a199944cf5a418ba77e17380f808df7,2025-09-20T02:50:46Z,1,i never listened to this until recently... and i used to hate it but now i think its SO CAMP... like girl its insane... what the fuck was she thinking... but i love! her and ashley deserve the top spots! (Theme: 5/5 | Personal: 4/5),1bd717f3628844578ebc3fabd852ea5d
spotify:track:66ZcOcouenzZEnzTJvoFmH,2a199944cf5a418ba77e17380f808df7,2025-09-20T02:50:46Z,3,this is totally a nostalgic song... when i hear this song all i can think of is being in my moms car while she drove us to school or on errands... like its a classic! (Theme: 5/5 | Personal: 4/5) +2 Nostalgia Points,1bd717f3628844578ebc3fabd852ea5d
spotify:track:6I9VzXrHxO9rA9A5euc8Ak,2a199944cf5a418ba77e17380f808df7,2025-09-20T02:50:46Z,1,not my fav britney song... heck not even in my top 15 britney songs... but its a classic. even if she has WAYYYYY better 2000s nostalgia songs... (um hello?) (Theme: 5/5 | Personal: 4.5/5),1bd717f3628844578ebc3fabd852ea5d
spotify:track:6jyXQ8HGI7ikECGA0670uo,2a199944cf5a418ba77e17380f808df7,2025-09-20T02:50:46Z,5,"girl not us both putting ashley tisdale aka the queen of 2000s.... obvi a perfect score... pls listen to her albums tho cuz she got so many bangers!!! ""guilty pleasure"" is one of the greatest pop-rock albums of the 2000s and it deserves more attention (Theme: 5/5 | Personal: 5/5) +2 Nostalgia Points",1bd717f3628844578ebc3fabd852ea5d
spotify:track:6wOYnPq1hPihRepcDClPUw,2a199944cf5a418ba77e17380f808df7,2025-09-20T02:50:46Z,1,kinda an odd choice because i thought i was the only one who had this CD growing up and loved this song! very nostaglic to me! love! (Theme: 5/5 | Personal: 4/5) +1 Nostalgia Points,1bd717f3628844578ebc3fabd852ea5d
spotify:track:003vvx7Niy0yvhvHt4a68B,6ea8c1e02d584ed69ae4fae4a396a4fe,2025-09-20T03:14:28Z,3,,1bd717f3628844578ebc3fabd852ea5d
spotify:track:00Mb3DuaIH1kjrwOku9CGU,6ea8c1e02d584ed69ae4fae4a396a4fe,2025-09-20T03:14:28Z,-2,,1bd717f3628844578ebc3fabd852ea5d
spotify:track:0n2SEXB2qoRQg171q7XqeW,6ea8c1e02d584ed69ae4fae4a396a4fe,2025-09-20T03:14:28Z,4,,1bd717f3628844578ebc3fabd852ea5d
spotify:track:3K4HG9evC7dg3N0R9cYqk4,6ea8c1e02d584ed69ae4fae4a396a4fe,2025-09-20T03:14:28Z,5,,1bd717f3628844578ebc3fabd852ea5d
spotify:track:47BBI51FKFwOMlIiX6m8ya,6ea8c1e02d584ed69ae4fae4a396a4fe,2025-09-20T03:14:28Z,3,,1bd717f3628844578ebc3fabd852ea5d
spotify:track:66ZcOcouenzZEnzTJvoFmH,6ea8c1e02d584ed69ae4fae4a396a4fe,2025-09-20T03:14:28Z,2,,1bd717f3628844578ebc3fabd852ea5d
spotify:track:6I9VzXrHxO9rA9A5euc8Ak,6ea8c1e02d584ed69ae4fae4a396a4fe,2025-09-20T03:14:28Z,5,,1bd717f3628844578ebc3fabd852ea5d
spotify:track:6jyXQ8HGI7ikECGA0670uo,6ea8c1e02d584ed69ae4fae4a396a4fe,2025-09-20T03:14:28Z,-1,,1bd717f3628844578ebc3fabd852ea5d
spotify:track:6wOYnPq1hPihRepcDClPUw,6ea8c1e02d584ed69ae4fae4a396a4fe,2025-09-20T03:14:28Z,2,,1bd717f3628844578ebc3fabd852ea5d
spotify:track:11dxtPJKR4E0wlSr0A0t47,6ea8c1e02d584ed69ae4fae4a396a4fe,2025-09-20T03:14:28Z,3,,1bd717f3628844578ebc3fabd852ea5d
spotify:track:1JURww012QnWAw0zZXi6Aa,6ea8c1e02d584ed69ae4fae4a396a4fe,2025-09-20T03:14:28Z,-1,,1bd717f3628844578ebc3fabd852ea5d
spotify:track:2VOomzT6VavJOGBeySqaMc,6ea8c1e02d584ed69ae4fae4a396a4fe,2025-09-20T03:14:28Z,3,,1bd717f3628844578ebc3fabd852ea5d
spotify:track:3AjyOYxBv8bByfBtG5o9dP,6ea8c1e02d584ed69ae4fae4a396a4fe,2025-09-20T03:14:28Z,-3,,1bd717f3628844578ebc3fabd852ea5d
spotify:track:3iDJKJL82KPArsgWQYfgts,6ea8c1e02d584ed69ae4fae4a396a4fe,2025-09-20T03:14:28Z,-3,,1bd717f3628844578ebc3fabd852ea5d
spotify:track:76ati4YtRJe4vkpcL5VFy5,a0672a3d11374827b1e2754a53877112,2025-09-22T13:20:14Z,-3,i'll be honest... i was so bored,5205d843b488444bb5b2534896e12281
spotify:track:6uQvcYL43YFWOldj7R4YqL,a0672a3d11374827b1e2754a53877112,2025-09-22T13:20:14Z,-1,lucy hale did it better,5205d843b488444bb5b2534896e12281
spotify:track:6Qyc6fS4DsZjB2mRW9DsQs,a0672a3d11374827b1e2754a53877112,2025-09-22T13:20:14Z,3,i absolutely don't remember this in this movie at ALL. but it is peak,5205d843b488444bb5b2534896e12281
spotify:track:6p6TjiJHc1kJQt5dXzkdrs,a0672a3d11374827b1e2754a53877112,2025-09-22T13:20:14Z,5,and what if i said this is the best song from any of the HSM movies. what then?,5205d843b488444bb5b2534896e12281
spotify:track:5bDhC4l7OOw9E9xXPNl562,a0672a3d11374827b1e2754a53877112,2025-09-22T13:20:14Z,-3,of all the glee songs... this one? ,5205d843b488444bb5b2534896e12281
spotify:track:28UMEtwyUUy5u0UWOVHwiI,a0672a3d11374827b1e2754a53877112,2025-09-22T13:20:14Z,5,me when im force masculinizing my friends with low dose testosterone ,5205d843b488444bb5b2534896e12281
spotify:track:1ZLtE9tSJdaUiIJ9YoKHQe,a0672a3d11374827b1e2754a53877112,2025-09-22T13:20:14Z,5,waited to rank this like Paramore was ever gonna get less than +5 ,5205d843b488444bb5b2534896e12281
spotify:track:1XwAKjAZ1xDZOcuyZoqce4,a0672a3d11374827b1e2754a53877112,2025-09-22T13:20:14Z,4,this is such an effortlessly pretty song,5205d843b488444bb5b2534896e12281
spotify:track:1xW5K2U7j99kEAzfythUDz,a0672a3d11374827b1e2754a53877112,2025-09-22T13:20:14Z,2,i don't think i EVER expected to hear thie song outside of the movie again lmao ,5205d843b488444bb5b2534896e12281
spotify:track:1htkSHN5OpJwclUvq9ZGbG,a0672a3d11374827b1e2754a53877112,2025-09-22T13:20:14Z,2,this made me giggle,5205d843b488444bb5b2534896e12281
spotify:track:1CPZ5BxNNd0n0nF4Orb9JS,a0672a3d11374827b1e2754a53877112,2025-09-22T13:20:14Z,4,"it's definitely not my favorite KPDH song, but i've read enough polytrix fanfic that this'll get many upvotes",5205d843b488444bb5b2534896e12281
spotify:track:07o54snAilKYHsW8bGFe9x,a0672a3d11374827b1e2754a53877112,2025-09-22T13:20:14Z,-3,dare i say this shouldn't have won them the competition...,5205d843b488444bb5b2534896e12281
spotify:track:07o54snAilKYHsW8bGFe9x,3381f2b8e5a74019b7f93a802001397a,2025-09-22T15:36:47Z,-2,Sadly did not enjoy this ,5205d843b488444bb5b2534896e12281
spotify:track:76ati4YtRJe4vkpcL5VFy5,3381f2b8e5a74019b7f93a802001397a,2025-09-22T15:36:47Z,5,Such a beautiful song!!! I love it & this reminded me it existed lol,5205d843b488444bb5b2534896e12281
spotify:track:6uQvcYL43YFWOldj7R4YqL,3381f2b8e5a74019b7f93a802001397a,2025-09-22T15:36:47Z,-1,,5205d843b488444bb5b2534896e12281
spotify:track:6Qyc6fS4DsZjB2mRW9DsQs,3381f2b8e5a74019b7f93a802001397a,2025-09-22T15:36:47Z,4,,5205d843b488444bb5b2534896e12281
spotify:track:5bDhC4l7OOw9E9xXPNl562,3381f2b8e5a74019b7f93a802001397a,2025-09-22T15:36:47Z,-1,I fear there are too many more iconic glee songs 😭,5205d843b488444bb5b2534896e12281
spotify:track:28UMEtwyUUy5u0UWOVHwiI,3381f2b8e5a74019b7f93a802001397a,2025-09-22T15:36:47Z,5,Incredible ,5205d843b488444bb5b2534896e12281
spotify:track:1ZLtE9tSJdaUiIJ9YoKHQe,3381f2b8e5a74019b7f93a802001397a,2025-09-22T15:36:47Z,-3,,5205d843b488444bb5b2534896e12281
spotify:track:1XwAKjAZ1xDZOcuyZoqce4,3381f2b8e5a74019b7f93a802001397a,2025-09-22T15:36:47Z,5,I love any version of moon river <3,5205d843b488444bb5b2534896e12281
spotify:track:1xW5K2U7j99kEAzfythUDz,3381f2b8e5a74019b7f93a802001397a,2025-09-22T15:36:47Z,5,This is beautiful ,5205d843b488444bb5b2534896e12281
spotify:track:1htkSHN5OpJwclUvq9ZGbG,3381f2b8e5a74019b7f93a802001397a,2025-09-22T15:36:47Z,-3,,5205d843b488444bb5b2534896e12281
spotify:track:1CPZ5BxNNd0n0nF4Orb9JS,3381f2b8e5a74019b7f93a802001397a,2025-09-22T15:36:47Z,3,I still need to watch this movie and see the hype lol,5205d843b488444bb5b2534896e12281
spotify:track:0pUlPdW6iTBWLgMHCp1yvc,3381f2b8e5a74019b7f93a802001397a,2025-09-22T15:36:47Z,3,"Never heard this before, vibey ",5205d843b488444bb5b2534896e12281
spotify:track:6uQvcYL43YFWOldj7R4YqL,78e7775bd32b4b4ebaf5be442a27e180,2025-09-22T23:35:02Z,3,Showed this to my students during a rainy day. They loved it and so do I ,5205d843b488444bb5b2534896e12281
spotify:track:6Qyc6fS4DsZjB2mRW9DsQs,78e7775bd32b4b4ebaf5be442a27e180,2025-09-22T23:35:02Z,4,Been listening to this regularly since 2008 so … I have to give it love ,5205d843b488444bb5b2534896e12281
spotify:track:6p6TjiJHc1kJQt5dXzkdrs,78e7775bd32b4b4ebaf5be442a27e180,2025-09-22T23:35:02Z,5,YES YES YES. no other notes ,5205d843b488444bb5b2534896e12281
spotify:track:5bDhC4l7OOw9E9xXPNl562,78e7775bd32b4b4ebaf5be442a27e180,2025-09-22T23:35:02Z,-3,While I appreciate not using a cover and choosing an original song from glee. Solid … but I have to downvote something and it’s not my personal fav ,5205d843b488444bb5b2534896e12281
spotify:track:28UMEtwyUUy5u0UWOVHwiI,78e7775bd32b4b4ebaf5be442a27e180,2025-09-22T23:35:02Z,5,We would sing this on top of the lunch tables at camp to get the kids hyped. Classic. No notes ,5205d843b488444bb5b2534896e12281
spotify:track:1XwAKjAZ1xDZOcuyZoqce4,78e7775bd32b4b4ebaf5be442a27e180,2025-09-22T23:35:02Z,-2,It’s a good song but I have to downvote something. Please don’t let Audrey Hepburn kill me for this ,5205d843b488444bb5b2534896e12281
spotify:track:1xW5K2U7j99kEAzfythUDz,78e7775bd32b4b4ebaf5be442a27e180,2025-09-22T23:35:02Z,4,"Brave to choose an instrumental song, but the opening is amazing. Wish it hadn’t been memed a bit ",5205d843b488444bb5b2534896e12281
spotify:track:1htkSHN5OpJwclUvq9ZGbG,78e7775bd32b4b4ebaf5be442a27e180,2025-09-22T23:35:02Z,-3,Funny and beautiful voice from the dad in the ted tv show but I have to downvote something. Wish it was like a minute longer. Sorry!,5205d843b488444bb5b2534896e12281
spotify:track:1CPZ5BxNNd0n0nF4Orb9JS,78e7775bd32b4b4ebaf5be442a27e180,2025-09-22T23:35:02Z,3,Such a fun song but I’m a bit fatigued by it at school. Still a bop ,5205d843b488444bb5b2534896e12281
spotify:track:0pUlPdW6iTBWLgMHCp1yvc,78e7775bd32b4b4ebaf5be442a27e180,2025-09-22T23:35:02Z,2,Beautiful song for a beautiful movie ,5205d843b488444bb5b2534896e12281
spotify:track:07o54snAilKYHsW8bGFe9x,78e7775bd32b4b4ebaf5be442a27e180,2025-09-22T23:35:02Z,-2,Love pitch perfect… but idk I’m not feeling it as much as the other songs. And I have to downvote one other song. Sorry!!,5205d843b488444bb5b2534896e12281
spotify:track:76ati4YtRJe4vkpcL5VFy5,78e7775bd32b4b4ebaf5be442a27e180,2025-09-22T23:35:02Z,4,Ne yo had a run of doing Disney covers and original songs and he never missed. Another swish from him ,5205d843b488444bb5b2534896e12281
spotify:track:6uQvcYL43YFWOldj7R4YqL,67ba17e18a3a415abbe4060f1d4e6b77,2025-09-23T00:01:06Z,-3,"Not my favorite song, plus I prefer the Hillary Duff Cinderella Story",5205d843b488444bb5b2534896e12281
spotify:track:6Qyc6fS4DsZjB2mRW9DsQs,67ba17e18a3a415abbe4060f1d4e6b77,2025-09-23T00:01:06Z,5,I’m so mad. This was going to be my song for next week. Did not know it was written for a movie though. Learn something new every day,5205d843b488444bb5b2534896e12281
spotify:track:6p6TjiJHc1kJQt5dXzkdrs,67ba17e18a3a415abbe4060f1d4e6b77,2025-09-23T00:01:06Z,5,I mean what’s not to like about this song? It’s an entire enemies to lovers story told in one song with dancing and baseball. Also love that the artist is listed as CHAD,5205d843b488444bb5b2534896e12281
spotify:track:5bDhC4l7OOw9E9xXPNl562,67ba17e18a3a415abbe4060f1d4e6b77,2025-09-23T00:01:06Z,-3,"Sorry, this is not my favorite glee original",5205d843b488444bb5b2534896e12281
spotify:track:28UMEtwyUUy5u0UWOVHwiI,67ba17e18a3a415abbe4060f1d4e6b77,2025-09-23T00:01:06Z,5,The best Disney song. ,5205d843b488444bb5b2534896e12281
spotify:track:1ZLtE9tSJdaUiIJ9YoKHQe,67ba17e18a3a415abbe4060f1d4e6b77,2025-09-23T00:01:06Z,5,,5205d843b488444bb5b2534896e12281
spotify:track:1XwAKjAZ1xDZOcuyZoqce4,67ba17e18a3a415abbe4060f1d4e6b77,2025-09-23T00:01:06Z,3,,5205d843b488444bb5b2534896e12281
spotify:track:1xW5K2U7j99kEAzfythUDz,67ba17e18a3a415abbe4060f1d4e6b77,2025-09-23T00:01:06Z,-1,Edward is not my favorite composer. ,5205d843b488444bb5b2534896e12281
spotify:track:1htkSHN5OpJwclUvq9ZGbG,67ba17e18a3a415abbe4060f1d4e6b77,2025-09-23T00:01:06Z,3,,5205d843b488444bb5b2534896e12281
spotify:track:0pUlPdW6iTBWLgMHCp1yvc,67ba17e18a3a415abbe4060f1d4e6b77,2025-09-23T00:01:06Z,4,,5205d843b488444bb5b2534896e12281
spotify:track:07o54snAilKYHsW8bGFe9x,67ba17e18a3a415abbe4060f1d4e6b77,2025-09-23T00:01:06Z,-3,"I’m sorry, but this is a mashup not an original song created for this movie. It slaps though",5205d843b488444bb5b2534896e12281
spotify:track:0pUlPdW6iTBWLgMHCp1yvc,d332f483f6794cb7b5e19a4df770f1ac,2025-09-24T14:12:12Z,-1,"incredible movie, cried disgustingly on an airplane…. but i just don’t get the phoebe hype 🫣",5205d843b488444bb5b2534896e12281
spotify:track:1CPZ5BxNNd0n0nF4Orb9JS,d332f483f6794cb7b5e19a4df770f1ac,2025-09-24T14:12:12Z,-3,i frankly don’t get what’s special about this song but i liked the movie,5205d843b488444bb5b2534896e12281
spotify:track:1htkSHN5OpJwclUvq9ZGbG,d332f483f6794cb7b5e19a4df770f1ac,2025-09-24T14:12:12Z,-3,,5205d843b488444bb5b2534896e12281
spotify:track:1XwAKjAZ1xDZOcuyZoqce4,d332f483f6794cb7b5e19a4df770f1ac,2025-09-24T14:12:12Z,3,,5205d843b488444bb5b2534896e12281
spotify:track:1ZLtE9tSJdaUiIJ9YoKHQe,d332f483f6794cb7b5e19a4df770f1ac,2025-09-24T14:12:12Z,5,TWILIGHT ARISE,5205d843b488444bb5b2534896e12281
spotify:track:28UMEtwyUUy5u0UWOVHwiI,d332f483f6794cb7b5e19a4df770f1ac,2025-09-24T14:12:12Z,3,,5205d843b488444bb5b2534896e12281
spotify:track:07o54snAilKYHsW8bGFe9x,d332f483f6794cb7b5e19a4df770f1ac,2025-09-24T14:12:12Z,5,did you really experience 2012 if you didn’t know all the words to this?,5205d843b488444bb5b2534896e12281
spotify:track:5bDhC4l7OOw9E9xXPNl562,d332f483f6794cb7b5e19a4df770f1ac,2025-09-24T14:12:12Z,-2,what about trouty mouth?,5205d843b488444bb5b2534896e12281
spotify:track:6p6TjiJHc1kJQt5dXzkdrs,d332f483f6794cb7b5e19a4df770f1ac,2025-09-24T14:12:12Z,5,,5205d843b488444bb5b2534896e12281
spotify:track:6Qyc6fS4DsZjB2mRW9DsQs,d332f483f6794cb7b5e19a4df770f1ac,2025-09-24T14:12:12Z,4,classic,5205d843b488444bb5b2534896e12281
spotify:track:6uQvcYL43YFWOldj7R4YqL,d332f483f6794cb7b5e19a4df770f1ac,2025-09-24T14:12:12Z,5,,5205d843b488444bb5b2534896e12281
spotify:track:76ati4YtRJe4vkpcL5VFy5,d332f483f6794cb7b5e19a4df770f1ac,2025-09-24T14:12:12Z,-1,,5205d843b488444bb5b2534896e12281
spotify:track:1ZLtE9tSJdaUiIJ9YoKHQe,01d0fcb93151477b842d0ee8fe6510e3,2025-09-25T01:12:22Z,-3,You were warned,5205d843b488444bb5b2534896e12281
spotify:track:07o54snAilKYHsW8bGFe9x,01d0fcb93151477b842d0ee8fe6510e3,2025-09-25T01:12:22Z,2,I still quote pitch perfect to this day ,5205d843b488444bb5b2534896e12281
spotify:track:0pUlPdW6iTBWLgMHCp1yvc,01d0fcb93151477b842d0ee8fe6510e3,2025-09-25T01:12:22Z,-2,Are you ok? ,5205d843b488444bb5b2534896e12281
spotify:track:1CPZ5BxNNd0n0nF4Orb9JS,01d0fcb93151477b842d0ee8fe6510e3,2025-09-25T01:12:22Z,4,Kpop demon hunters I was unaware of your game holy ,5205d843b488444bb5b2534896e12281
spotify:track:1htkSHN5OpJwclUvq9ZGbG,01d0fcb93151477b842d0ee8fe6510e3,2025-09-25T01:12:22Z,4,I have 0 context for this but why did it kinda eat,5205d843b488444bb5b2534896e12281
spotify:track:1xW5K2U7j99kEAzfythUDz,01d0fcb93151477b842d0ee8fe6510e3,2025-09-25T01:12:22Z,-2,,5205d843b488444bb5b2534896e12281
spotify:track:1XwAKjAZ1xDZOcuyZoqce4,01d0fcb93151477b842d0ee8fe6510e3,2025-09-25T01:12:22Z,5,,5205d843b488444bb5b2534896e12281
spotify:track:28UMEtwyUUy5u0UWOVHwiI,01d0fcb93151477b842d0ee8fe6510e3,2025-09-25T01:12:22Z,3,Now this is wtf I’m talking about,5205d843b488444bb5b2534896e12281
spotify:track:5bDhC4l7OOw9E9xXPNl562,01d0fcb93151477b842d0ee8fe6510e3,2025-09-25T01:12:22Z,3,Finally someone brave enough,5205d843b488444bb5b2534896e12281
spotify:track:6p6TjiJHc1kJQt5dXzkdrs,01d0fcb93151477b842d0ee8fe6510e3,2025-09-25T01:12:22Z,4,HSM2 TRUTHERS ALL RISE,5205d843b488444bb5b2534896e12281
spotify:track:6Qyc6fS4DsZjB2mRW9DsQs,01d0fcb93151477b842d0ee8fe6510e3,2025-09-25T01:12:22Z,-3,,5205d843b488444bb5b2534896e12281
spotify:track:6uQvcYL43YFWOldj7R4YqL,01d0fcb93151477b842d0ee8fe6510e3,2025-09-25T01:12:22Z,5,This movie went triple platinum in my house,5205d843b488444bb5b2534896e12281
spotify:track:0pUlPdW6iTBWLgMHCp1yvc,4f168741900f4f19979a06dcbd50e408,2025-09-26T03:30:00Z,4,,5205d843b488444bb5b2534896e12281
spotify:track:1CPZ5BxNNd0n0nF4Orb9JS,4f168741900f4f19979a06dcbd50e408,2025-09-26T03:30:00Z,3,,5205d843b488444bb5b2534896e12281
spotify:track:1htkSHN5OpJwclUvq9ZGbG,4f168741900f4f19979a06dcbd50e408,2025-09-26T03:30:00Z,2,,5205d843b488444bb5b2534896e12281
spotify:track:1xW5K2U7j99kEAzfythUDz,4f168741900f4f19979a06dcbd50e408,2025-09-26T03:30:00Z,3,,5205d843b488444bb5b2534896e12281
spotify:track:1XwAKjAZ1xDZOcuyZoqce4,4f168741900f4f19979a06dcbd50e408,2025-09-26T03:30:00Z,4,Would’ve given u full points if u had submitted the version that woman sang while huda and Chris were actively breaking up,5205d843b488444bb5b2534896e12281
spotify:track:1ZLtE9tSJdaUiIJ9YoKHQe,4f168741900f4f19979a06dcbd50e408,2025-09-26T03:30:00Z,5,My fav submission this week. Thank god twilight existed so we could have this song ,5205d843b488444bb5b2534896e12281
spotify:track:28UMEtwyUUy5u0UWOVHwiI,4f168741900f4f19979a06dcbd50e408,2025-09-26T03:30:00Z,-3,I really don’t get it and I never will ,5205d843b488444bb5b2534896e12281
spotify:track:5bDhC4l7OOw9E9xXPNl562,4f168741900f4f19979a06dcbd50e408,2025-09-26T03:30:00Z,-3,I was big into glee but this didn’t stick w me whatsoever  ,5205d843b488444bb5b2534896e12281
spotify:track:6p6TjiJHc1kJQt5dXzkdrs,4f168741900f4f19979a06dcbd50e408,2025-09-26T03:30:00Z,-3,I famously do not fw hsm2 music that much srry ,5205d843b488444bb5b2534896e12281
spotify:track:6Qyc6fS4DsZjB2mRW9DsQs,4f168741900f4f19979a06dcbd50e408,2025-09-26T03:30:00Z,5,This song really never gets old ,5205d843b488444bb5b2534896e12281
spotify:track:6uQvcYL43YFWOldj7R4YqL,4f168741900f4f19979a06dcbd50e408,2025-09-26T03:30:00Z,-1,,5205d843b488444bb5b2534896e12281
spotify:track:76ati4YtRJe4vkpcL5VFy5,4f168741900f4f19979a06dcbd50e408,2025-09-26T03:30:00Z,4,Never heard this bc I never saw the movie but it was so beautiful! Ok ne-yo! ,5205d843b488444bb5b2534896e12281
spotify:track:76ati4YtRJe4vkpcL5VFy5,2a199944cf5a418ba77e17380f808df7,2025-09-26T16:25:39Z,-2,"pretty decent, kinda reminds me of a disney channel christmas song LOL.... which makes me enjoy the song more LOL (theme: 3/3 | personal: 2/5)",5205d843b488444bb5b2534896e12281
spotify:track:6uQvcYL43YFWOldj7R4YqL,2a199944cf5a418ba77e17380f808df7,2025-09-26T16:25:39Z,0,powerhouse vocals >>> ,5205d843b488444bb5b2534896e12281
spotify:track:07o54snAilKYHsW8bGFe9x,2a199944cf5a418ba77e17380f808df7,2025-09-26T16:25:39Z,3,this song is fine... i love their vocals but i enjoy other tracks from this soundtrack more than this one! I SAW THE SIGN was right there! but i enjoyed it (theme: 3/3 | personal: 2.5/5),5205d843b488444bb5b2534896e12281
spotify:track:0pUlPdW6iTBWLgMHCp1yvc,2a199944cf5a418ba77e17380f808df7,2025-09-26T16:25:39Z,-3,i felt this was extremely boring and forgettable (theme: 3/3 | personal: 0/5),5205d843b488444bb5b2534896e12281
spotify:track:1CPZ5BxNNd0n0nF4Orb9JS,2a199944cf5a418ba77e17380f808df7,2025-09-26T16:25:39Z,4,I've never seen this movie but I enjoyed this song! I feel like something was kinda missing... but i enjoyed the powerful vocals! (theme: 3/3 | personal: 3.5/5),5205d843b488444bb5b2534896e12281
spotify:track:1htkSHN5OpJwclUvq9ZGbG,2a199944cf5a418ba77e17380f808df7,2025-09-26T16:25:39Z,-2,this was funny LOL dskjdsjkds like what the freak is this (theme: 3/3 | personal: 2/5) tbh not a bad song but compared to the rest....,5205d843b488444bb5b2534896e12281
spotify:track:1xW5K2U7j99kEAzfythUDz,2a199944cf5a418ba77e17380f808df7,2025-09-26T16:25:39Z,4,I found this song beautiful! I read the whole wikipedia about it and thought it was interesting and meaningful.... and then I heard the Twaimz twerk part sjksdjksdjksdj BYE still love (theme: 3/3 | personal: 2.5/5),5205d843b488444bb5b2534896e12281
spotify:track:1XwAKjAZ1xDZOcuyZoqce4,2a199944cf5a418ba77e17380f808df7,2025-09-26T16:25:39Z,-3,omg hot twinks on twitter talk about this girl all the time so im happy i finally got to listen to a song from her! (um i didnt realize she was from the freakin 50s... wtf!) an interesting song for sure (theme: 3/3 | personal: 2/5),5205d843b488444bb5b2534896e12281
spotify:track:1ZLtE9tSJdaUiIJ9YoKHQe,2a199944cf5a418ba77e17380f808df7,2025-09-26T16:25:39Z,4,omg another song from TWILIGHT LOL love! a pretty good song tbh!(theme: 3/3 | personal: 3/5),5205d843b488444bb5b2534896e12281
spotify:track:28UMEtwyUUy5u0UWOVHwiI,2a199944cf5a418ba77e17380f808df7,2025-09-26T16:25:39Z,1,I performed this song in middle school LOL (i played the fat dude who liked to eat????) slay i guess (theme: 3/3 | personal: 2.5/5),5205d843b488444bb5b2534896e12281
spotify:track:5bDhC4l7OOw9E9xXPNl562,2a199944cf5a418ba77e17380f808df7,2025-09-26T16:25:39Z,5,tbh im like... i dont even know what this is a cover of but i enjoy the production of this song! very fun! this is my fav type of production... im adding this song LOL! added +1 (theme: 3/3 | personal: 4/5),5205d843b488444bb5b2534896e12281
spotify:track:6p6TjiJHc1kJQt5dXzkdrs,2a199944cf5a418ba77e17380f808df7,2025-09-26T16:25:39Z,4,I mean... a classic! but not my fav from high school musical... (theme: 3/3 | personal: 3/5),5205d843b488444bb5b2534896e12281
spotify:track:6Qyc6fS4DsZjB2mRW9DsQs,2a199944cf5a418ba77e17380f808df7,2025-09-26T16:25:39Z,5,omg i love this one! tbh i had heard this song on many shows but i never knew it! added +1 (theme: 3/3 | personal: 4/5),5205d843b488444bb5b2534896e12281
spotify:track:1CPZ5BxNNd0n0nF4Orb9JS,bb9998daa35440aea3b29123cc71985c,2025-09-27T00:42:50Z,2,,5205d843b488444bb5b2534896e12281
spotify:track:76ati4YtRJe4vkpcL5VFy5,bb9998daa35440aea3b29123cc71985c,2025-09-27T00:42:50Z,-1,,5205d843b488444bb5b2534896e12281
spotify:track:6uQvcYL43YFWOldj7R4YqL,bb9998daa35440aea3b29123cc71985c,2025-09-27T00:42:50Z,-3,,5205d843b488444bb5b2534896e12281
spotify:track:6p6TjiJHc1kJQt5dXzkdrs,bb9998daa35440aea3b29123cc71985c,2025-09-27T00:42:50Z,1,,5205d843b488444bb5b2534896e12281
spotify:track:5bDhC4l7OOw9E9xXPNl562,bb9998daa35440aea3b29123cc71985c,2025-09-27T00:42:50Z,-3,,5205d843b488444bb5b2534896e12281
spotify:track:28UMEtwyUUy5u0UWOVHwiI,bb9998daa35440aea3b29123cc71985c,2025-09-27T00:42:50Z,5,,5205d843b488444bb5b2534896e12281
spotify:track:1ZLtE9tSJdaUiIJ9YoKHQe,bb9998daa35440aea3b29123cc71985c,2025-09-27T00:42:50Z,5,,5205d843b488444bb5b2534896e12281
spotify:track:1XwAKjAZ1xDZOcuyZoqce4,bb9998daa35440aea3b29123cc71985c,2025-09-27T00:42:50Z,3,,5205d843b488444bb5b2534896e12281
spotify:track:1xW5K2U7j99kEAzfythUDz,bb9998daa35440aea3b29123cc71985c,2025-09-27T00:42:50Z,4,,5205d843b488444bb5b2534896e12281
spotify:track:1htkSHN5OpJwclUvq9ZGbG,bb9998daa35440aea3b29123cc71985c,2025-09-27T00:42:50Z,5,Give me Steve Anita Smith live in concert😤,5205d843b488444bb5b2534896e12281
spotify:track:0pUlPdW6iTBWLgMHCp1yvc,bb9998daa35440aea3b29123cc71985c,2025-09-27T00:42:50Z,-3,,5205d843b488444bb5b2534896e12281
spotify:track:07o54snAilKYHsW8bGFe9x,bb9998daa35440aea3b29123cc71985c,2025-09-27T00:42:50Z,5,💲🏷️,5205d843b488444bb5b2534896e12281
spotify:track:07o54snAilKYHsW8bGFe9x,4a705869f6d84f0584387a24c37b961a,2025-09-27T01:58:37Z,4,,5205d843b488444bb5b2534896e12281
spotify:track:0pUlPdW6iTBWLgMHCp1yvc,4a705869f6d84f0584387a24c37b961a,2025-09-27T01:58:37Z,3,,5205d843b488444bb5b2534896e12281
spotify:track:1CPZ5BxNNd0n0nF4Orb9JS,4a705869f6d84f0584387a24c37b961a,2025-09-27T01:58:37Z,-3,I CANNOT LISTEN TO THIS ANYMORE. THEY PLAY THIS ALL DAMN DAY AT THE STORE I WORK AT.,5205d843b488444bb5b2534896e12281
spotify:track:1xW5K2U7j99kEAzfythUDz,4a705869f6d84f0584387a24c37b961a,2025-09-27T01:58:37Z,3,,5205d843b488444bb5b2534896e12281
spotify:track:1XwAKjAZ1xDZOcuyZoqce4,4a705869f6d84f0584387a24c37b961a,2025-09-27T01:58:37Z,4,,5205d843b488444bb5b2534896e12281
spotify:track:1ZLtE9tSJdaUiIJ9YoKHQe,4a705869f6d84f0584387a24c37b961a,2025-09-27T01:58:37Z,5,Absolute banger,5205d843b488444bb5b2534896e12281
spotify:track:28UMEtwyUUy5u0UWOVHwiI,4a705869f6d84f0584387a24c37b961a,2025-09-27T01:58:37Z,5,Another banger,5205d843b488444bb5b2534896e12281
spotify:track:5bDhC4l7OOw9E9xXPNl562,4a705869f6d84f0584387a24c37b961a,2025-09-27T01:58:37Z,-3,,5205d843b488444bb5b2534896e12281
spotify:track:6p6TjiJHc1kJQt5dXzkdrs,4a705869f6d84f0584387a24c37b961a,2025-09-27T01:58:37Z,-3,,5205d843b488444bb5b2534896e12281
spotify:track:6Qyc6fS4DsZjB2mRW9DsQs,4a705869f6d84f0584387a24c37b961a,2025-09-27T01:58:37Z,5,Arguably my favorite song of all time,5205d843b488444bb5b2534896e12281
spotify:track:6uQvcYL43YFWOldj7R4YqL,4a705869f6d84f0584387a24c37b961a,2025-09-27T01:58:37Z,-1,,5205d843b488444bb5b2534896e12281
spotify:track:76ati4YtRJe4vkpcL5VFy5,4a705869f6d84f0584387a24c37b961a,2025-09-27T01:58:37Z,1,,5205d843b488444bb5b2534896e12281
spotify:track:6p6TjiJHc1kJQt5dXzkdrs,de798b3b84024cd6bf18356ecbc8d1a5,2025-09-27T01:59:29Z,2,I’m into this!,5205d843b488444bb5b2534896e12281
spotify:track:5bDhC4l7OOw9E9xXPNl562,de798b3b84024cd6bf18356ecbc8d1a5,2025-09-27T01:59:29Z,0,I SUBMITTED GLEE BITCHES ARE YOU HAPPY NOW??!,5205d843b488444bb5b2534896e12281
spotify:track:28UMEtwyUUy5u0UWOVHwiI,de798b3b84024cd6bf18356ecbc8d1a5,2025-09-27T01:59:29Z,5,LET’S GET DOWN TO BUSINESS,5205d843b488444bb5b2534896e12281
spotify:track:1ZLtE9tSJdaUiIJ9YoKHQe,de798b3b84024cd6bf18356ecbc8d1a5,2025-09-27T01:59:29Z,5,Paramore: yes thank you,5205d843b488444bb5b2534896e12281
spotify:track:1XwAKjAZ1xDZOcuyZoqce4,de798b3b84024cd6bf18356ecbc8d1a5,2025-09-27T01:59:29Z,3,This is so pretty okay Audrey hepburrrnnnn,5205d843b488444bb5b2534896e12281
spotify:track:1xW5K2U7j99kEAzfythUDz,de798b3b84024cd6bf18356ecbc8d1a5,2025-09-27T01:59:29Z,4,Oh this is beautifuuuuullll I love the chord structure.,5205d843b488444bb5b2534896e12281
spotify:track:1htkSHN5OpJwclUvq9ZGbG,de798b3b84024cd6bf18356ecbc8d1a5,2025-09-27T01:59:29Z,-3,"Okay cute, but out of all the songs picked for this round…eh",5205d843b488444bb5b2534896e12281
spotify:track:1CPZ5BxNNd0n0nF4Orb9JS,de798b3b84024cd6bf18356ecbc8d1a5,2025-09-27T01:59:29Z,5,DAMN YOU THIS WAS GONNA BE MY PICK FOR THIS ROUND BUT I GUESS I HAVE TO GIVE YOU THUMBS UP NOW CAUSE THE SONG STILL SLAPS,5205d843b488444bb5b2534896e12281
spotify:track:0pUlPdW6iTBWLgMHCp1yvc,de798b3b84024cd6bf18356ecbc8d1a5,2025-09-27T01:59:29Z,-3,Eh I’m not really feeling this one.,5205d843b488444bb5b2534896e12281
spotify:track:07o54snAilKYHsW8bGFe9x,de798b3b84024cd6bf18356ecbc8d1a5,2025-09-27T01:59:29Z,-1,"Oh loooove pitch perfect…but question: this is a mashup of covers, so is it really an original song? 👀 cause I kinda feel like that’s not the theme.",5205d843b488444bb5b2534896e12281
spotify:track:76ati4YtRJe4vkpcL5VFy5,de798b3b84024cd6bf18356ecbc8d1a5,2025-09-27T01:59:29Z,-3,"I love ne-yo, but against the other contenders, I’m not into this one as much.",5205d843b488444bb5b2534896e12281
spotify:track:6uQvcYL43YFWOldj7R4YqL,de798b3b84024cd6bf18356ecbc8d1a5,2025-09-27T01:59:29Z,2,Oh this is a serrrrvvvveeeee,5205d843b488444bb5b2534896e12281
spotify:track:6Qyc6fS4DsZjB2mRW9DsQs,de798b3b84024cd6bf18356ecbc8d1a5,2025-09-27T01:59:29Z,4,I love this song and had no idea it was for a movie!! ,5205d843b488444bb5b2534896e12281
spotify:track:6uQvcYL43YFWOldj7R4YqL,cad5f43ca24d41e49a7b941d99009666,2025-09-27T06:06:22Z,-2,New classic is right there,5205d843b488444bb5b2534896e12281
spotify:track:76ati4YtRJe4vkpcL5VFy5,cad5f43ca24d41e49a7b941d99009666,2025-09-27T06:06:22Z,-2,,5205d843b488444bb5b2534896e12281
spotify:track:0pUlPdW6iTBWLgMHCp1yvc,cad5f43ca24d41e49a7b941d99009666,2025-09-27T06:06:22Z,5,,5205d843b488444bb5b2534896e12281
spotify:track:1CPZ5BxNNd0n0nF4Orb9JS,cad5f43ca24d41e49a7b941d99009666,2025-09-27T06:06:22Z,5,,5205d843b488444bb5b2534896e12281
spotify:track:1htkSHN5OpJwclUvq9ZGbG,cad5f43ca24d41e49a7b941d99009666,2025-09-27T06:06:22Z,-2,,5205d843b488444bb5b2534896e12281
spotify:track:1xW5K2U7j99kEAzfythUDz,cad5f43ca24d41e49a7b941d99009666,2025-09-27T06:06:22Z,5,,5205d843b488444bb5b2534896e12281
spotify:track:1XwAKjAZ1xDZOcuyZoqce4,cad5f43ca24d41e49a7b941d99009666,2025-09-27T06:06:22Z,-2,,5205d843b488444bb5b2534896e12281
spotify:track:1ZLtE9tSJdaUiIJ9YoKHQe,cad5f43ca24d41e49a7b941d99009666,2025-09-27T06:06:22Z,5,Facts,5205d843b488444bb5b2534896e12281
spotify:track:5bDhC4l7OOw9E9xXPNl562,cad5f43ca24d41e49a7b941d99009666,2025-09-27T06:06:22Z,-2,,5205d843b488444bb5b2534896e12281
spotify:track:07o54snAilKYHsW8bGFe9x,cad5f43ca24d41e49a7b941d99009666,2025-09-27T06:06:22Z,4,Love this one but I think the riff off is superior 💯,5205d843b488444bb5b2534896e12281
spotify:track:6p6TjiJHc1kJQt5dXzkdrs,cad5f43ca24d41e49a7b941d99009666,2025-09-27T06:06:22Z,5,,5205d843b488444bb5b2534896e12281
spotify:track:6Qyc6fS4DsZjB2mRW9DsQs,cad5f43ca24d41e49a7b941d99009666,2025-09-27T06:06:22Z,1,,5205d843b488444bb5b2534896e12281
spotify:track:6r2BECwMgEoRb5yLfp0Hca,3381f2b8e5a74019b7f93a802001397a,2025-09-29T08:09:30Z,3,Doesn’t get more iconic than Gaga,4d31326ca270410b8fb6e34c74465d91
spotify:track:6mFkJmJqdDVQ1REhVfGgd1,3381f2b8e5a74019b7f93a802001397a,2025-09-29T08:09:30Z,3,Lovely lovely story ,4d31326ca270410b8fb6e34c74465d91
spotify:track:0DiWol3AO6WpXZgp0goxAV,3381f2b8e5a74019b7f93a802001397a,2025-09-29T08:09:30Z,5,Honestly FIRE choice ,4d31326ca270410b8fb6e34c74465d91
spotify:track:0SqUwlygrVkMWkplNvvld1,3381f2b8e5a74019b7f93a802001397a,2025-09-29T08:09:30Z,-3,,4d31326ca270410b8fb6e34c74465d91
spotify:track:4U45aEWtQhrm8A5mxPaFZ7,3381f2b8e5a74019b7f93a802001397a,2025-09-29T08:09:30Z,3,I always forget how classic + timeless this song is ,4d31326ca270410b8fb6e34c74465d91
spotify:track:3PUMPtOSeXSJsBvK43K96b,3381f2b8e5a74019b7f93a802001397a,2025-09-29T08:09:30Z,3,So so beautiful ,4d31326ca270410b8fb6e34c74465d91
spotify:track:3ePgqvrRvuyt7crAhualns,3381f2b8e5a74019b7f93a802001397a,2025-09-29T08:09:30Z,3,A tru bop ,4d31326ca270410b8fb6e34c74465d91
spotify:track:3DamFFqW32WihKkTVlwTYQ,3381f2b8e5a74019b7f93a802001397a,2025-09-29T08:09:30Z,-2,Ugh I wish this had an explanation SO bad bc I have sooo many questions ,4d31326ca270410b8fb6e34c74465d91
spotify:track:2PLYhGXKrJ9fZv55ixWF6R,3381f2b8e5a74019b7f93a802001397a,2025-09-29T08:09:30Z,4,Beautiful song + beautiful story. Thank you for this!!,4d31326ca270410b8fb6e34c74465d91
spotify:track:2MvvoeRt8NcOXWESkxWn3g,3381f2b8e5a74019b7f93a802001397a,2025-09-29T08:09:30Z,2,I love that this round reminded me of so many iconic songs ,4d31326ca270410b8fb6e34c74465d91
spotify:track:2iLxXSM7AOzB4RCNzk4bjd,3381f2b8e5a74019b7f93a802001397a,2025-09-29T08:09:30Z,-3,Just not my style but the comment made me giggle ,4d31326ca270410b8fb6e34c74465d91
spotify:track:7CX4fbtJXUvlV7RNNqBOpO,3381f2b8e5a74019b7f93a802001397a,2025-09-29T08:09:30Z,-2,,4d31326ca270410b8fb6e34c74465d91
spotify:track:25u1ohVuLSEcTaFjIXNkz3,3381f2b8e5a74019b7f93a802001397a,2025-09-29T08:09:30Z,1,Love the story/comment on this!!,4d31326ca270410b8fb6e34c74465d91
spotify:track:7hm4HTk9encxT0LYC0J6oI,3381f2b8e5a74019b7f93a802001397a,2025-09-29T08:09:30Z,3,Ooh I like this ,4d31326ca270410b8fb6e34c74465d91
spotify:track:7CX4fbtJXUvlV7RNNqBOpO,a0672a3d11374827b1e2754a53877112,2025-09-29T14:38:21Z,-3,i've tried so hard to get into modern baseball in my days and i just never can. sad to report that has not changed :(,4d31326ca270410b8fb6e34c74465d91
spotify:track:0DiWol3AO6WpXZgp0goxAV,a0672a3d11374827b1e2754a53877112,2025-09-29T14:38:21Z,5,song so good I listened to it one more time,4d31326ca270410b8fb6e34c74465d91
spotify:track:0SqUwlygrVkMWkplNvvld1,a0672a3d11374827b1e2754a53877112,2025-09-29T14:38:21Z,-3,i literally love the production. but also i was hoping for anything more than a mumbly british man doing slam poetry on the vocal end,4d31326ca270410b8fb6e34c74465d91
spotify:track:0uEp9E98JB5awlA084uaIg,a0672a3d11374827b1e2754a53877112,2025-09-29T14:38:21Z,4,"lauryn hill my beloved <3 it might not be my fav from her career, but i think it's still masterful and timeless

also... hi Amna 👋",4d31326ca270410b8fb6e34c74465d91
spotify:track:25u1ohVuLSEcTaFjIXNkz3,a0672a3d11374827b1e2754a53877112,2025-09-29T14:38:21Z,-1,i didnt wanna downvote but this was on the low end of my votes and it got kicked out 😭,4d31326ca270410b8fb6e34c74465d91
spotify:track:2iLxXSM7AOzB4RCNzk4bjd,a0672a3d11374827b1e2754a53877112,2025-09-29T14:38:21Z,3,oh this tickled my brain perfectly,4d31326ca270410b8fb6e34c74465d91
spotify:track:2MvvoeRt8NcOXWESkxWn3g,a0672a3d11374827b1e2754a53877112,2025-09-29T14:38:21Z,4,my lorde and savior 🫡,4d31326ca270410b8fb6e34c74465d91
spotify:track:3DamFFqW32WihKkTVlwTYQ,a0672a3d11374827b1e2754a53877112,2025-09-29T14:38:21Z,-3,a casualty of liking most of these other songs more 😫,4d31326ca270410b8fb6e34c74465d91
spotify:track:3ePgqvrRvuyt7crAhualns,a0672a3d11374827b1e2754a53877112,2025-09-29T14:38:21Z,2,made me throw a lil ass on the commute,4d31326ca270410b8fb6e34c74465d91
spotify:track:3PUMPtOSeXSJsBvK43K96b,a0672a3d11374827b1e2754a53877112,2025-09-29T14:38:21Z,3,"i love maggie's voice on this SO much but i just love so much of her other music so much more that i cant rate this too high. however... i do not know the del water gap lore tho so lemme look it up rq

okay back and DAMN LOL WHAT?????? +1 more for the lore lol",4d31326ca270410b8fb6e34c74465d91
spotify:track:4U45aEWtQhrm8A5mxPaFZ7,a0672a3d11374827b1e2754a53877112,2025-09-29T14:38:21Z,2,"it's Vienna. i mean, it's Vienna. it's just Vienna. that speaks for itself",4d31326ca270410b8fb6e34c74465d91
spotify:track:6mFkJmJqdDVQ1REhVfGgd1,a0672a3d11374827b1e2754a53877112,2025-09-29T14:38:21Z,3,thank you so much for sharing 💕💕 im so happy you've had this in your life through everything,4d31326ca270410b8fb6e34c74465d91
spotify:track:6r2BECwMgEoRb5yLfp0Hca,a0672a3d11374827b1e2754a53877112,2025-09-29T14:38:21Z,2,my paws are up hunni,4d31326ca270410b8fb6e34c74465d91
spotify:track:7hm4HTk9encxT0LYC0J6oI,a0672a3d11374827b1e2754a53877112,2025-09-29T14:38:21Z,2,goes SO good w my matcha,4d31326ca270410b8fb6e34c74465d91
spotify:track:0uEp9E98JB5awlA084uaIg,01d0fcb93151477b842d0ee8fe6510e3,2025-10-03T02:07:10Z,2,This song is so good,4d31326ca270410b8fb6e34c74465d91
spotify:track:7hm4HTk9encxT0LYC0J6oI,01d0fcb93151477b842d0ee8fe6510e3,2025-10-03T02:07:10Z,2,God this song has CRACK in it. 10/10 recommend the paramore cover they did live OMGDHSJSJD SO GOOD,4d31326ca270410b8fb6e34c74465d91
spotify:track:7CX4fbtJXUvlV7RNNqBOpO,01d0fcb93151477b842d0ee8fe6510e3,2025-10-03T02:07:10Z,5,Thank you for making it emo in here Miranda ,4d31326ca270410b8fb6e34c74465d91
spotify:track:6r2BECwMgEoRb5yLfp0Hca,01d0fcb93151477b842d0ee8fe6510e3,2025-10-03T02:07:10Z,3,,4d31326ca270410b8fb6e34c74465d91
spotify:track:6mFkJmJqdDVQ1REhVfGgd1,01d0fcb93151477b842d0ee8fe6510e3,2025-10-03T02:07:10Z,-3,🥹🥹,4d31326ca270410b8fb6e34c74465d91
spotify:track:3PUMPtOSeXSJsBvK43K96b,01d0fcb93151477b842d0ee8fe6510e3,2025-10-03T02:07:10Z,3,OOO,4d31326ca270410b8fb6e34c74465d91
spotify:track:3ePgqvrRvuyt7crAhualns,01d0fcb93151477b842d0ee8fe6510e3,2025-10-03T02:07:10Z,2,I mean why not,4d31326ca270410b8fb6e34c74465d91
spotify:track:3DamFFqW32WihKkTVlwTYQ,01d0fcb93151477b842d0ee8fe6510e3,2025-10-03T02:07:10Z,-2,I could not believe my eyes,4d31326ca270410b8fb6e34c74465d91
spotify:track:2PLYhGXKrJ9fZv55ixWF6R,01d0fcb93151477b842d0ee8fe6510e3,2025-10-03T02:07:10Z,3,Awe 🥹,4d31326ca270410b8fb6e34c74465d91
spotify:track:2MvvoeRt8NcOXWESkxWn3g,01d0fcb93151477b842d0ee8fe6510e3,2025-10-03T02:07:10Z,3,Literally just cried to this in the car last week lfgo,4d31326ca270410b8fb6e34c74465d91
spotify:track:2iLxXSM7AOzB4RCNzk4bjd,01d0fcb93151477b842d0ee8fe6510e3,2025-10-03T02:07:10Z,4,JOYWAVE MENTIONED,4d31326ca270410b8fb6e34c74465d91
spotify:track:25u1ohVuLSEcTaFjIXNkz3,01d0fcb93151477b842d0ee8fe6510e3,2025-10-03T02:07:10Z,3,This is so sweetie 🥹,4d31326ca270410b8fb6e34c74465d91
spotify:track:0DiWol3AO6WpXZgp0goxAV,01d0fcb93151477b842d0ee8fe6510e3,2025-10-03T02:07:10Z,-3,I lose time off my life when I hear this. it’s like being stuck in the third level of hell for me I’m so sorry. ,4d31326ca270410b8fb6e34c74465d91
spotify:track:0SqUwlygrVkMWkplNvvld1,01d0fcb93151477b842d0ee8fe6510e3,2025-10-03T02:07:10Z,-2,That marimba part was absolute fire,4d31326ca270410b8fb6e34c74465d91
spotify:track:3PUMPtOSeXSJsBvK43K96b,67ba17e18a3a415abbe4060f1d4e6b77,2025-10-03T02:30:25Z,4,This song makes me feel things. Thank you for sharing!,4d31326ca270410b8fb6e34c74465d91
spotify:track:0DiWol3AO6WpXZgp0goxAV,67ba17e18a3a415abbe4060f1d4e6b77,2025-10-03T02:30:25Z,-3,I’m sorry I’m just not into Daft Punk. I wouldn’t downvote if I had a choice,4d31326ca270410b8fb6e34c74465d91
spotify:track:0SqUwlygrVkMWkplNvvld1,67ba17e18a3a415abbe4060f1d4e6b77,2025-10-03T02:30:25Z,-3,I am not okay with us having to downvote this round. But this song is not my favorite and there isn’t a story so I had no choice,4d31326ca270410b8fb6e34c74465d91
spotify:track:25u1ohVuLSEcTaFjIXNkz3,67ba17e18a3a415abbe4060f1d4e6b77,2025-10-03T02:30:25Z,4,I like this song and I need more songs that remind me that its nice to be alive so thank you,4d31326ca270410b8fb6e34c74465d91
spotify:track:2iLxXSM7AOzB4RCNzk4bjd,67ba17e18a3a415abbe4060f1d4e6b77,2025-10-03T02:30:25Z,-2,I’m just not feeling it I’m sorry!,4d31326ca270410b8fb6e34c74465d91
spotify:track:2MvvoeRt8NcOXWESkxWn3g,67ba17e18a3a415abbe4060f1d4e6b77,2025-10-03T02:30:25Z,2,,4d31326ca270410b8fb6e34c74465d91
spotify:track:2PLYhGXKrJ9fZv55ixWF6R,67ba17e18a3a415abbe4060f1d4e6b77,2025-10-03T02:30:25Z,5,I really enjoyed this song. There’s something about the jaunty beat paired with the unbeatable vocalizations that touches something primal. Thanks for sharing! ,4d31326ca270410b8fb6e34c74465d91
spotify:track:3DamFFqW32WihKkTVlwTYQ,67ba17e18a3a415abbe4060f1d4e6b77,2025-10-03T02:30:25Z,5,Shoulda been included in the 2000s nostalgia playlist.,4d31326ca270410b8fb6e34c74465d91
spotify:track:3ePgqvrRvuyt7crAhualns,67ba17e18a3a415abbe4060f1d4e6b77,2025-10-03T02:30:25Z,1,,4d31326ca270410b8fb6e34c74465d91
spotify:track:4U45aEWtQhrm8A5mxPaFZ7,67ba17e18a3a415abbe4060f1d4e6b77,2025-10-03T02:30:25Z,5,"I forget about this song, it makes me feel like I’m in a movie montage. I love it! Thanks for sharing!",4d31326ca270410b8fb6e34c74465d91
spotify:track:7CX4fbtJXUvlV7RNNqBOpO,67ba17e18a3a415abbe4060f1d4e6b77,2025-10-03T02:30:25Z,-2,I’m sorry I don’t dislike this song it’s just not my favorite and I’m being forced to downvote,4d31326ca270410b8fb6e34c74465d91
spotify:track:7hm4HTk9encxT0LYC0J6oI,67ba17e18a3a415abbe4060f1d4e6b77,2025-10-03T02:30:25Z,4,Honestly your description is so on point. This song captures exactly what you describe. Thanks for sharing!,4d31326ca270410b8fb6e34c74465d91
spotify:track:0DiWol3AO6WpXZgp0goxAV,37a75c8d587f4075b2d0640f244d891c,2025-10-03T19:53:54Z,-1,This song is ALWAYS played and is my equivalent to the “happy” song 🫣,4d31326ca270410b8fb6e34c74465d91
spotify:track:0SqUwlygrVkMWkplNvvld1,37a75c8d587f4075b2d0640f244d891c,2025-10-03T19:53:54Z,-3,I’m sorry it was too slow for my adhd brain to keep focus ,4d31326ca270410b8fb6e34c74465d91
spotify:track:0uEp9E98JB5awlA084uaIg,37a75c8d587f4075b2d0640f244d891c,2025-10-03T19:53:54Z,3,Bop! ,4d31326ca270410b8fb6e34c74465d91
spotify:track:25u1ohVuLSEcTaFjIXNkz3,37a75c8d587f4075b2d0640f244d891c,2025-10-03T19:53:54Z,2,Definitely one of the new songs this round that I really do enjoy! ,4d31326ca270410b8fb6e34c74465d91
spotify:track:2iLxXSM7AOzB4RCNzk4bjd,37a75c8d587f4075b2d0640f244d891c,2025-10-03T19:53:54Z,2,Do like this song… more points would have been given if I got a shout out ,4d31326ca270410b8fb6e34c74465d91
spotify:track:2PLYhGXKrJ9fZv55ixWF6R,37a75c8d587f4075b2d0640f244d891c,2025-10-03T19:53:54Z,2,Definitely like the beat and sound to this one,4d31326ca270410b8fb6e34c74465d91
spotify:track:3DamFFqW32WihKkTVlwTYQ,37a75c8d587f4075b2d0640f244d891c,2025-10-03T19:53:54Z,-3,I can’t support this for this round ,4d31326ca270410b8fb6e34c74465d91
spotify:track:3ePgqvrRvuyt7crAhualns,37a75c8d587f4075b2d0640f244d891c,2025-10-03T19:53:54Z,-3,I love this song for dancing but for this category I have to rank it low 🫣,4d31326ca270410b8fb6e34c74465d91
spotify:track:3PUMPtOSeXSJsBvK43K96b,37a75c8d587f4075b2d0640f244d891c,2025-10-03T19:53:54Z,2,I have this one in my collection already but great choice! ,4d31326ca270410b8fb6e34c74465d91
spotify:track:4U45aEWtQhrm8A5mxPaFZ7,37a75c8d587f4075b2d0640f244d891c,2025-10-03T19:53:54Z,5,Almost picked this! Top voted for me! ,4d31326ca270410b8fb6e34c74465d91
spotify:track:6mFkJmJqdDVQ1REhVfGgd1,37a75c8d587f4075b2d0640f244d891c,2025-10-03T19:53:54Z,4,My favorite Pink Floyd song! ,4d31326ca270410b8fb6e34c74465d91
spotify:track:6r2BECwMgEoRb5yLfp0Hca,37a75c8d587f4075b2d0640f244d891c,2025-10-03T19:53:54Z,2,Great song !! ,4d31326ca270410b8fb6e34c74465d91
spotify:track:7CX4fbtJXUvlV7RNNqBOpO,37a75c8d587f4075b2d0640f244d891c,2025-10-03T19:53:54Z,3,Voted high for the band & I know who’s submission this is 🤪,4d31326ca270410b8fb6e34c74465d91
spotify:track:7hm4HTk9encxT0LYC0J6oI,37a75c8d587f4075b2d0640f244d891c,2025-10-03T19:53:54Z,5,Yes yes yes!!!! ,4d31326ca270410b8fb6e34c74465d91
spotify:track:0DiWol3AO6WpXZgp0goxAV,cad5f43ca24d41e49a7b941d99009666,2025-10-03T22:22:14Z,-1,,4d31326ca270410b8fb6e34c74465d91
spotify:track:0SqUwlygrVkMWkplNvvld1,cad5f43ca24d41e49a7b941d99009666,2025-10-03T22:22:14Z,-1,,4d31326ca270410b8fb6e34c74465d91
spotify:track:0uEp9E98JB5awlA084uaIg,cad5f43ca24d41e49a7b941d99009666,2025-10-03T22:22:14Z,5,,4d31326ca270410b8fb6e34c74465d91
spotify:track:25u1ohVuLSEcTaFjIXNkz3,cad5f43ca24d41e49a7b941d99009666,2025-10-03T22:22:14Z,-1,,4d31326ca270410b8fb6e34c74465d91
spotify:track:2MvvoeRt8NcOXWESkxWn3g,cad5f43ca24d41e49a7b941d99009666,2025-10-03T22:22:14Z,5,,4d31326ca270410b8fb6e34c74465d91
spotify:track:2PLYhGXKrJ9fZv55ixWF6R,cad5f43ca24d41e49a7b941d99009666,2025-10-03T22:22:14Z,5,,4d31326ca270410b8fb6e34c74465d91
spotify:track:3ePgqvrRvuyt7crAhualns,cad5f43ca24d41e49a7b941d99009666,2025-10-03T22:22:14Z,5,,4d31326ca270410b8fb6e34c74465d91
spotify:track:3PUMPtOSeXSJsBvK43K96b,cad5f43ca24d41e49a7b941d99009666,2025-10-03T22:22:14Z,-1,,4d31326ca270410b8fb6e34c74465d91
spotify:track:4U45aEWtQhrm8A5mxPaFZ7,cad5f43ca24d41e49a7b941d99009666,2025-10-03T22:22:14Z,5,,4d31326ca270410b8fb6e34c74465d91
spotify:track:6mFkJmJqdDVQ1REhVfGgd1,cad5f43ca24d41e49a7b941d99009666,2025-10-03T22:22:14Z,-2,,4d31326ca270410b8fb6e34c74465d91
spotify:track:6r2BECwMgEoRb5yLfp0Hca,cad5f43ca24d41e49a7b941d99009666,2025-10-03T22:22:14Z,5,,4d31326ca270410b8fb6e34c74465d91
spotify:track:7CX4fbtJXUvlV7RNNqBOpO,cad5f43ca24d41e49a7b941d99009666,2025-10-03T22:22:14Z,-2,,4d31326ca270410b8fb6e34c74465d91
spotify:track:7hm4HTk9encxT0LYC0J6oI,cad5f43ca24d41e49a7b941d99009666,2025-10-03T22:22:14Z,-2,,4d31326ca270410b8fb6e34c74465d91
spotify:track:0DiWol3AO6WpXZgp0goxAV,bb9998daa35440aea3b29123cc71985c,2025-10-04T02:06:19Z,-2,,4d31326ca270410b8fb6e34c74465d91
spotify:track:0SqUwlygrVkMWkplNvvld1,bb9998daa35440aea3b29123cc71985c,2025-10-04T02:06:19Z,-1,,4d31326ca270410b8fb6e34c74465d91
spotify:track:0uEp9E98JB5awlA084uaIg,bb9998daa35440aea3b29123cc71985c,2025-10-04T02:06:19Z,4,,4d31326ca270410b8fb6e34c74465d91
spotify:track:25u1ohVuLSEcTaFjIXNkz3,bb9998daa35440aea3b29123cc71985c,2025-10-04T02:06:19Z,1,,4d31326ca270410b8fb6e34c74465d91
spotify:track:2iLxXSM7AOzB4RCNzk4bjd,bb9998daa35440aea3b29123cc71985c,2025-10-04T02:06:19Z,3,,4d31326ca270410b8fb6e34c74465d91
spotify:track:2MvvoeRt8NcOXWESkxWn3g,bb9998daa35440aea3b29123cc71985c,2025-10-04T02:06:19Z,-2,,4d31326ca270410b8fb6e34c74465d91
spotify:track:2PLYhGXKrJ9fZv55ixWF6R,bb9998daa35440aea3b29123cc71985c,2025-10-04T02:06:19Z,2,,4d31326ca270410b8fb6e34c74465d91
spotify:track:3DamFFqW32WihKkTVlwTYQ,bb9998daa35440aea3b29123cc71985c,2025-10-04T02:06:19Z,5,,4d31326ca270410b8fb6e34c74465d91
spotify:track:3ePgqvrRvuyt7crAhualns,bb9998daa35440aea3b29123cc71985c,2025-10-04T02:06:19Z,-3,,4d31326ca270410b8fb6e34c74465d91
spotify:track:3PUMPtOSeXSJsBvK43K96b,bb9998daa35440aea3b29123cc71985c,2025-10-04T02:06:19Z,2,,4d31326ca270410b8fb6e34c74465d91
spotify:track:4U45aEWtQhrm8A5mxPaFZ7,bb9998daa35440aea3b29123cc71985c,2025-10-04T02:06:19Z,5,,4d31326ca270410b8fb6e34c74465d91
spotify:track:6mFkJmJqdDVQ1REhVfGgd1,bb9998daa35440aea3b29123cc71985c,2025-10-04T02:06:19Z,4,,4d31326ca270410b8fb6e34c74465d91
spotify:track:6r2BECwMgEoRb5yLfp0Hca,bb9998daa35440aea3b29123cc71985c,2025-10-04T02:06:19Z,-2,,4d31326ca270410b8fb6e34c74465d91
spotify:track:7hm4HTk9encxT0LYC0J6oI,bb9998daa35440aea3b29123cc71985c,2025-10-04T02:06:19Z,4,,4d31326ca270410b8fb6e34c74465d91
spotify:track:4U45aEWtQhrm8A5mxPaFZ7,d332f483f6794cb7b5e19a4df770f1ac,2025-10-04T02:08:30Z,3,,4d31326ca270410b8fb6e34c74465d91
spotify:track:0DiWol3AO6WpXZgp0goxAV,d332f483f6794cb7b5e19a4df770f1ac,2025-10-04T02:08:30Z,4,why did i never know this was daft punk i,4d31326ca270410b8fb6e34c74465d91
spotify:track:0SqUwlygrVkMWkplNvvld1,d332f483f6794cb7b5e19a4df770f1ac,2025-10-04T02:08:30Z,-2,production wise i really like this song !!!,4d31326ca270410b8fb6e34c74465d91
spotify:track:0uEp9E98JB5awlA084uaIg,d332f483f6794cb7b5e19a4df770f1ac,2025-10-04T02:08:30Z,2,,4d31326ca270410b8fb6e34c74465d91
spotify:track:25u1ohVuLSEcTaFjIXNkz3,d332f483f6794cb7b5e19a4df770f1ac,2025-10-04T02:08:30Z,4,added to playlist 🙂‍↕️ ,4d31326ca270410b8fb6e34c74465d91
spotify:track:2iLxXSM7AOzB4RCNzk4bjd,d332f483f6794cb7b5e19a4df770f1ac,2025-10-04T02:08:30Z,-3,not my usual vibe but i like the funky beat,4d31326ca270410b8fb6e34c74465d91
spotify:track:2MvvoeRt8NcOXWESkxWn3g,d332f483f6794cb7b5e19a4df770f1ac,2025-10-04T02:08:30Z,-2,🫣,4d31326ca270410b8fb6e34c74465d91
spotify:track:2PLYhGXKrJ9fZv55ixWF6R,d332f483f6794cb7b5e19a4df770f1ac,2025-10-04T02:08:30Z,2,🫶🏻,4d31326ca270410b8fb6e34c74465d91
spotify:track:3DamFFqW32WihKkTVlwTYQ,d332f483f6794cb7b5e19a4df770f1ac,2025-10-04T02:08:30Z,-3,loved when mac miller sampled this but otherwise …. too much middle school trauma,4d31326ca270410b8fb6e34c74465d91
spotify:track:3ePgqvrRvuyt7crAhualns,d332f483f6794cb7b5e19a4df770f1ac,2025-10-04T02:08:30Z,3,i always forget about this song but it’s SUCH a jam,4d31326ca270410b8fb6e34c74465d91
spotify:track:6mFkJmJqdDVQ1REhVfGgd1,d332f483f6794cb7b5e19a4df770f1ac,2025-10-04T02:08:30Z,3,,4d31326ca270410b8fb6e34c74465d91
spotify:track:6r2BECwMgEoRb5yLfp0Hca,d332f483f6794cb7b5e19a4df770f1ac,2025-10-04T02:08:30Z,3,,4d31326ca270410b8fb6e34c74465d91
spotify:track:7CX4fbtJXUvlV7RNNqBOpO,d332f483f6794cb7b5e19a4df770f1ac,2025-10-04T02:08:30Z,2,,4d31326ca270410b8fb6e34c74465d91
spotify:track:7hm4HTk9encxT0LYC0J6oI,d332f483f6794cb7b5e19a4df770f1ac,2025-10-04T02:08:30Z,4,,4d31326ca270410b8fb6e34c74465d91
spotify:track:0DiWol3AO6WpXZgp0goxAV,2a199944cf5a418ba77e17380f808df7,2025-10-04T04:07:50Z,3,it's a fun song!,4d31326ca270410b8fb6e34c74465d91
spotify:track:0SqUwlygrVkMWkplNvvld1,2a199944cf5a418ba77e17380f808df7,2025-10-04T04:07:50Z,1,,4d31326ca270410b8fb6e34c74465d91
spotify:track:0uEp9E98JB5awlA084uaIg,2a199944cf5a418ba77e17380f808df7,2025-10-04T04:07:50Z,-2,,4d31326ca270410b8fb6e34c74465d91
spotify:track:25u1ohVuLSEcTaFjIXNkz3,2a199944cf5a418ba77e17380f808df7,2025-10-04T04:07:50Z,5,I really enjoy this song! its so fun and happy :D ,4d31326ca270410b8fb6e34c74465d91
spotify:track:2iLxXSM7AOzB4RCNzk4bjd,2a199944cf5a418ba77e17380f808df7,2025-10-04T04:07:50Z,5,sick ass beat,4d31326ca270410b8fb6e34c74465d91
spotify:track:2MvvoeRt8NcOXWESkxWn3g,2a199944cf5a418ba77e17380f808df7,2025-10-04T04:07:50Z,-3,i hate this song sm! it made me hate American music,4d31326ca270410b8fb6e34c74465d91
spotify:track:2PLYhGXKrJ9fZv55ixWF6R,2a199944cf5a418ba77e17380f808df7,2025-10-04T04:07:50Z,3,fun! very cute,4d31326ca270410b8fb6e34c74465d91
spotify:track:3DamFFqW32WihKkTVlwTYQ,2a199944cf5a418ba77e17380f808df7,2025-10-04T04:07:50Z,5,classic,4d31326ca270410b8fb6e34c74465d91
spotify:track:3PUMPtOSeXSJsBvK43K96b,2a199944cf5a418ba77e17380f808df7,2025-10-04T04:07:50Z,-2,,4d31326ca270410b8fb6e34c74465d91
spotify:track:4U45aEWtQhrm8A5mxPaFZ7,2a199944cf5a418ba77e17380f808df7,2025-10-04T04:07:50Z,1,,4d31326ca270410b8fb6e34c74465d91
spotify:track:6mFkJmJqdDVQ1REhVfGgd1,2a199944cf5a418ba77e17380f808df7,2025-10-04T04:07:50Z,-3,super sad / boring jdskjsdk,4d31326ca270410b8fb6e34c74465d91
spotify:track:6r2BECwMgEoRb5yLfp0Hca,2a199944cf5a418ba77e17380f808df7,2025-10-04T04:07:50Z,4,tbh not a fav of mine... but i love gaga! ,4d31326ca270410b8fb6e34c74465d91
spotify:track:7CX4fbtJXUvlV7RNNqBOpO,2a199944cf5a418ba77e17380f808df7,2025-10-04T04:07:50Z,1,cutesey,4d31326ca270410b8fb6e34c74465d91
spotify:track:7hm4HTk9encxT0LYC0J6oI,2a199944cf5a418ba77e17380f808df7,2025-10-04T04:07:50Z,2,,4d31326ca270410b8fb6e34c74465d91
spotify:track:0DiWol3AO6WpXZgp0goxAV,b467147d8b6345bda21d8919e00746fc,2025-10-04T05:27:00Z,5,,4d31326ca270410b8fb6e34c74465d91
spotify:track:0SqUwlygrVkMWkplNvvld1,b467147d8b6345bda21d8919e00746fc,2025-10-04T05:27:00Z,-2,,4d31326ca270410b8fb6e34c74465d91
spotify:track:0uEp9E98JB5awlA084uaIg,b467147d8b6345bda21d8919e00746fc,2025-10-04T05:27:00Z,-1,,4d31326ca270410b8fb6e34c74465d91
spotify:track:25u1ohVuLSEcTaFjIXNkz3,b467147d8b6345bda21d8919e00746fc,2025-10-04T05:27:00Z,-1,,4d31326ca270410b8fb6e34c74465d91
spotify:track:2MvvoeRt8NcOXWESkxWn3g,b467147d8b6345bda21d8919e00746fc,2025-10-04T05:27:00Z,5,,4d31326ca270410b8fb6e34c74465d91
spotify:track:2PLYhGXKrJ9fZv55ixWF6R,b467147d8b6345bda21d8919e00746fc,2025-10-04T05:27:00Z,5,,4d31326ca270410b8fb6e34c74465d91
spotify:track:3DamFFqW32WihKkTVlwTYQ,b467147d8b6345bda21d8919e00746fc,2025-10-04T05:27:00Z,5,,4d31326ca270410b8fb6e34c74465d91
spotify:track:3ePgqvrRvuyt7crAhualns,b467147d8b6345bda21d8919e00746fc,2025-10-04T05:27:00Z,-1,,4d31326ca270410b8fb6e34c74465d91
spotify:track:3PUMPtOSeXSJsBvK43K96b,b467147d8b6345bda21d8919e00746fc,2025-10-04T05:27:00Z,-1,,4d31326ca270410b8fb6e34c74465d91
spotify:track:4U45aEWtQhrm8A5mxPaFZ7,b467147d8b6345bda21d8919e00746fc,2025-10-04T05:27:00Z,-1,,4d31326ca270410b8fb6e34c74465d91
spotify:track:6mFkJmJqdDVQ1REhVfGgd1,b467147d8b6345bda21d8919e00746fc,2025-10-04T05:27:00Z,-2,,4d31326ca270410b8fb6e34c74465d91
spotify:track:6r2BECwMgEoRb5yLfp0Hca,b467147d8b6345bda21d8919e00746fc,2025-10-04T05:27:00Z,5,,4d31326ca270410b8fb6e34c74465d91
spotify:track:7CX4fbtJXUvlV7RNNqBOpO,b467147d8b6345bda21d8919e00746fc,2025-10-04T05:27:00Z,-1,,4d31326ca270410b8fb6e34c74465d91
spotify:track:7hm4HTk9encxT0LYC0J6oI,b467147d8b6345bda21d8919e00746fc,2025-10-04T05:27:00Z,5,,4d31326ca270410b8fb6e34c74465d91
spotify:track:0DiWol3AO6WpXZgp0goxAV,78e7775bd32b4b4ebaf5be442a27e180,2025-10-05T04:17:53Z,-2,I had to downvote something I’m sorry! ,4d31326ca270410b8fb6e34c74465d91
spotify:track:0SqUwlygrVkMWkplNvvld1,78e7775bd32b4b4ebaf5be442a27e180,2025-10-05T04:17:53Z,-3,I would’ve loved to hear why this is your favorite song! I really liked it! But I need to downvote and it didn’t have a lil story ,4d31326ca270410b8fb6e34c74465d91
spotify:track:0uEp9E98JB5awlA084uaIg,78e7775bd32b4b4ebaf5be442a27e180,2025-10-05T04:17:53Z,5,,4d31326ca270410b8fb6e34c74465d91
spotify:track:2iLxXSM7AOzB4RCNzk4bjd,78e7775bd32b4b4ebaf5be442a27e180,2025-10-05T04:17:53Z,-2,I had to downvote something I’m sorry!,4d31326ca270410b8fb6e34c74465d91
spotify:track:2MvvoeRt8NcOXWESkxWn3g,78e7775bd32b4b4ebaf5be442a27e180,2025-10-05T04:17:53Z,2,Nostalgic and makes me want to stick my head out of a car window (not hereditary style),4d31326ca270410b8fb6e34c74465d91
spotify:track:2PLYhGXKrJ9fZv55ixWF6R,78e7775bd32b4b4ebaf5be442a27e180,2025-10-05T04:17:53Z,5,Beautiful song and connection to it! ,4d31326ca270410b8fb6e34c74465d91
spotify:track:3DamFFqW32WihKkTVlwTYQ,78e7775bd32b4b4ebaf5be442a27e180,2025-10-05T04:17:53Z,-3,I do love this song but I have to downvote something and it didn’t have a fun story to compliment it! ,4d31326ca270410b8fb6e34c74465d91
spotify:track:3ePgqvrRvuyt7crAhualns,78e7775bd32b4b4ebaf5be442a27e180,2025-10-05T04:17:53Z,3,"Strangely a special song to me and all the Pokémon fan edits I grew up watching on YouTube 
Classic! ",4d31326ca270410b8fb6e34c74465d91
spotify:track:3PUMPtOSeXSJsBvK43K96b,78e7775bd32b4b4ebaf5be442a27e180,2025-10-05T04:17:53Z,3,Beautiful song! Unfamiliar with the lore but I love her music! ,4d31326ca270410b8fb6e34c74465d91
spotify:track:4U45aEWtQhrm8A5mxPaFZ7,78e7775bd32b4b4ebaf5be442a27e180,2025-10-05T04:17:53Z,2,A classic and beautiful at that!,4d31326ca270410b8fb6e34c74465d91
spotify:track:6mFkJmJqdDVQ1REhVfGgd1,78e7775bd32b4b4ebaf5be442a27e180,2025-10-05T04:17:53Z,3,Beautiful connection to the song and it rocks!,4d31326ca270410b8fb6e34c74465d91
spotify:track:6r2BECwMgEoRb5yLfp0Hca,78e7775bd32b4b4ebaf5be442a27e180,2025-10-05T04:17:53Z,3,Iconic!,4d31326ca270410b8fb6e34c74465d91
spotify:track:7CX4fbtJXUvlV7RNNqBOpO,78e7775bd32b4b4ebaf5be442a27e180,2025-10-05T04:17:53Z,2,Not a big fan but I liked this song a lot! Beautiful connection to it as well! ,4d31326ca270410b8fb6e34c74465d91
spotify:track:7hm4HTk9encxT0LYC0J6oI,78e7775bd32b4b4ebaf5be442a27e180,2025-10-05T04:17:53Z,2,Love this song!! ,4d31326ca270410b8fb6e34c74465d91
spotify:track:0DiWol3AO6WpXZgp0goxAV,6ea8c1e02d584ed69ae4fae4a396a4fe,2025-10-06T03:20:00Z,4,,4d31326ca270410b8fb6e34c74465d91
spotify:track:0uEp9E98JB5awlA084uaIg,6ea8c1e02d584ed69ae4fae4a396a4fe,2025-10-06T03:20:00Z,3,,4d31326ca270410b8fb6e34c74465d91
spotify:track:25u1ohVuLSEcTaFjIXNkz3,6ea8c1e02d584ed69ae4fae4a396a4fe,2025-10-06T03:20:00Z,2,,4d31326ca270410b8fb6e34c74465d91
spotify:track:2iLxXSM7AOzB4RCNzk4bjd,6ea8c1e02d584ed69ae4fae4a396a4fe,2025-10-06T03:20:00Z,3,,4d31326ca270410b8fb6e34c74465d91
spotify:track:2MvvoeRt8NcOXWESkxWn3g,6ea8c1e02d584ed69ae4fae4a396a4fe,2025-10-06T03:20:00Z,-1,,4d31326ca270410b8fb6e34c74465d91
spotify:track:2PLYhGXKrJ9fZv55ixWF6R,6ea8c1e02d584ed69ae4fae4a396a4fe,2025-10-06T03:20:00Z,-2,,4d31326ca270410b8fb6e34c74465d91
spotify:track:3DamFFqW32WihKkTVlwTYQ,6ea8c1e02d584ed69ae4fae4a396a4fe,2025-10-06T03:20:00Z,-3,,4d31326ca270410b8fb6e34c74465d91
spotify:track:3ePgqvrRvuyt7crAhualns,6ea8c1e02d584ed69ae4fae4a396a4fe,2025-10-06T03:20:00Z,-2,,4d31326ca270410b8fb6e34c74465d91
spotify:track:3PUMPtOSeXSJsBvK43K96b,6ea8c1e02d584ed69ae4fae4a396a4fe,2025-10-06T03:20:00Z,3,,4d31326ca270410b8fb6e34c74465d91
spotify:track:4U45aEWtQhrm8A5mxPaFZ7,6ea8c1e02d584ed69ae4fae4a396a4fe,2025-10-06T03:20:00Z,3,,4d31326ca270410b8fb6e34c74465d91
spotify:track:6mFkJmJqdDVQ1REhVfGgd1,6ea8c1e02d584ed69ae4fae4a396a4fe,2025-10-06T03:20:00Z,5,,4d31326ca270410b8fb6e34c74465d91
spotify:track:6r2BECwMgEoRb5yLfp0Hca,6ea8c1e02d584ed69ae4fae4a396a4fe,2025-10-06T03:20:00Z,2,,4d31326ca270410b8fb6e34c74465d91
spotify:track:7CX4fbtJXUvlV7RNNqBOpO,6ea8c1e02d584ed69ae4fae4a396a4fe,2025-10-06T03:20:00Z,-2,,4d31326ca270410b8fb6e34c74465d91
spotify:track:7hm4HTk9encxT0LYC0J6oI,6ea8c1e02d584ed69ae4fae4a396a4fe,2025-10-06T03:20:00Z,5,,4d31326ca270410b8fb6e34c74465d91
spotify:track:0SqUwlygrVkMWkplNvvld1,4a705869f6d84f0584387a24c37b961a,2025-10-06T03:49:06Z,-3,,4d31326ca270410b8fb6e34c74465d91
spotify:track:0uEp9E98JB5awlA084uaIg,4a705869f6d84f0584387a24c37b961a,2025-10-06T03:49:06Z,3,,4d31326ca270410b8fb6e34c74465d91
spotify:track:25u1ohVuLSEcTaFjIXNkz3,4a705869f6d84f0584387a24c37b961a,2025-10-06T03:49:06Z,-1,,4d31326ca270410b8fb6e34c74465d91
spotify:track:2iLxXSM7AOzB4RCNzk4bjd,4a705869f6d84f0584387a24c37b961a,2025-10-06T03:49:06Z,2,,4d31326ca270410b8fb6e34c74465d91
spotify:track:2MvvoeRt8NcOXWESkxWn3g,4a705869f6d84f0584387a24c37b961a,2025-10-06T03:49:06Z,2,,4d31326ca270410b8fb6e34c74465d91
spotify:track:2PLYhGXKrJ9fZv55ixWF6R,4a705869f6d84f0584387a24c37b961a,2025-10-06T03:49:06Z,-3,,4d31326ca270410b8fb6e34c74465d91
spotify:track:3DamFFqW32WihKkTVlwTYQ,4a705869f6d84f0584387a24c37b961a,2025-10-06T03:49:06Z,5,,4d31326ca270410b8fb6e34c74465d91
spotify:track:3ePgqvrRvuyt7crAhualns,4a705869f6d84f0584387a24c37b961a,2025-10-06T03:49:06Z,-3,,4d31326ca270410b8fb6e34c74465d91
spotify:track:3PUMPtOSeXSJsBvK43K96b,4a705869f6d84f0584387a24c37b961a,2025-10-06T03:49:06Z,1,,4d31326ca270410b8fb6e34c74465d91
spotify:track:4U45aEWtQhrm8A5mxPaFZ7,4a705869f6d84f0584387a24c37b961a,2025-10-06T03:49:06Z,1,,4d31326ca270410b8fb6e34c74465d91
spotify:track:6mFkJmJqdDVQ1REhVfGgd1,4a705869f6d84f0584387a24c37b961a,2025-10-06T03:49:06Z,3,,4d31326ca270410b8fb6e34c74465d91
spotify:track:6r2BECwMgEoRb5yLfp0Hca,4a705869f6d84f0584387a24c37b961a,2025-10-06T03:49:06Z,5,,4d31326ca270410b8fb6e34c74465d91
spotify:track:7CX4fbtJXUvlV7RNNqBOpO,4a705869f6d84f0584387a24c37b961a,2025-10-06T03:49:06Z,3,,4d31326ca270410b8fb6e34c74465d91
spotify:track:7hm4HTk9encxT0LYC0J6oI,4a705869f6d84f0584387a24c37b961a,2025-10-06T03:49:06Z,5,,4d31326ca270410b8fb6e34c74465d91
spotify:track:0DiWol3AO6WpXZgp0goxAV,de798b3b84024cd6bf18356ecbc8d1a5,2025-10-06T04:09:24Z,4,Loooove daft punk! My favorite is around the world I would put that song on repeat in middle school. Legends in the electronic space.,4d31326ca270410b8fb6e34c74465d91
spotify:track:0SqUwlygrVkMWkplNvvld1,de798b3b84024cd6bf18356ecbc8d1a5,2025-10-06T04:09:24Z,-3,"It’s definitely very sensualllll just maybe a little long for me. Also, no story babes!!!",4d31326ca270410b8fb6e34c74465d91
spotify:track:0uEp9E98JB5awlA084uaIg,de798b3b84024cd6bf18356ecbc8d1a5,2025-10-06T04:09:24Z,4,Lauryn hill a LEGEND! This song is so feel good and I’m a sucker for good r&b.,4d31326ca270410b8fb6e34c74465d91
spotify:track:25u1ohVuLSEcTaFjIXNkz3,de798b3b84024cd6bf18356ecbc8d1a5,2025-10-06T04:09:24Z,2,This song is fun and is perfect for driving! Very cheery,4d31326ca270410b8fb6e34c74465d91
spotify:track:2iLxXSM7AOzB4RCNzk4bjd,de798b3b84024cd6bf18356ecbc8d1a5,2025-10-06T04:09:24Z,3,Oooo so funky! It actually sounds really unique I like it! Gives me arctic monkey meets 1975 vibes?,4d31326ca270410b8fb6e34c74465d91
spotify:track:2MvvoeRt8NcOXWESkxWn3g,de798b3b84024cd6bf18356ecbc8d1a5,2025-10-06T04:09:24Z,4,"I came on the lorde train much later than everyone else, but this is the best song off pure heroine for sure.",4d31326ca270410b8fb6e34c74465d91
spotify:track:2PLYhGXKrJ9fZv55ixWF6R,de798b3b84024cd6bf18356ecbc8d1a5,2025-10-06T04:09:24Z,4,CAROLINE 😭😭😭 one of my favorite vocalists of all time. This album is perfect 10s for me. Fav is probably smoke.,4d31326ca270410b8fb6e34c74465d91
spotify:track:3DamFFqW32WihKkTVlwTYQ,de798b3b84024cd6bf18356ecbc8d1a5,2025-10-06T04:09:24Z,-3,"Okay all jokes aside, fireflies does has like a beautiful chorus. HOWEVER, where is the story girl?!!",4d31326ca270410b8fb6e34c74465d91
spotify:track:3ePgqvrRvuyt7crAhualns,de798b3b84024cd6bf18356ecbc8d1a5,2025-10-06T04:09:24Z,1,She always knows how to make a good time and this song is like true escapism. Lots of fun memories on the dance floor with this song!,4d31326ca270410b8fb6e34c74465d91
spotify:track:3PUMPtOSeXSJsBvK43K96b,de798b3b84024cd6bf18356ecbc8d1a5,2025-10-06T04:09:24Z,-1,Maggie Rogers is a storytellerrrrr and on top of that has such a beautiful voice. This was really tough because of all the great songs this round so unfortunately I’m downvoting this one because I felt more connected to the other songs on here 😩,4d31326ca270410b8fb6e34c74465d91
spotify:track:4U45aEWtQhrm8A5mxPaFZ7,de798b3b84024cd6bf18356ecbc8d1a5,2025-10-06T04:09:24Z,2,We love Billy Joel and that’s all I gotta say about this one!,4d31326ca270410b8fb6e34c74465d91
spotify:track:6mFkJmJqdDVQ1REhVfGgd1,de798b3b84024cd6bf18356ecbc8d1a5,2025-10-06T04:09:24Z,3,Omg I got chills listening to this song and reading this story at the same time 🥺🥺🥺,4d31326ca270410b8fb6e34c74465d91
spotify:track:6r2BECwMgEoRb5yLfp0Hca,de798b3b84024cd6bf18356ecbc8d1a5,2025-10-06T04:09:24Z,0,She is my muse,4d31326ca270410b8fb6e34c74465d91
spotify:track:7CX4fbtJXUvlV7RNNqBOpO,de798b3b84024cd6bf18356ecbc8d1a5,2025-10-06T04:09:24Z,3,Miranda 🥺🥺🥺🥺 this song actually slaps too. DREXEL BABES 4EVRRR,4d31326ca270410b8fb6e34c74465d91
spotify:track:7hm4HTk9encxT0LYC0J6oI,de798b3b84024cd6bf18356ecbc8d1a5,2025-10-06T04:09:24Z,-3,It’s fun! I just didn’t feel as connected to this one as I did the other submissions.,4d31326ca270410b8fb6e34c74465d91
spotify:track:0DiWol3AO6WpXZgp0goxAV,4f168741900f4f19979a06dcbd50e408,2025-10-06T07:14:52Z,2,Bold fav song choice but it really does slap so hard ,4d31326ca270410b8fb6e34c74465d91
spotify:track:0SqUwlygrVkMWkplNvvld1,4f168741900f4f19979a06dcbd50e408,2025-10-06T07:14:52Z,-3,No thank u :(,4d31326ca270410b8fb6e34c74465d91
spotify:track:0uEp9E98JB5awlA084uaIg,4f168741900f4f19979a06dcbd50e408,2025-10-06T07:14:52Z,3,BEAUTIFUL choice ,4d31326ca270410b8fb6e34c74465d91
spotify:track:25u1ohVuLSEcTaFjIXNkz3,4f168741900f4f19979a06dcbd50e408,2025-10-06T07:14:52Z,3,I’ve never heard this before and it was so nice!!! Also the album cover takes me out lmao ,4d31326ca270410b8fb6e34c74465d91
spotify:track:2iLxXSM7AOzB4RCNzk4bjd,4f168741900f4f19979a06dcbd50e408,2025-10-06T07:14:52Z,-3,I’m sorry…. The good news is I think a more perfect song will be achieved ,4d31326ca270410b8fb6e34c74465d91
spotify:track:2MvvoeRt8NcOXWESkxWn3g,4f168741900f4f19979a06dcbd50e408,2025-10-06T07:14:52Z,5,This song will never not make me feel SO nostalgic . It captures such an interesting time in life and I do genuinely think this is a song that defines our generation ,4d31326ca270410b8fb6e34c74465d91
spotify:track:2PLYhGXKrJ9fZv55ixWF6R,4f168741900f4f19979a06dcbd50e408,2025-10-06T07:14:52Z,-1,"ILYSM and thank you for being such a pillar in this music league you truly carried the energy 
However this song did simply not do it for me and I gotta downvote something :(",4d31326ca270410b8fb6e34c74465d91
spotify:track:3DamFFqW32WihKkTVlwTYQ,4f168741900f4f19979a06dcbd50e408,2025-10-06T07:14:52Z,2,"Tbh when I first saw someone submitted this I was like… girl wtf
But when I listened I was like ok yk what yeah",4d31326ca270410b8fb6e34c74465d91
spotify:track:3ePgqvrRvuyt7crAhualns,4f168741900f4f19979a06dcbd50e408,2025-10-06T07:14:52Z,1,HI SHANE! Honestly.. this song fucks hard but this is a stacked lineup.. but u deserve positive points for this ,4d31326ca270410b8fb6e34c74465d91
spotify:track:3PUMPtOSeXSJsBvK43K96b,4f168741900f4f19979a06dcbd50e408,2025-10-06T07:14:52Z,4,Never heard this before and know nothing about the lore but I loved this so much it’s gonna make me dive In more ,4d31326ca270410b8fb6e34c74465d91
spotify:track:4U45aEWtQhrm8A5mxPaFZ7,4f168741900f4f19979a06dcbd50e408,2025-10-06T07:14:52Z,5,"Honestly needed to hear this right now, I always forget how amazing this song is, you get full points from me ",4d31326ca270410b8fb6e34c74465d91
spotify:track:6mFkJmJqdDVQ1REhVfGgd1,4f168741900f4f19979a06dcbd50e408,2025-10-06T07:14:52Z,-3,"I love the story you have told, thank you for sharing, and it goes to show how important music is in our lives and why I love this league so much 
However I must downvote Pink Floyd bc I have never understood or vibed w their music for some reason <\3",4d31326ca270410b8fb6e34c74465d91
spotify:track:6r2BECwMgEoRb5yLfp0Hca,4f168741900f4f19979a06dcbd50e408,2025-10-06T07:14:52Z,2,"This song is a classic, Gaga will be famous forever. ",4d31326ca270410b8fb6e34c74465d91
spotify:track:7CX4fbtJXUvlV7RNNqBOpO,4f168741900f4f19979a06dcbd50e408,2025-10-06T07:14:52Z,3,"Such a time capsule of a band and they’ll always have such a special place in my heart, great song choice ",4d31326ca270410b8fb6e34c74465d91
